"","water_year","month","date","species","run","source_tank_id","surgeon","crew","vial_number","weight_gr","fork_length_mm","tag_id_hex","tag_activation_date","anesthetic_time_mmss","anesthetic_time_sec","surgery_time_mmss","surgery_time_sec","recovery_time_mmss","recovery_time_sec","comments","release_container_id","release_id","post_tagging_tank","entered_by","qaqc_by","qaqc_comments"
"1","2024","Dec",2023-12-05,"Chinook Salmon","late-fall","BT-1","NJ","AP","1",NA,NA,"25A3",2023-12-04,NA,NA,NA,NA,NA,NA,"During this tagging session, issues with GeoOptix resulted in the loss of fish data and only 70 fish tagged ","RT-1","2023-12-06 RT-1",NA,"EH","PH",""
"2","2024","Dec",2023-12-05,"Chinook Salmon","late-fall","BT-1","NJ","AP","2",NA,NA,"2262",2023-12-04,NA,NA,NA,NA,NA,NA,"During this tagging session, issues with GeoOptix resulted in the loss of fish data and only 70 fish tagged ","RT-1","2023-12-06 RT-1",NA,"EH","PH",""
"3","2024","Dec",2023-12-05,"Chinook Salmon","late-fall","BT-1","NJ","AP","3",NA,NA,"2244",2023-12-04,NA,NA,NA,NA,NA,NA,"During this tagging session, issues with GeoOptix resulted in the loss of fish data and only 70 fish tagged ","RT-1","2023-12-06 RT-1",NA,"EH","PH",""
"4","2024","Dec",2023-12-05,"Chinook Salmon","late-fall","BT-1","NJ","AP","4",NA,NA,"25A1",2023-12-04,NA,NA,NA,NA,NA,NA,"During this tagging session, issues with GeoOptix resulted in the loss of fish data and only 70 fish tagged ","RT-1","2023-12-06 RT-1",NA,"EH","PH",""
"5","2024","Dec",2023-12-05,"Chinook Salmon","late-fall","BT-1","NJ","AP","5",NA,NA,"24DA",2023-12-04,NA,NA,NA,NA,NA,NA,"During this tagging session, issues with GeoOptix resulted in the loss of fish data and only 70 fish tagged ","RT-1","2023-12-06 RT-1",NA,"EH","PH",""
"6","2024","Dec",2023-12-05,"Chinook Salmon","late-fall","BT-1","NJ","AP","6",NA,NA,"2265",2023-12-04,NA,NA,NA,NA,NA,NA,"During this tagging session, issues with GeoOptix resulted in the loss of fish data and only 70 fish tagged ","RT-1","2023-12-06 RT-1",NA,"EH","PH",""
"7","2024","Dec",2023-12-05,"Chinook Salmon","late-fall","BT-1","NJ","AP","7",NA,NA,"24EB",2023-12-04,NA,NA,NA,NA,NA,NA,"During this tagging session, issues with GeoOptix resulted in the loss of fish data and only 70 fish tagged ","RT-1","2023-12-06 RT-1",NA,"EH","PH",""
"8","2024","Dec",2023-12-05,"Chinook Salmon","late-fall","BT-1","NJ","AP","8",NA,NA,"2539",2023-12-04,NA,NA,NA,NA,NA,NA,"During this tagging session, issues with GeoOptix resulted in the loss of fish data and only 70 fish tagged ","RT-1","2023-12-06 RT-1",NA,"EH","PH",""
"9","2024","Dec",2023-12-05,"Chinook Salmon","late-fall","BT-1","NJ","AP","9",NA,NA,"26D9",2023-12-04,NA,NA,NA,NA,NA,NA,"During this tagging session, issues with GeoOptix resulted in the loss of fish data and only 70 fish tagged ","RT-1","2023-12-06 RT-1",NA,"EH","PH",""
"10","2024","Dec",2023-12-05,"Chinook Salmon","late-fall","BT-1","NJ","AP","10",NA,NA,"266A",2023-12-04,NA,NA,NA,NA,NA,NA,"During this tagging session, issues with GeoOptix resulted in the loss of fish data and only 70 fish tagged ","RT-1","2023-12-06 RT-1",NA,"EH","PH",""
"11","2024","Dec",2023-12-05,"Chinook Salmon","late-fall","BT-1","NJ","AP","11",NA,NA,"1E54",2023-12-04,NA,NA,NA,NA,NA,NA,"During this tagging session, issues with GeoOptix resulted in the loss of fish data and only 70 fish tagged ","RT-2","2023-12-06 RT-2",NA,"EH","PH",""
"12","2024","Dec",2023-12-05,"Chinook Salmon","late-fall","BT-1","NJ","AP","12",NA,NA,"2915",2023-12-04,NA,NA,NA,NA,NA,NA,"During this tagging session, issues with GeoOptix resulted in the loss of fish data and only 70 fish tagged ","RT-2","2023-12-06 RT-2",NA,"EH","PH",""
"13","2024","Dec",2023-12-05,"Chinook Salmon","late-fall","BT-1","NJ","AP","13",NA,NA,"1ED4",2023-12-04,NA,NA,NA,NA,NA,NA,"During this tagging session, issues with GeoOptix resulted in the loss of fish data and only 70 fish tagged ","RT-2","2023-12-06 RT-2",NA,"EH","PH",""
"14","2024","Dec",2023-12-05,"Chinook Salmon","late-fall","BT-1","NJ","AP","14",NA,NA,"23A6",2023-12-04,NA,NA,NA,NA,NA,NA,"During this tagging session, issues with GeoOptix resulted in the loss of fish data and only 70 fish tagged ","RT-2","2023-12-06 RT-2",NA,"EH","PH",""
"15","2024","Dec",2023-12-05,"Chinook Salmon","late-fall","BT-1","NJ","AP","15",NA,NA,"26CD",2023-12-04,NA,NA,NA,NA,NA,NA,"During this tagging session, issues with GeoOptix resulted in the loss of fish data and only 70 fish tagged ","RT-2","2023-12-06 RT-2",NA,"EH","PH",""
"16","2024","Dec",2023-12-05,"Chinook Salmon","late-fall","BT-1","NJ","AP","16",NA,NA,"2865",2023-12-04,NA,NA,NA,NA,NA,NA,"During this tagging session, issues with GeoOptix resulted in the loss of fish data and only 70 fish tagged ","RT-2","2023-12-06 RT-2",NA,"EH","PH",""
"17","2024","Dec",2023-12-05,"Chinook Salmon","late-fall","BT-1","NJ","AP","17",NA,NA,"25C8",2023-12-04,NA,NA,NA,NA,NA,NA,"During this tagging session, issues with GeoOptix resulted in the loss of fish data and only 70 fish tagged ","RT-2","2023-12-06 RT-2",NA,"EH","PH",""
"18","2024","Dec",2023-12-05,"Chinook Salmon","late-fall","BT-1","NJ","AP","18",NA,NA,"226C",2023-12-04,NA,NA,NA,NA,NA,NA,"During this tagging session, issues with GeoOptix resulted in the loss of fish data and only 70 fish tagged ","RT-2","2023-12-06 RT-2",NA,"EH","PH",""
"19","2024","Dec",2023-12-05,"Chinook Salmon","late-fall","BT-1","NJ","AP","19",NA,NA,"2597",2023-12-04,NA,NA,NA,NA,NA,NA,"During this tagging session, issues with GeoOptix resulted in the loss of fish data and only 70 fish tagged ","RT-2","2023-12-06 RT-2",NA,"EH","PH",""
"20","2024","Dec",2023-12-05,"Chinook Salmon","late-fall","BT-1","NJ","AP","20",NA,NA,"2665",2023-12-04,NA,NA,NA,NA,NA,NA,"During this tagging session, issues with GeoOptix resulted in the loss of fish data and only 70 fish tagged ","RT-2","2023-12-06 RT-2",NA,"EH","PH",""
"21","2024","Dec",2023-12-05,"Chinook Salmon","late-fall","BT-1","NJ","AP","21",NA,NA,"25B5",2023-12-04,NA,NA,NA,NA,NA,NA,"During this tagging session, issues with GeoOptix resulted in the loss of fish data and only 70 fish tagged ","RT-3","2023-12-06 RT-3",NA,"EH","PH",""
"22","2024","Dec",2023-12-05,"Chinook Salmon","late-fall","BT-1","NJ","AP","22",NA,NA,"225E",2023-12-04,NA,NA,NA,NA,NA,NA,"During this tagging session, issues with GeoOptix resulted in the loss of fish data and only 70 fish tagged ","RT-3","2023-12-06 RT-3",NA,"EH","PH",""
"23","2024","Dec",2023-12-05,"Chinook Salmon","late-fall","BT-1","NJ","AP","23",NA,NA,"2664",2023-12-04,NA,NA,NA,NA,NA,NA,"During this tagging session, issues with GeoOptix resulted in the loss of fish data and only 70 fish tagged ","RT-3","2023-12-06 RT-3",NA,"EH","PH",""
"24","2024","Dec",2023-12-05,"Chinook Salmon","late-fall","BT-1","NJ","AP","24",NA,NA,"224D",2023-12-04,NA,NA,NA,NA,NA,NA,"During this tagging session, issues with GeoOptix resulted in the loss of fish data and only 70 fish tagged ","RT-3","2023-12-06 RT-3",NA,"EH","PH",""
"25","2024","Dec",2023-12-05,"Chinook Salmon","late-fall","BT-1","NJ","AP","25",NA,NA,"26E8",2023-12-04,NA,NA,NA,NA,NA,NA,"During this tagging session, issues with GeoOptix resulted in the loss of fish data and only 70 fish tagged ","RT-3","2023-12-06 RT-3",NA,"EH","PH",""
"26","2024","Dec",2023-12-05,"Chinook Salmon","late-fall","BT-1","NJ","AP","26",NA,NA,"272E",2023-12-04,NA,NA,NA,NA,NA,NA,"During this tagging session, issues with GeoOptix resulted in the loss of fish data and only 70 fish tagged ","RT-3","2023-12-06 RT-3",NA,"EH","PH",""
"27","2024","Dec",2023-12-05,"Chinook Salmon","late-fall","BT-1","NJ","AP","27",NA,NA,"22DB",2023-12-04,NA,NA,NA,NA,NA,NA,"During this tagging session, issues with GeoOptix resulted in the loss of fish data and only 70 fish tagged ","RT-3","2023-12-06 RT-3",NA,"EH","PH",""
"28","2024","Dec",2023-12-05,"Chinook Salmon","late-fall","BT-1","NJ","AP","28",NA,NA,"2571",2023-12-04,NA,NA,NA,NA,NA,NA,"During this tagging session, issues with GeoOptix resulted in the loss of fish data and only 70 fish tagged ","RT-3","2023-12-06 RT-3",NA,"EH","PH",""
"29","2024","Dec",2023-12-05,"Chinook Salmon","late-fall","BT-1","NJ","AP","29",NA,NA,"20A9",2023-12-04,NA,NA,NA,NA,NA,NA,"During this tagging session, issues with GeoOptix resulted in the loss of fish data and only 70 fish tagged ","RT-3","2023-12-06 RT-3",NA,"EH","PH",""
"30","2024","Dec",2023-12-05,"Chinook Salmon","late-fall","BT-1","NJ","AP","30",NA,NA,"209A",2023-12-04,NA,NA,NA,NA,NA,NA,"During this tagging session, issues with GeoOptix resulted in the loss of fish data and only 70 fish tagged ","RT-3","2023-12-06 RT-3",NA,"EH","PH",""
"31","2024","Dec",2023-12-05,"Chinook Salmon","late-fall","BT-1","NJ","AP","31",NA,NA,"25AE",2023-12-04,NA,NA,NA,NA,NA,NA,"During this tagging session, issues with GeoOptix resulted in the loss of fish data and only 70 fish tagged ","RT-4","2023-12-06 RT-4",NA,"EH","PH",""
"32","2024","Dec",2023-12-05,"Chinook Salmon","late-fall","BT-1","NJ","AP","32",NA,NA,"2054",2023-12-04,NA,NA,NA,NA,NA,NA,"During this tagging session, issues with GeoOptix resulted in the loss of fish data and only 70 fish tagged ","RT-4","2023-12-06 RT-4",NA,"EH","PH",""
"33","2024","Dec",2023-12-05,"Chinook Salmon","late-fall","BT-1","NJ","AP","33",NA,NA,"2726",2023-12-04,NA,NA,NA,NA,NA,NA,"During this tagging session, issues with GeoOptix resulted in the loss of fish data and only 70 fish tagged ","RT-4","2023-12-06 RT-4",NA,"EH","PH",""
"34","2024","Dec",2023-12-05,"Chinook Salmon","late-fall","BT-1","NJ","AP","34",NA,NA,"2558",2023-12-04,NA,NA,NA,NA,NA,NA,"During this tagging session, issues with GeoOptix resulted in the loss of fish data and only 70 fish tagged ","RT-4","2023-12-06 RT-4",NA,"EH","PH",""
"35","2024","Dec",2023-12-05,"Chinook Salmon","late-fall","BT-1","NJ","AP","35",NA,NA,"2289",2023-12-04,NA,NA,NA,NA,NA,NA,"During this tagging session, issues with GeoOptix resulted in the loss of fish data and only 70 fish tagged ","RT-4","2023-12-06 RT-4",NA,"EH","PH",""
"36","2024","Dec",2023-12-05,"Chinook Salmon","late-fall","BT-1","NJ","AP","36",NA,NA,"20D6",2023-12-04,NA,NA,NA,NA,NA,NA,"During this tagging session, issues with GeoOptix resulted in the loss of fish data and only 70 fish tagged ","RT-4","2023-12-06 RT-4",NA,"EH","PH",""
"37","2024","Dec",2023-12-05,"Chinook Salmon","late-fall","BT-1","NJ","AP","37",NA,NA,"26BC",2023-12-04,NA,NA,NA,NA,NA,NA,"During this tagging session, issues with GeoOptix resulted in the loss of fish data and only 70 fish tagged ","RT-4","2023-12-06 RT-4",NA,"EH","PH",""
"38","2024","Dec",2023-12-05,"Chinook Salmon","late-fall","BT-1","NJ","AP","38",NA,NA,"2853",2023-12-04,NA,NA,NA,NA,NA,NA,"During this tagging session, issues with GeoOptix resulted in the loss of fish data and only 70 fish tagged ","RT-4","2023-12-06 RT-4",NA,"EH","PH",""
"39","2024","Dec",2023-12-05,"Chinook Salmon","late-fall","BT-1","NJ","AP","39",NA,NA,"2752",2023-12-04,NA,NA,NA,NA,NA,NA,"During this tagging session, issues with GeoOptix resulted in the loss of fish data and only 70 fish tagged ","RT-4","2023-12-06 RT-4",NA,"EH","PH",""
"40","2024","Dec",2023-12-05,"Chinook Salmon","late-fall","BT-1","NJ","AP","40",NA,NA,"25B2",2023-12-04,NA,NA,NA,NA,NA,NA,"During this tagging session, issues with GeoOptix resulted in the loss of fish data and only 70 fish tagged ","RT-4","2023-12-06 RT-4",NA,"EH","PH"," "
"41","2024","Dec",2023-12-05,"Chinook Salmon","late-fall","BT-2","AP","NJ","41",NA,NA,"246A",2023-12-04,NA,NA,NA,NA,NA,NA,"During this tagging session, issues with GeoOptix resulted in the loss of fish data and only 70 fish tagged ","RT-5","2023-12-06 RT-5",NA,"EH","PH",""
"42","2024","Dec",2023-12-05,"Chinook Salmon","late-fall","BT-2","AP","NJ","42",NA,NA,"22CD",2023-12-04,NA,NA,NA,NA,NA,NA,"During this tagging session, issues with GeoOptix resulted in the loss of fish data and only 70 fish tagged ","RT-5","2023-12-06 RT-5",NA,"EH","PH",""
"43","2024","Dec",2023-12-05,"Chinook Salmon","late-fall","BT-2","AP","NJ","43",NA,NA,"2326",2023-12-04,NA,NA,NA,NA,NA,NA,"During this tagging session, issues with GeoOptix resulted in the loss of fish data and only 70 fish tagged ","RT-5","2023-12-06 RT-5",NA,"EH","PH",""
"44","2024","Dec",2023-12-05,"Chinook Salmon","late-fall","BT-2","AP","NJ","44",NA,NA,"2517",2023-12-04,NA,NA,NA,NA,NA,NA,"During this tagging session, issues with GeoOptix resulted in the loss of fish data and only 70 fish tagged ","RT-5","2023-12-06 RT-5",NA,"EH","PH",""
"45","2024","Dec",2023-12-05,"Chinook Salmon","late-fall","BT-2","AP","NJ","45",NA,NA,"265E",2023-12-04,NA,NA,NA,NA,NA,NA,"During this tagging session, issues with GeoOptix resulted in the loss of fish data and only 70 fish tagged ","RT-5","2023-12-06 RT-5",NA,"EH","PH",""
"46","2024","Dec",2023-12-05,"Chinook Salmon","late-fall","BT-2","AP","NJ","46",NA,NA,"21A6",2023-12-04,NA,NA,NA,NA,NA,NA,"During this tagging session, issues with GeoOptix resulted in the loss of fish data and only 70 fish tagged ","RT-5","2023-12-06 RT-5",NA,"EH","PH",""
"47","2024","Dec",2023-12-05,"Chinook Salmon","late-fall","BT-2","AP","NJ","47",NA,NA,"2250",2023-12-04,NA,NA,NA,NA,NA,NA,"During this tagging session, issues with GeoOptix resulted in the loss of fish data and only 70 fish tagged ","RT-5","2023-12-06 RT-5",NA,"EH","PH",""
"48","2024","Dec",2023-12-05,"Chinook Salmon","late-fall","BT-2","AP","NJ","48",NA,NA,"246B",2023-12-04,NA,NA,NA,NA,NA,NA,"During this tagging session, issues with GeoOptix resulted in the loss of fish data and only 70 fish tagged ","RT-5","2023-12-06 RT-5",NA,"EH","PH",""
"49","2024","Dec",2023-12-05,"Chinook Salmon","late-fall","BT-2","AP","NJ","49",NA,NA,"2762",2023-12-04,NA,NA,NA,NA,NA,NA,"During this tagging session, issues with GeoOptix resulted in the loss of fish data and only 70 fish tagged ","RT-5","2023-12-06 RT-5",NA,"EH","PH",""
"50","2024","Dec",2023-12-05,"Chinook Salmon","late-fall","BT-2","AP","NJ","50",NA,NA,"2252",2023-12-04,NA,NA,NA,NA,NA,NA,"During this tagging session, issues with GeoOptix resulted in the loss of fish data and only 70 fish tagged ","RT-5","2023-12-06 RT-5",NA,"EH","PH",""
"51","2024","Dec",2023-12-05,"Chinook Salmon","late-fall","BT-2","AP","NJ","51",NA,NA,"26A9",2023-12-04,NA,NA,NA,NA,NA,NA,"During this tagging session, issues with GeoOptix resulted in the loss of fish data and only 70 fish tagged ","RT-6","2023-12-06 RT-6",NA,"EH","PH",""
"52","2024","Dec",2023-12-05,"Chinook Salmon","late-fall","BT-2","AP","NJ","52",NA,NA,"252D",2023-12-04,NA,NA,NA,NA,NA,NA,"During this tagging session, issues with GeoOptix resulted in the loss of fish data and only 70 fish tagged ","RT-6","2023-12-06 RT-6",NA,"EH","PH",""
"53","2024","Dec",2023-12-05,"Chinook Salmon","late-fall","BT-2","AP","NJ","53",NA,NA,"26BB",2023-12-04,NA,NA,NA,NA,NA,NA,"During this tagging session, issues with GeoOptix resulted in the loss of fish data and only 70 fish tagged ","RT-6","2023-12-06 RT-6",NA,"EH","PH",""
"54","2024","Dec",2023-12-05,"Chinook Salmon","late-fall","BT-1","AP","NJ","54",NA,NA,"290C",2023-12-04,NA,NA,NA,NA,NA,NA,"During this tagging session, issues with GeoOptix resulted in the loss of fish data and only 70 fish tagged ","RT-6","2023-12-06 RT-6",NA,"EH","PH",""
"55","2024","Dec",2023-12-05,"Chinook Salmon","late-fall","BT-2","AP","NJ","55",NA,NA,"2910",2023-12-04,NA,NA,NA,NA,NA,NA,"During this tagging session, issues with GeoOptix resulted in the loss of fish data and only 70 fish tagged ","RT-6","2023-12-06 RT-6",NA,"EH","PH",""
"56","2024","Dec",2023-12-05,"Chinook Salmon","late-fall","BT-2","AP","NJ","56",NA,NA,"24BE",2023-12-04,NA,NA,NA,NA,NA,NA,"During this tagging session, issues with GeoOptix resulted in the loss of fish data and only 70 fish tagged ","RT-6","2023-12-06 RT-6",NA,"EH","PH",""
"57","2024","Dec",2023-12-05,"Chinook Salmon","late-fall","BT-2","AP","NJ","57",NA,NA,"25B4",2023-12-04,NA,NA,NA,NA,NA,NA,"During this tagging session, issues with GeoOptix resulted in the loss of fish data and only 70 fish tagged ","RT-6","2023-12-06 RT-6",NA,"EH","PH",""
"58","2024","Dec",2023-12-05,"Chinook Salmon","late-fall","BT-2","AP","NJ","58",NA,NA,"1EA4",2023-12-04,NA,NA,NA,NA,NA,NA,"During this tagging session, issues with GeoOptix resulted in the loss of fish data and only 70 fish tagged ","RT-6","2023-12-06 RT-6",NA,"EH","PH",""
"59","2024","Dec",2023-12-05,"Chinook Salmon","late-fall","BT-2","AP","NJ","59",NA,NA,"2553",2023-12-04,NA,NA,NA,NA,NA,NA,"During this tagging session, issues with GeoOptix resulted in the loss of fish data and only 70 fish tagged ","RT-6","2023-12-06 RT-6",NA,"EH","PH",""
"60","2024","Dec",2023-12-05,"Chinook Salmon","late-fall","BT-2","AP","NJ","60",NA,NA,"24E2",2023-12-04,NA,NA,NA,NA,NA,NA,"During this tagging session, issues with GeoOptix resulted in the loss of fish data and only 70 fish tagged ","RT-6","2023-12-06 RT-6",NA,"EH","PH",""
"61","2024","Dec",2023-12-05,"Chinook Salmon","late-fall","BT-2","AP","NJ","61",NA,NA,"2528",2023-12-04,NA,NA,NA,NA,NA,NA,"During this tagging session, issues with GeoOptix resulted in the loss of fish data and only 70 fish tagged ","RT-7","2023-12-06 RT-7",NA,"EH","PH",""
"62","2024","Dec",2023-12-05,"Chinook Salmon","late-fall","BT-2","AP","NJ","62",NA,NA,"22D8",2023-12-04,NA,NA,NA,NA,NA,NA,"During this tagging session, issues with GeoOptix resulted in the loss of fish data and only 70 fish tagged ","RT-7","2023-12-06 RT-7",NA,"EH","PH",""
"63","2024","Dec",2023-12-05,"Chinook Salmon","late-fall","BT-2","AP","NJ","63",NA,NA,"20BA",2023-12-04,NA,NA,NA,NA,NA,NA,"During this tagging session, issues with GeoOptix resulted in the loss of fish data and only 70 fish tagged ","RT-7","2023-12-06 RT-7",NA,"EH","PH",""
"64","2024","Dec",2023-12-05,"Chinook Salmon","late-fall","BT-2","AP","NJ","64",NA,NA,"22D9",2023-12-04,NA,NA,NA,NA,NA,NA,"During this tagging session, issues with GeoOptix resulted in the loss of fish data and only 70 fish tagged ","RT-7","2023-12-06 RT-7",NA,"EH","PH",""
"65","2024","Dec",2023-12-05,"Chinook Salmon","late-fall","BT-2","AP","NJ","65",NA,NA,"2636",2023-12-04,NA,NA,NA,NA,NA,NA,"During this tagging session, issues with GeoOptix resulted in the loss of fish data and only 70 fish tagged ","RT-7","2023-12-06 RT-7",NA,"EH","PH",""
"66","2024","Dec",2023-12-05,"Chinook Salmon","late-fall","BT-2","AP","NJ","66",NA,NA,"249A",2023-12-04,NA,NA,NA,NA,NA,NA,"During this tagging session, issues with GeoOptix resulted in the loss of fish data and only 70 fish tagged ","RT-7","2023-12-06 RT-7",NA,"EH","PH",""
"67","2024","Dec",2023-12-05,"Chinook Salmon","late-fall","BT-2","AP","NJ","67",NA,NA,"1DDA",2023-12-04,NA,NA,NA,NA,NA,NA,"During this tagging session, issues with GeoOptix resulted in the loss of fish data and only 70 fish tagged ","RT-7","2023-12-06 RT-7",NA,"EH","PH",""
"68","2024","Dec",2023-12-05,"Chinook Salmon","late-fall","BT-2","AP","NJ","68",NA,NA,"2145",2023-12-04,NA,NA,NA,NA,NA,NA,"During this tagging session, issues with GeoOptix resulted in the loss of fish data and only 70 fish tagged ","RT-7","2023-12-06 RT-7",NA,"EH","PH",""
"69","2024","Dec",2023-12-05,"Chinook Salmon","late-fall","BT-2","AP","NJ","69",NA,NA,"2921",2023-12-04,NA,NA,NA,NA,NA,NA,"During this tagging session, issues with GeoOptix resulted in the loss of fish data and only 70 fish tagged ","RT-7","2023-12-06 RT-7",NA,"EH","PH",""
"70","2024","Dec",2023-12-05,"Chinook Salmon","late-fall","BT-2","AP","NJ","70",NA,NA,"26D4",2023-12-04,NA,NA,NA,NA,NA,NA,"During this tagging session, issues with GeoOptix resulted in the loss of fish data and only 70 fish tagged ","RT-7","2023-12-06 RT-7",NA,"EH","PH",""
"71","2024","Dec",2023-12-06,"Chinook Salmon","late-fall","BT-3","NJ","AP","1",22.4,134,"236A",2023-12-05,"3:12",192,"2:35",155,"2:57",177,"","RT-9","2023-12-07 RT-9",NA,"EH","PH",""
"72","2024","Dec",2023-12-06,"Chinook Salmon","late-fall","BT-3","NJ","AP","2",40.6,158,"28F4",2023-12-05,"4:20",260,"2:15",135,"1:52",112,"","RT-9","2023-12-07 RT-9",NA,"EH","PH",""
"73","2024","Dec",2023-12-06,"Chinook Salmon","late-fall","BT-3","NJ","AP","3",29,145,"24B8",2023-12-05,"4:47",287,"1:37",97,"1:53",113,"","RT-9","2023-12-07 RT-9",NA,"EH","PH",""
"74","2024","Dec",2023-12-06,"Chinook Salmon","late-fall","BT-3","NJ","AP","4",7.3,89,"243A",2023-12-05,"3:34",214,"2:08",128,"2:14",134,"","RT-9","2023-12-07 RT-9",NA,"EH","PH",""
"75","2024","Dec",2023-12-06,"Chinook Salmon","late-fall","BT-3","NJ","AP","5",32.5,147,"2534",2023-12-05,"4:26",266,"1:41",101,"1:57",117,"","RT-9","2023-12-07 RT-9",NA,"EH","PH",""
"76","2024","Dec",2023-12-06,"Chinook Salmon","late-fall","BT-3","NJ","AP","6",20.5,131,"275B",2023-12-05,"4:07",247,"1:38",98,"2:49",169,"","RT-9","2023-12-07 RT-9",NA,"EH","PH",""
"77","2024","Dec",2023-12-06,"Chinook Salmon","late-fall","BT-3","NJ","AP","7",57.2,170,"1EB2",2023-12-05,"4:10",250,"3:19",199,"2:05",125,"","RT-9","2023-12-07 RT-9",NA,"EH","PH",""
"78","2024","Dec",2023-12-06,"Chinook Salmon","late-fall","BT-3","NJ","AP","8",8.3,95,"2586",2023-12-05,"4:44",284,"2:29",149,"2:07",127,"","RT-9","2023-12-07 RT-9",NA,"EH","PH",""
"79","2024","Dec",2023-12-06,"Chinook Salmon","late-fall","BT-3","NJ","AP","9",30.6,142,"235B",2023-12-05,"4:23",263,"1:58",118,"4:15",255,"","RT-9","2023-12-07 RT-9",NA,"EH","PH",""
"80","2024","Dec",2023-12-06,"Chinook Salmon","late-fall","BT-3","NJ","AP","10",39.8,158,"222A",2023-12-05,"4:12",252,"3:50",230,"1:03",63,"","RT-9","2023-12-07 RT-9",NA,"EH","PH",""
"81","2024","Dec",2023-12-06,"Chinook Salmon","late-fall","BT-3","NJ","AP","11",58.2,172,"2911",2023-12-05,"4:28",268,"1:54",114,"3:26",206,"","RT-10","2023-12-07 RT-10",NA,"EH","PH",""
"82","2024","Dec",2023-12-06,"Chinook Salmon","late-fall","BT-3","NJ","AP","12",10.7,105,"2295",2023-12-05,"4:29",269,"2:16",136,"4:22",262,"","RT-10","2023-12-07 RT-10",NA,"EH","PH",""
"83","2024","Dec",2023-12-06,"Chinook Salmon","late-fall","BT-3","NJ","AP","13",60.1,180,"2774",2023-12-05,"4:29",269,"2:01",121,"2:49",169,"","RT-10","2023-12-07 RT-10",NA,"EH","PH",""
"84","2024","Dec",2023-12-06,"Chinook Salmon","late-fall","BT-3","NJ","AP","14",20.9,132,"272A",2023-12-05,"3:26",206,"2:12",132,"2:07",127,"","RT-10","2023-12-07 RT-10",NA,"EH","PH",""
"85","2024","Dec",2023-12-06,"Chinook Salmon","late-fall","BT-3","NJ","AP","15",65,167,"254E",2023-12-05,"4:39",279,"2:01",121,"1:52",112,"","RT-10","2023-12-07 RT-10",NA,"EH","PH",""
"86","2024","Dec",2023-12-06,"Chinook Salmon","late-fall","BT-3","NJ","AP","16",12.1,141,"2689",2023-12-05,"3:56",236,"2:02",122,"2:13",133,"","RT-10","2023-12-07 RT-10",NA,"EH","PH",""
"87","2024","Dec",2023-12-06,"Chinook Salmon","late-fall","BT-3","NJ","AP","17",22.6,132,"2765",2023-12-05,"3:44",224,"1:45",105,"1:11",71,"","RT-10","2023-12-07 RT-10",NA,"EH","PH",""
"88","2024","Dec",2023-12-06,"Chinook Salmon","late-fall","BT-3","NJ","AP","18",9.8,100,"24D2",2023-12-05,"4:41",281,"2:20",140,"1:44",104,"","RT-10","2023-12-07 RT-10",NA,"EH","PH",""
"89","2024","Dec",2023-12-06,"Chinook Salmon","late-fall","BT-3","NJ","AP","19",40.6,160,"24D9",2023-12-05,"4:05",245,"1:50",110,"2:59",179,"","RT-10","2023-12-07 RT-10",NA,"EH","PH",""
"90","2024","Dec",2023-12-06,"Chinook Salmon","late-fall","BT-3","NJ","AP","20",21.2,135,"1E94",2023-12-05,"4:26",266,"1:36",96,"1:44",104,"","RT-10","2023-12-07 RT-10",NA,"EH","PH",""
"91","2024","Dec",2023-12-06,"Chinook Salmon","late-fall","BT-3","NJ","AP","21",21.3,138,"2351",2023-12-05,"4:27",267,"2:35",155,"1:35",95,"","RT-11","2023-12-07 RT-11",NA,"EH","PH",""
"92","2024","Dec",2023-12-06,"Chinook Salmon","late-fall","BT-3","NJ","AP","22",34.8,150,"2511",2023-12-05,"4:02",242,"1:56",116,"2:23",143,"","RT-11","2023-12-07 RT-11",NA,"EH","PH",""
"93","2024","Dec",2023-12-06,"Chinook Salmon","late-fall","BT-3","NJ","AP","23",20.4,130,"215A",2023-12-05,"3:58",238,"1:41",101,"1:28",88,"","RT-11","2023-12-07 RT-11",NA,"EH","PH",""
"94","2024","Dec",2023-12-06,"Chinook Salmon","late-fall","BT-3","NJ","AP","24",47.8,167,"20A5",2023-12-05,"3:40",220,"1:41",101,"1:39",99,"","RT-11","2023-12-07 RT-11",NA,"EH","PH",""
"95","2024","Dec",2023-12-06,"Chinook Salmon","late-fall","BT-3","NJ","AP","25",17,123,"248D",2023-12-05,"3:56",236,"1:41",101,"1:53",113,"","RT-11","2023-12-07 RT-11",NA,"EH","PH",""
"96","2024","Dec",2023-12-06,"Chinook Salmon","late-fall","BT-3","NJ","AP","26",18.8,123,"2094",2023-12-05,"4:50",290,"1:53",113,"1:46",106,"","RT-11","2023-12-07 RT-11",NA,"EH","PH",""
"97","2024","Dec",2023-12-06,"Chinook Salmon","late-fall","BT-3","NJ","AP","27",60.1,177,"22B1",2023-12-05,"4:54",294,"1:34",94,"1:37",97,"","RT-11","2023-12-07 RT-11",NA,"EH","PH",""
"98","2024","Dec",2023-12-06,"Chinook Salmon","late-fall","BT-3","NJ","AP","28",29.9,144,"2521",2023-12-05,"4:01",241,"3:25",205,"1:35",95,"","RT-11","2023-12-07 RT-11",NA,"EH","PH",""
"99","2024","Dec",2023-12-06,"Chinook Salmon","late-fall","BT-3","NJ","AP","29",52.1,170,"1EAB",2023-12-05,"4:25",265,"1:36",96,"0:52",52,"","RT-11","2023-12-07 RT-11",NA,"EH","PH",""
"100","2024","Dec",2023-12-06,"Chinook Salmon","late-fall","BT-3","NJ","AP","30",38.6,160,"27DA",2023-12-05,"4:33",273,"1:35",95,"1:42",102,"","RT-11","2023-12-07 RT-11",NA,"EH","PH",""
"101","2024","Dec",2023-12-06,"Chinook Salmon","late-fall","BT-3","NJ","AP","31",10.8,100,"2158",2023-12-05,"4:01",241,"1:58",118,"3:34",214,"","RT-12","2023-12-07 RT-12",NA,"EH","PH",""
"102","2024","Dec",2023-12-06,"Chinook Salmon","late-fall","BT-3","NJ","AP","32",10.4,108,"26D0",2023-12-05,"4:38",278,"1:59",119,"2:49",169,"","RT-12","2023-12-07 RT-12",NA,"EH","PH",""
"103","2024","Dec",2023-12-06,"Chinook Salmon","late-fall","BT-3","NJ","AP","33",29.7,146,"24C9",2023-12-05,"4:10",250,"1:17",77,"2:04",124,"","RT-12","2023-12-07 RT-12",NA,"EH","PH",""
"104","2024","Dec",2023-12-06,"Chinook Salmon","late-fall","BT-3","NJ","AP","34",18.2,125,"290B",2023-12-05,"4:33",273,"1:51",111,"2:06",126,"","RT-12","2023-12-07 RT-12",NA,"EH","PH",""
"105","2024","Dec",2023-12-06,"Chinook Salmon","late-fall","BT-3","NJ","AP","35",39.9,157,"2229",2023-12-05,"4:19",259,"1:27",87,"1:33",93,"","RT-12","2023-12-07 RT-12",NA,"EH","PH",""
"106","2024","Dec",2023-12-06,"Chinook Salmon","late-fall","BT-3","NJ","AP","36",18.5,121,"2531",2023-12-05,"3:08",188,"1:34",94,"2:33",153,"","RT-12","2023-12-07 RT-12",NA,"EH","PH",""
"107","2024","Dec",2023-12-06,"Chinook Salmon","late-fall","BT-3","NJ","AP","37",14.2,110,"26EA",2023-12-05,"4:15",255,"1:45",105,"1:08",68,"","RT-12","2023-12-07 RT-12",NA,"EH","PH",""
"108","2024","Dec",2023-12-06,"Chinook Salmon","late-fall","BT-3","NJ","AP","38",13.8,115,"26B2",2023-12-05,"3:44",224,"2:03",123,"1:51",111,"","RT-12","2023-12-07 RT-12",NA,"EH","PH",""
"109","2024","Dec",2023-12-06,"Chinook Salmon","late-fall","BT-3","NJ","AP","39",29,136,"2168",2023-12-05,"3:41",221,"1:38",98,"1:44",104,"","RT-12","2023-12-07 RT-12",NA,"EH","PH",""
"110","2024","Dec",2023-12-06,"Chinook Salmon","late-fall","BT-3","NJ","AP","40",50.7,171,"2194",2023-12-05,"3:41",221,"1:28",88,"1:54",114,"","RT-12","2023-12-07 RT-12",NA,"EH","PH",""
"111","2024","Dec",2023-12-06,"Chinook Salmon","late-fall","BT-3","AP","NJ","41",9.4,97,"268D",2023-12-05,"4:50",290,"3:37",217,"1:11",71,"","RT-13","2023-12-07 RT-13",NA,"EH","PH",""
"112","2024","Dec",2023-12-06,"Chinook Salmon","late-fall","BT-3","AP","NJ","42",50.2,179,"286A",2023-12-05,"4:56",296,"4:21",261,"4:58",298,"","RT-13","2023-12-07 RT-13",NA,"EH","PH",""
"113","2024","Dec",2023-12-06,"Chinook Salmon","late-fall","BT-3","AP","NJ","43",15.2,120,"1ED5",2023-12-05,"4:24",264,"3:17",197,"2:56",176,"","RT-13","2023-12-07 RT-13",NA,"EH","PH",""
"114","2024","Dec",2023-12-06,"Chinook Salmon","late-fall","BT-3","AP","NJ","44",22.8,136,"2652",2023-12-05,"3:45",225,"3:36",216,"1:13",73,"","RT-13","2023-12-07 RT-13",NA,"EH","PH",""
"115","2024","Dec",2023-12-06,"Chinook Salmon","late-fall","BT-3","AP","NJ","45",29.1,144,"2508",2023-12-05,"4:31",271,"3:08",188,"1:07",67,"","RT-13","2023-12-07 RT-13",NA,"EH","PH",""
"116","2024","Dec",2023-12-06,"Chinook Salmon","late-fall","BT-3","AP","NJ","46",12.2,109,"266E",2023-12-05,"3:28",208,"3:10",190,"4:56",296,"","RT-13","2023-12-07 RT-13",NA,"EH","PH",""
"117","2024","Dec",2023-12-06,"Chinook Salmon","late-fall","BT-3","AP","NJ","47",36,153,"25ED",2023-12-05,"4:56",296,"3:05",185,"4:46",286,"","RT-13","2023-12-07 RT-13",NA,"EH","PH",""
"118","2024","Dec",2023-12-06,"Chinook Salmon","late-fall","BT-6","AP","NJ","48",43.2,165,"292C",2023-12-05,"4:14",254,"2:50",170,"1:44",104,"","RT-13","2023-12-07 RT-13",NA,"EH","PH",""
"119","2024","Dec",2023-12-06,"Chinook Salmon","late-fall","BT-6","AP","NJ","49",12.8,114,"2925",2023-12-05,"4:13",253,"2:47",167,"3:51",231,"","RT-13","2023-12-07 RT-13",NA,"EH","PH",""
"120","2024","Dec",2023-12-06,"Chinook Salmon","late-fall","BT-6","AP","NJ","50",24.1,129,"2822",2023-12-05,"3:19",199,"2:49",169,"2:14",134,"","RT-13","2023-12-07 RT-13",NA,"EH","PH",""
"121","2024","Dec",2023-12-06,"Chinook Salmon","late-fall","BT-6","AP","NJ","51",24.9,138,"24A6",2023-12-05,"3:01",181,"2:35",155,"4:38",278,"","RT-14","2023-12-07 RT-14",NA,"EH","PH",""
"122","2024","Dec",2023-12-06,"Chinook Salmon","late-fall","BT-6","AP","NJ","52",19.9,129,"2542",2023-12-05,"4:56",296,"2:43",163,"2:06",126,"","RT-14","2023-12-07 RT-14",NA,"EH","PH",""
"123","2024","Dec",2023-12-06,"Chinook Salmon","late-fall","BT-6","AP","NJ","53",11.6,104,"2444",2023-12-05,"4:25",265,"2:43",163,"2:05",125,"","RT-14","2023-12-07 RT-14",NA,"EH","PH",""
"124","2024","Dec",2023-12-06,"Chinook Salmon","late-fall","BT-6","AP","NJ","54",44.5,168,"2222",2023-12-05,"4:30",270,"3:38",218,"3:55",235,"","RT-14","2023-12-07 RT-14",NA,"EH","PH",""
"125","2024","Dec",2023-12-06,"Chinook Salmon","late-fall","BT-6","AP","NJ","55",49.1,170,"205A",2023-12-05,"4:18",258,"2:10",130,"3:35",215,"","RT-14","2023-12-07 RT-14",NA,"EH","PH",""
"126","2024","Dec",2023-12-06,"Chinook Salmon","late-fall","BT-6","AP","NJ","56",51.6,170,"2174",2023-12-05,"3:40",220,"2:34",154,"2:59",179,"","RT-14","2023-12-07 RT-14",NA,"EH","PH",""
"127","2024","Dec",2023-12-06,"Chinook Salmon","late-fall","BT-6","AP","NJ","57",44.1,170,"2248",2023-12-05,"3:41",221,"2:56",176,"2:53",173,"","RT-14","2023-12-07 RT-14",NA,"EH","PH",""
"128","2024","Dec",2023-12-06,"Chinook Salmon","late-fall","BT-6","AP","NJ","58",15.2,121,"226A",2023-12-05,"4:47",287,"3:16",196,"3:23",203,"","RT-14","2023-12-07 RT-14",NA,"EH","PH",""
"129","2024","Dec",2023-12-06,"Chinook Salmon","late-fall","BT-6","AP","NJ","59",49.5,171,"2212",2023-12-05,"3:29",209,"4:18",258,"2:42",162,"","RT-14","2023-12-07 RT-14",NA,"EH","PH",""
"130","2024","Dec",2023-12-06,"Chinook Salmon","late-fall","BT-6","AP","NJ","60",34.1,147,"2544",2023-12-05,"3:57",237,"3:41",221,"2:32",152,"","RT-14","2023-12-07 RT-14",NA,"EH","PH",""
"131","2024","Dec",2023-12-06,"Chinook Salmon","late-fall","BT-6","AP","NJ","61",43.7,155,"26B1",2023-12-05,"4:29",269,"1:55",115,"2:23",143,"","RT-15","2023-12-07 RT-15",NA,"EH","PH",""
"132","2024","Dec",2023-12-06,"Chinook Salmon","late-fall","BT-6","AP","NJ","62",30.5,145,"22BC",2023-12-05,"4:04",244,"3:07",187,"3:42",222,"","RT-15","2023-12-07 RT-15",NA,"EH","PH",""
"133","2024","Dec",2023-12-06,"Chinook Salmon","late-fall","BT-6","AP","NJ","63",10.9,111,"248C",2023-12-05,"4:58",298,"2:30",150,"4:12",252,"","RT-15","2023-12-07 RT-15",NA,"EH","PH",""
"134","2024","Dec",2023-12-06,"Chinook Salmon","late-fall","BT-6","AP","NJ","64",42.3,159,"24D4",2023-12-05,"4:26",266,"2:04",124,"3:28",208,"","RT-15","2023-12-07 RT-15",NA,"EH","PH",""
"135","2024","Dec",2023-12-06,"Chinook Salmon","late-fall","BT-6","AP","NJ","65",13.5,116,"2475",2023-12-05,"4:00",240,"2:35",155,"4:10",250,"","RT-15","2023-12-07 RT-15",NA,"EH","PH",""
"136","2024","Dec",2023-12-06,"Chinook Salmon","late-fall","BT-6","AP","NJ","66",26.2,145,"22B8",2023-12-05,"2:14",134,"3:00",180,"4:10",250,"","RT-15","2023-12-07 RT-15",NA,"EH","PH",""
"137","2024","Dec",2023-12-06,"Chinook Salmon","late-fall","BT-6","AP","NJ","67",57.3,180,"1EA9",2023-12-05,"3:56",236,"3:59",239,"3:19",199,"","RT-15","2023-12-07 RT-15",NA,"EH","PH",""
"138","2024","Dec",2023-12-06,"Chinook Salmon","late-fall","BT-6","AP","NJ","68",27.9,143,"2722",2023-12-05,"4:13",253,"4:16",256,"3:54",234,"","RT-15","2023-12-07 RT-15",NA,"EH","PH",""
"139","2024","Dec",2023-12-06,"Chinook Salmon","late-fall","BT-6","AP","NJ","69",44,168,"2484",2023-12-05,"4:01",241,"2:38",158,"3:49",229,"","RT-15","2023-12-07 RT-15",NA,"EH","PH",""
"140","2024","Dec",2023-12-06,"Chinook Salmon","late-fall","BT-6","AP","NJ","70",42.7,168,"27A9",2023-12-05,"3:08",188,"2:57",177,"3:25",205,"","RT-15","2023-12-07 RT-15",NA,"EH","PH",""
"141","2024","Dec",2023-12-06,"Chinook Salmon","late-fall","BT-6","AP","NJ","71",12.9,115,"20B4",2023-12-05,"4:28",268,"2:52",172,"2:34",154,"","RT-16","2023-12-07 RT-16",NA,"EH","PH",""
"142","2024","Dec",2023-12-06,"Chinook Salmon","late-fall","BT-6","AP","NJ","72",13.3,113,"2245",2023-12-05,"3:25",205,"2:56",176,"3:13",193,"","RT-16","2023-12-07 RT-16",NA,"EH","PH",""
"143","2024","Dec",2023-12-06,"Chinook Salmon","late-fall","BT-6","AP","NJ","73",48.7,175,"2114",2023-12-05,"3:22",202,"2:50",170,"2:00",120,"","RT-16","2023-12-07 RT-16",NA,"EH","PH",""
"144","2024","Dec",2023-12-06,"Chinook Salmon","late-fall","BT-6","AP","NJ","74",28.1,142,"26B9",2023-12-05,"2:57",177,"2:40",160,"4:25",265,"","RT-16","2023-12-07 RT-16",NA,"EH","PH",""
"145","2024","Dec",2023-12-06,"Chinook Salmon","late-fall","BT-6","AP","NJ","75",46.2,168,"2599",2023-12-05,"3:39",219,"2:46",166,"1:17",77,"","RT-16","2023-12-07 RT-16",NA,"EH","PH",""
"146","2024","Dec",2023-12-06,"Chinook Salmon","late-fall","BT-6","AP","NJ","76",24.5,139,"274D",2023-12-05,"2:47",167,"2:23",143,"3:34",214,"","RT-16","2023-12-07 RT-16",NA,"EH","PH",""
"147","2024","Dec",2023-12-06,"Chinook Salmon","late-fall","BT-6","AP","NJ","77",34.4,165,"2455",2023-12-05,"4:38",278,"2:10",130,"3:35",215,"","RT-16","2023-12-07 RT-16",NA,"EH","PH",""
"148","2024","Dec",2023-12-06,"Chinook Salmon","late-fall","BT-6","AP","NJ","78",54.2,170,"2859",2023-12-05,"3:11",191,"2:41",161,"2:14",134,"","RT-16","2023-12-07 RT-16",NA,"EH","PH",""
"149","2024","Dec",2023-12-06,"Chinook Salmon","late-fall","BT-6","AP","NJ","79",12.1,110,"22AF",2023-12-05,"4:56",296,"2:51",171,"5:12",312,"","RT-16","2023-12-07 RT-16",NA,"EH","PH",""
"150","2024","Dec",2023-12-06,"Chinook Salmon","late-fall","BT-6","AP","NJ","80",18.4,124,"2095",2023-12-05,"4:50",290,"3:06",186,"1:26",86,"","RT-16","2023-12-07 RT-16",NA,"EH","PH",""
"151","2024","Dec",2023-12-07,"Chinook Salmon","late-fall","BT-4","NJ","AP","1",46.4,177,"2282",2023-12-05,"4:06",246,"2:58",178,"0:19",19,"","RT-17","2023-12-08 RT-17",NA,"EH","PH",""
"152","2024","Dec",2023-12-07,"Chinook Salmon","late-fall","BT-4","NJ","AP","2",60.6,179,"24E8",2023-12-05,"4:44",284,"2:25",145,"2:10",130,"","RT-17","2023-12-08 RT-17",NA,"EH","PH",""
"153","2024","Dec",2023-12-07,"Chinook Salmon","late-fall","BT-4","NJ","AP","3",54.6,174,"24D5",2023-12-05,"4:55",295,"1:44",104,"4:19",259,"","RT-17","2023-12-08 RT-17",NA,"EH","PH",""
"154","2024","Dec",2023-12-07,"Chinook Salmon","late-fall","BT-4","NJ","AP","4",44.4,162,"2533",2023-12-05,"4:20",260,"2:01",121,"4:03",243,"","RT-17","2023-12-08 RT-17",NA,"EH","PH",""
"155","2024","Dec",2023-12-07,"Chinook Salmon","late-fall","BT-4","NJ","AP","5",36.2,155,"2515",2023-12-05,"3:59",239,"1:56",116,"1:55",115,"","RT-17","2023-12-08 RT-17",NA,"EH","PH",""
"156","2024","Dec",2023-12-07,"Chinook Salmon","late-fall","BT-4","NJ","AP","6",50.2,169,"22BE",2023-12-05,"4:29",269,"2:23",143,"3:23",203,"","RT-17","2023-12-08 RT-17",NA,"EH","PH",""
"157","2024","Dec",2023-12-07,"Chinook Salmon","late-fall","BT-4","NJ","AP","7",41.7,160,"22EA",2023-12-05,"3:06",186,"3:23",203,"3:09",189,"","RT-17","2023-12-08 RT-17",NA,"EH","PH",""
"158","2024","Dec",2023-12-07,"Chinook Salmon","late-fall","BT-4","NJ","AP","8",35.4,150,"290D",2023-12-05,"5:00",300,"1:30",90,"4:02",242,"","RT-17","2023-12-08 RT-17",NA,"EH","PH",""
"159","2024","Dec",2023-12-07,"Chinook Salmon","late-fall","BT-4","NJ","AP","9",56.1,177,"2355",2023-12-05,"4:29",269,"1:38",98,"2:23",143,"","RT-17","2023-12-08 RT-17",NA,"EH","PH",""
"160","2024","Dec",2023-12-07,"Chinook Salmon","late-fall","BT-4","NJ","AP","10",36,154,"2135",2023-12-05,"4:37",277,"2:02",122,"1:37",97,"","RT-17","2023-12-08 RT-17",NA,"EH","PH",""
"161","2024","Dec",2023-12-07,"Chinook Salmon","late-fall","BT-4","NJ","AP","11",52.8,172,"2845",2023-12-05,"4:46",286,"1:55",115,"2:56",176,"","RT-18","2023-12-08 RT-18",NA,"EH","PH",""
"162","2024","Dec",2023-12-07,"Chinook Salmon","late-fall","BT-4","NJ","AP","12",40.6,165,"1EB6",2023-12-05,"4:41",281,"3:32",212,"4:20",260,"","RT-18","2023-12-08 RT-18",NA,"EH","PH",""
"163","2024","Dec",2023-12-07,"Chinook Salmon","late-fall","BT-4","NJ","AP","13",48.2,169,"24CC",2023-12-05,"4:20",260,"1:45",105,"3:07",187,"","RT-18","2023-12-08 RT-18",NA,"EH","PH",""
"164","2024","Dec",2023-12-07,"Chinook Salmon","late-fall","BT-4","NJ","AP","14",43.4,161,"22EB",2023-12-05,"3:09",189,"1:45",105,"2:58",178,"","RT-18","2023-12-08 RT-18",NA,"EH","PH",""
"165","2024","Dec",2023-12-07,"Chinook Salmon","late-fall","BT-4","NJ","AP","15",49.2,167,"229D",2023-12-05,"3:59",239,"2:10",130,"2:11",131,"","RT-18","2023-12-08 RT-18",NA,"EH","PH",""
"166","2024","Dec",2023-12-07,"Chinook Salmon","late-fall","BT-4","NJ","AP","16",31,161,"1EAE",2023-12-05,"4:01",241,"2:01",121,"0:58",58,"","RT-18","2023-12-08 RT-18",NA,"EH","PH",""
"167","2024","Dec",2023-12-07,"Chinook Salmon","late-fall","BT-4","NJ","AP","17",39.8,156,"20D2",2023-12-05,"3:37",217,"2:50",170,"2:29",149,"","RT-18","2023-12-08 RT-18",NA,"EH","PH",""
"168","2024","Dec",2023-12-07,"Chinook Salmon","late-fall","BT-4","NJ","AP","18",57,172,"22DA",2023-12-05,"4:27",267,"2:47",167,"2:25",145,"","RT-18","2023-12-08 RT-18",NA,"EH","PH",""
"169","2024","Dec",2023-12-07,"Chinook Salmon","late-fall","BT-4","NJ","AP","19",55.5,175,"24CD",2023-12-05,"4:29",269,"2:19",139,"1:58",118,"","RT-18","2023-12-08 RT-18",NA,"EH","PH",""
"170","2024","Dec",2023-12-07,"Chinook Salmon","late-fall","BT-4","NJ","AP","20",34.3,147,"2324",2023-12-05,"3:56",236,"1:27",87,"3:37",217,"","RT-18","2023-12-08 RT-18",NA,"EH","PH",""
"171","2024","Dec",2023-12-07,"Chinook Salmon","late-fall","BT-4","NJ","AP","21",47.5,167,"21A8",2023-12-05,"4:44",284,"2:04",124,"1:58",118,"","RT-19","2023-12-08 RT-19",NA,"EH","PH",""
"172","2024","Dec",2023-12-07,"Chinook Salmon","late-fall","BT-4","NJ","AP","22",45.4,160,"24AE",2023-12-05,"4:57",297,"1:49",109,"2:56",176,"","RT-19","2023-12-08 RT-19",NA,"EH","PH",""
"173","2024","Dec",2023-12-07,"Chinook Salmon","late-fall","BT-4","NJ","AP","23",40.7,155,"22B6",2023-12-05,"3:46",226,"2:09",129,"2:42",162,"","RT-19","2023-12-08 RT-19",NA,"EH","PH",""
"174","2024","Dec",2023-12-07,"Chinook Salmon","late-fall","BT-4","NJ","AP","24",53.7,167,"2457",2023-12-05,"3:47",227,"1:37",97,"1:38",98,"","RT-19","2023-12-08 RT-19",NA,"EH","PH",""
"175","2024","Dec",2023-12-07,"Chinook Salmon","late-fall","BT-4","NJ","AP","25",52.1,167,"2253",2023-12-05,"3:29",209,"1:35",95,"1:31",91,"","RT-19","2023-12-08 RT-19",NA,"EH","PH",""
"176","2024","Dec",2023-12-07,"Chinook Salmon","late-fall","BT-4","NJ","AP","26",47.1,160,"2902",2023-12-05,"3:25",205,"2:06",126,"1:39",99,"","RT-19","2023-12-08 RT-19",NA,"EH","PH",""
"177","2024","Dec",2023-12-07,"Chinook Salmon","late-fall","BT-4","NJ","AP","27",42.8,162,"24E6",2023-12-05,"4:09",249,"1:38",98,"2:21",141,"","RT-19","2023-12-08 RT-19",NA,"EH","PH",""
"178","2024","Dec",2023-12-07,"Chinook Salmon","late-fall","BT-4","NJ","AP","28",47.8,161,"25E5",2023-12-05,"3:56",236,"1:34",94,"1:41",101,"","RT-19","2023-12-08 RT-19",NA,"EH","PH",""
"179","2024","Dec",2023-12-07,"Chinook Salmon","late-fall","BT-4","NJ","AP","29",44.5,162,"2518",2023-12-05,"4:19",259,"1:41",101,"2:28",148,"","RT-19","2023-12-08 RT-19",NA,"EH","PH",""
"180","2024","Dec",2023-12-07,"Chinook Salmon","late-fall","BT-4","NJ","AP","30",57.8,177,"26D5",2023-12-05,"4:23",263,"1:29",89,"1:11",71,"","RT-19","2023-12-08 RT-19",NA,"EH","PH",""
"181","2024","Dec",2023-12-07,"Chinook Salmon","late-fall","BT-4","NJ","AP","31",77.1,191,"2714",2023-12-05,"3:53",233,"1:36",96,"2:15",135,"","RT-20","2023-12-08 RT-20",NA,"EH","PH",""
"182","2024","Dec",2023-12-07,"Chinook Salmon","late-fall","BT-4","NJ","AP","32",37.9,154,"224C",2023-12-05,"4:27",267,"1:41",101,"1:20",80,"","RT-20","2023-12-08 RT-20",NA,"EH","PH",""
"183","2024","Dec",2023-12-07,"Chinook Salmon","late-fall","BT-4","NJ","AP","33",48.5,171,"216A",2023-12-05,"3:37",217,"2:13",133,"1:43",103,"","RT-20","2023-12-08 RT-20",NA,"EH","PH",""
"184","2024","Dec",2023-12-07,"Chinook Salmon","late-fall","BT-4","NJ","AP","34",73.1,187,"229A",2023-12-05,"3:49",229,"2:01",121,"1:53",113,"","RT-20","2023-12-08 RT-20",NA,"EH","PH",""
"185","2024","Dec",2023-12-07,"Chinook Salmon","late-fall","BT-4","NJ","AP","35",57.9,172,"2716",2023-12-05,"3:46",226,"1:34",94,"0:59",59,"","RT-20","2023-12-08 RT-20",NA,"EH","PH",""
"186","2024","Dec",2023-12-07,"Chinook Salmon","late-fall","BT-4","NJ","AP","36",36.1,150,"2469",2023-12-05,"3:14",194,"1:21",81,"2:14",134,"","RT-20","2023-12-08 RT-20",NA,"EH","PH",""
"187","2024","Dec",2023-12-07,"Chinook Salmon","late-fall","BT-4","NJ","AP","37",52.1,166,"2157",2023-12-05,"3:24",204,"1:37",97,"2:52",172,"","RT-20","2023-12-08 RT-20",NA,"EH","PH",""
"188","2024","Dec",2023-12-07,"Chinook Salmon","late-fall","BT-4","NJ","AP","38",72.8,189,"22CA",2023-12-05,"3:34",214,"1:36",96,"2:28",148,"","RT-20","2023-12-08 RT-20",NA,"EH","PH",""
"189","2024","Dec",2023-12-07,"Chinook Salmon","late-fall","BT-4","NJ","AP","39",36.1,152,"2598",2023-12-05,"3:50",230,"1:24",84,"1:29",89,"","RT-20","2023-12-08 RT-20",NA,"EH","PH",""
"190","2024","Dec",2023-12-07,"Chinook Salmon","late-fall","BT-4","NJ","AP","40",29.9,142,"25AD",2023-12-05,"2:57",177,"2:04",124,"3:50",230,"","RT-20","2023-12-08 RT-20",NA,"EH","PH",""
"191","2024","Dec",2023-12-07,"Chinook Salmon","late-fall","BT-5","AP","NJ","41",30.8,158,"2453",2023-12-05,"4:34",274,"2:31",151,"4:16",256,"","RT-21","2023-12-08 RT-21",NA,"EH","PH",""
"192","2024","Dec",2023-12-07,"Chinook Salmon","late-fall","BT-5","AP","NJ","42",51.4,173,"250D",2023-12-05,"4:17",257,"2:37",157,"3:44",224,"","RT-21","2023-12-08 RT-21",NA,"EH","PH",""
"193","2024","Dec",2023-12-07,"Chinook Salmon","late-fall","BT-5","AP","NJ","43",51.5,172,"21B4",2023-12-05,"4:46",286,"3:00",180,"3:16",196,"","RT-21","2023-12-08 RT-21",NA,"EH","PH",""
"194","2024","Dec",2023-12-07,"Chinook Salmon","late-fall","BT-5","AP","NJ","44",54,170,"26D2",2023-12-05,"3:55",235,"2:21",141,"2:38",158,"","RT-21","2023-12-08 RT-21",NA,"EH","PH",""
"195","2024","Dec",2023-12-07,"Chinook Salmon","late-fall","BT-5","AP","NJ","45",45.7,167,"215C",2023-12-05,"3:41",221,"2:40",160,"2:38",158,"","RT-21","2023-12-08 RT-21",NA,"EH","PH",""
"196","2024","Dec",2023-12-07,"Chinook Salmon","late-fall","BT-5","AP","NJ","46",22.5,132,"246D",2023-12-05,"3:46",226,"2:36",156,"4:09",249,"","RT-21","2023-12-08 RT-21",NA,"EH","PH",""
"197","2024","Dec",2023-12-07,"Chinook Salmon","late-fall","BT-5","AP","NJ","47",41,165,"1E92",2023-12-05,"2:32",152,"3:33",213,"2:14",134,"","RT-21","2023-12-08 RT-21",NA,"EH","PH",""
"198","2024","Dec",2023-12-07,"Chinook Salmon","late-fall","BT-5","AP","NJ","48",40,164,"225A",2023-12-05,"2:26",146,"1:33",93,"3:16",196,"","RT-21","2023-12-08 RT-21",NA,"EH","PH",""
"199","2024","Dec",2023-12-07,"Chinook Salmon","late-fall","BT-5","AP","NJ","49",54.8,169,"26B4",2023-12-05,"2:33",153,"3:35",215,"1:24",84,"","RT-21","2023-12-08 RT-21",NA,"EH","PH",""
"200","2024","Dec",2023-12-07,"Chinook Salmon","late-fall","BT-5","AP","NJ","50",70.4,190,"2766",2023-12-05,"4:26",266,"2:51",171,"1:40",100,"","RT-21","2023-12-08 RT-21",NA,"EH","PH",""
"201","2024","Dec",2023-12-07,"Chinook Salmon","late-fall","BT-5","AP","NJ","51",37.8,151,"1DD5",2023-12-05,"4:05",245,"3:11",191,"3:01",181,"","RT-22","2023-12-08 RT-22",NA,"EH","PH",""
"202","2024","Dec",2023-12-07,"Chinook Salmon","late-fall","BT-5","AP","NJ","52",22.6,136,"2316",2023-12-05,"3:25",205,"2:32",152,"2:41",161,"","RT-22","2023-12-08 RT-22",NA,"EH","PH",""
"203","2024","Dec",2023-12-07,"Chinook Salmon","late-fall","BT-5","AP","NJ","53",39,156,"2052",2023-12-05,"3:59",239,"2:47",167,"3:28",208,"","RT-22","2023-12-08 RT-22",NA,"EH","PH",""
"204","2024","Dec",2023-12-07,"Chinook Salmon","late-fall","BT-5","AP","NJ","54",34.2,155,"2675",2023-12-05,"4:34",274,"2:19",139,"1:01",61,"","RT-22","2023-12-08 RT-22",NA,"EH","PH",""
"205","2024","Dec",2023-12-07,"Chinook Salmon","late-fall","BT-5","AP","NJ","55",59.9,178,"2155",2023-12-05,"3:08",188,"2:19",139,"2:17",137,"","RT-22","2023-12-08 RT-22",NA,"EH","PH",""
"206","2024","Dec",2023-12-07,"Chinook Salmon","late-fall","BT-5","AP","NJ","56",42.4,158,"24C8",2023-12-05,"3:16",196,"2:39",159,"2:33",153,"","RT-22","2023-12-08 RT-22",NA,"EH","PH",""
"207","2024","Dec",2023-12-07,"Chinook Salmon","late-fall","BT-5","AP","NJ","57",41.1,160,"259C",2023-12-05,"3:22",202,"2:29",149,"3:06",186,"","RT-22","2023-12-08 RT-22",NA,"EH","PH",""
"208","2024","Dec",2023-12-07,"Chinook Salmon","late-fall","BT-5","AP","NJ","58",27,142,"22AE",2023-12-05,"3:52",232,"2:44",164,"3:46",226,"","RT-22","2023-12-08 RT-22",NA,"EH","PH",""
"209","2024","Dec",2023-12-07,"Chinook Salmon","late-fall","BT-5","AP","NJ","59",29.2,147,"25A5",2023-12-05,"4:08",248,"2:00",120,"3:38",218,"","RT-22","2023-12-08 RT-22",NA,"EH","PH",""
"210","2024","Dec",2023-12-07,"Chinook Salmon","late-fall","BT-5","AP","NJ","60",44.1,162,"2577",2023-12-05,"4:06",246,"2:44",164,"3:40",220,"","RT-22","2023-12-08 RT-22",NA,"EH","PH",""
"211","2024","Dec",2023-12-07,"Chinook Salmon","late-fall","BT-5","AP","NJ","61",27.1,144,"21D6",2023-12-05,"3:24",204,"2:16",136,"4:21",261,"","RT-23","2023-12-08 RT-23",NA,"EH","PH",""
"212","2024","Dec",2023-12-07,"Chinook Salmon","late-fall","BT-5","AP","NJ","62",23.9,134,"24F4",2023-12-05,"3:35",215,"2:04",124,"4:19",259,"","RT-23","2023-12-08 RT-23",NA,"EH","PH",""
"213","2024","Dec",2023-12-07,"Chinook Salmon","late-fall","BT-5","AP","NJ","63",38.6,163,"26ED",2023-12-05,"4:10",250,"2:10",130,"4:44",284,"","RT-23","2023-12-08 RT-23",NA,"EH","PH",""
"214","2024","Dec",2023-12-07,"Chinook Salmon","late-fall","BT-5","AP","NJ","64",51.2,172,"26AE",2023-12-05,"3:35",215,"2:16",136,"4:14",254,"","RT-23","2023-12-08 RT-23",NA,"EH","PH",""
"215","2024","Dec",2023-12-07,"Chinook Salmon","late-fall","BT-5","AP","NJ","65",35.1,150,"2292",2023-12-05,"3:59",239,"1:48",108,"3:43",223,"","RT-23","2023-12-08 RT-23",NA,"EH","PH",""
"216","2024","Dec",2023-12-07,"Chinook Salmon","late-fall","BT-5","AP","NJ","66",37.3,152,"24D6",2023-12-05,"3:28",208,"1:53",113,"2:14",134,"","RT-23","2023-12-08 RT-23",NA,"EH","PH",""
"217","2024","Dec",2023-12-07,"Chinook Salmon","late-fall","BT-5","AP","NJ","67",46.7,167,"282A",2023-12-05,"3:45",225,"2:32",152,"3:44",224,"","RT-23","2023-12-08 RT-23",NA,"EH","PH",""
"218","2024","Dec",2023-12-07,"Chinook Salmon","late-fall","BT-5","AP","NJ","68",31.8,146,"285A",2023-12-05,"3:37",217,"2:14",134,"2:08",128,"","RT-23","2023-12-08 RT-23",NA,"EH","PH",""
"219","2024","Dec",2023-12-07,"Chinook Salmon","late-fall","BT-5","AP","NJ","69",51.3,169,"257C",2023-12-05,"3:10",190,"2:00",120,"1:49",109,"","RT-23","2023-12-08 RT-23",NA,"EH","PH",""
"220","2024","Dec",2023-12-07,"Chinook Salmon","late-fall","BT-5","AP","NJ","70",35.9,154,"2228",2023-12-05,"3:22",202,"2:49",169,"0:59",59,"","RT-23","2023-12-08 RT-23",NA,"EH","PH",""
"221","2024","Dec",2023-12-07,"Chinook Salmon","late-fall","BT-5","AP","NJ","71",36.2,155,"20CA",2023-12-05,"3:41",221,"2:38",158,"5:45",345,"","RT-24","2023-12-08 RT-24",NA,"EH","PH",""
"222","2024","Dec",2023-12-07,"Chinook Salmon","late-fall","BT-5","AP","NJ","72",54.6,171,"24AF",2023-12-05,"3:35",215,"2:44",164,"0:47",47,"","RT-24","2023-12-08 RT-24",NA,"EH","PH",""
"223","2024","Dec",2023-12-07,"Chinook Salmon","late-fall","BT-5","AP","NJ","73",38.7,146,"1DCA",2023-12-05,"2:00",120,"2:20",140,"1:59",119,"","RT-24","2023-12-08 RT-24",NA,"EH","PH",""
"224","2024","Dec",2023-12-07,"Chinook Salmon","late-fall","BT-5","AP","NJ","74",68.8,182,"25A4",2023-12-05,"3:25",205,"2:22",142,"3:09",189,"","RT-24","2023-12-08 RT-24",NA,"EH","PH",""
"225","2024","Dec",2023-12-07,"Chinook Salmon","late-fall","BT-5","AP","NJ","75",31.4,149,"2169",2023-12-05,"1:37",97,"3:49",229,"2:14",134,"","RT-24","2023-12-08 RT-24",NA,"EH","PH",""
"226","2024","Dec",2023-12-07,"Chinook Salmon","late-fall","BT-5","AP","NJ","76",39.4,158,"276A",2023-12-05,"2:09",129,"3:06",186,"0:55",55,"","RT-24","2023-12-08 RT-24",NA,"EH","PH",""
"227","2024","Dec",2023-12-07,"Chinook Salmon","late-fall","BT-5","AP","NJ","77",51.6,164,"1EEA",2023-12-05,"4:28",268,"3:08",188,"1:43",103,"","RT-24","2023-12-08 RT-24",NA,"EH","PH",""
"228","2024","Dec",2023-12-07,"Chinook Salmon","late-fall","BT-5","AP","NJ","78",51.7,172,"25C9",2023-12-05,"4:22",262,"3:20",200,"3:23",203,"","RT-24","2023-12-08 RT-24",NA,"EH","PH",""
"229","2024","Dec",2023-12-07,"Chinook Salmon","late-fall","BT-5","AP","NJ","79",72.1,190,"226B",2023-12-05,"4:16",256,"1:58",118,"0:48",48,"","RT-24","2023-12-08 RT-24",NA,"EH","PH",""
"230","2024","Dec",2023-12-07,"Chinook Salmon","late-fall","BT-5","AP","NJ","80",41.3,159,"2584",2023-12-05,"4:37",277,"1:29",89,"1:47",107,"","RT-24","2023-12-08 RT-24",NA,"EH","PH",""
"231","2024","Dec",2023-12-12,"Chinook Salmon","late-fall","BT-1","NJ","AP","1",11.1,109,"1E56",2023-12-05,"4:16",256,"2:04",124,"2:01",121,"","RT-1","2023-12-13 RT-1",NA,"EH","PH",""
"232","2024","Dec",2023-12-12,"Chinook Salmon","late-fall","BT-1","NJ","AP","2",35,155,"215D",2023-12-05,"3:46",226,"1:46",106,"1:50",110,"","RT-1","2023-12-13 RT-1",NA,"EH","PH",""
"233","2024","Dec",2023-12-12,"Chinook Salmon","late-fall","BT-1","NJ","AP","3",17,124,"24C4",2023-12-05,"3:37",217,"2:19",139,"1:51",111,"","RT-1","2023-12-13 RT-1",NA,"EH","PH",""
"234","2024","Dec",2023-12-12,"Chinook Salmon","late-fall","BT-1","NJ","AP","4",33.2,153,"22E4",2023-12-05,"3:18",198,"1:51",111,"2:47",167,"","RT-1","2023-12-13 RT-1",NA,"EH","PH",""
"235","2024","Dec",2023-12-12,"Chinook Salmon","late-fall","BT-1","NJ","AP","5",47.5,161,"2369",2023-12-05,"3:41",221,"1:43",103,"3:23",203,"","RT-1","2023-12-13 RT-1",NA,"EH","PH",""
"236","2024","Dec",2023-12-12,"Chinook Salmon","late-fall","BT-1","NJ","AP","6",30.2,146,"2092",2023-12-05,"4:02",242,"1:51",111,"2:16",136,"","RT-1","2023-12-13 RT-1",NA,"EH","PH",""
"237","2024","Dec",2023-12-12,"Chinook Salmon","late-fall","BT-1","NJ","AP","7",13.1,113,"275D",2023-12-05,"3:53",233,"1:56",116,"3:29",209,"","RT-1","2023-12-13 RT-1",NA,"EH","PH",""
"238","2024","Dec",2023-12-12,"Chinook Salmon","late-fall","BT-1","NJ","AP","8",69,189,"2268",2023-12-05,"4:37",277,"1:57",117,"2:10",130,"","RT-2","2023-12-13 RT-2",NA,"EH","PH",""
"239","2024","Dec",2023-12-12,"Chinook Salmon","late-fall","BT-1","NJ","AP","9",22.6,134,"230A",2023-12-05,"3:55",235,"1:20",80,"1:44",104,"","RT-1","2023-12-13 RT-1",NA,"EH","PH",""
"240","2024","Dec",2023-12-12,"Chinook Salmon","late-fall","BT-1","NJ","AP","10",59.2,180,"1EB5",2023-12-05,"4:55",295,"1:46",106,"1:52",112,"","RT-1","2023-12-13 RT-1",NA,"EH","PH",""
"241","2024","Dec",2023-12-12,"Chinook Salmon","late-fall","BT-1","NJ","AP","11",11.6,109,"1EAD",2023-12-05,"3:18",198,"1:57",117,"2:35",155,"","RT-2","2023-12-13 RT-2",NA,"EH","PH",""
"242","2024","Dec",2023-12-12,"Chinook Salmon","late-fall","BT-1","NJ","AP","12",17.6,126,"1ED2",2023-12-05,"4:59",299,"1:55",115,"1:35",95,"","RT-2","2023-12-13 RT-2",NA,"EH","PH",""
"243","2024","Dec",2023-12-12,"Chinook Salmon","late-fall","BT-1","NJ","AP","13",15.5,122,"1EB4",2023-12-05,"3:43",223,"1:44",104,"2:48",168,"","RT-2","2023-12-13 RT-2",NA,"EH","PH",""
"244","2024","Dec",2023-12-12,"Chinook Salmon","late-fall","BT-1","NJ","AP","14",23.6,136,"26F2",2023-12-05,"4:44",284,"1:56",116,"2:07",127,"","RT-2","2023-12-13 RT-2",NA,"EH","PH",""
"245","2024","Dec",2023-12-12,"Chinook Salmon","late-fall","BT-1","NJ","AP","15",58.6,175,"2445",2023-12-05,"3:18",198,"1:41",101,"1:14",74,"","RT-2","2023-12-13 RT-2",NA,"EH","PH",""
"246","2024","Dec",2023-12-12,"Chinook Salmon","late-fall","BT-1","NJ","AP","16",9.9,105,"25EA",2023-12-05,"3:23",203,"1:44",104,"1:35",95,"","RT-2","2023-12-13 RT-2",NA,"EH","PH",""
"247","2024","Dec",2023-12-12,"Chinook Salmon","late-fall","BT-1","NJ","AP","17",17,125,"2132",2023-12-05,"2:10",130,"1:43",103,"2:42",162,"","RT-2","2023-12-13 RT-2",NA,"EH","PH",""
"248","2024","Dec",2023-12-12,"Chinook Salmon","late-fall","BT-1","NJ","AP","18",39.8,162,"2537",2023-12-05,"4:01",241,"1:55",115,"1:55",115,"","RT-2","2023-12-13 RT-2",NA,"EH","PH",""
"249","2024","Dec",2023-12-12,"Chinook Salmon","late-fall","BT-1","NJ","AP","19",18.9,131,"2538",2023-12-05,"4:29",269,"1:39",99,"1:31",91,"","RT-2","2023-12-13 RT-2",NA,"EH","PH",""
"250","2024","Dec",2023-12-12,"Chinook Salmon","late-fall","BT-1","NJ","AP","20",9.8,106,"21AB",2023-12-05,"4:25",265,"1:53",113,"1:44",104,"","RT-2","2023-12-13 RT-2",NA,"EH","PH",""
"251","2024","Dec",2023-12-12,"Chinook Salmon","late-fall","BT-1","NJ","AP","21",11.6,108,"2828",2023-12-05,"4:26",266,"2:01",121,"1:44",104,"","RT-3","2023-12-13 RT-3",NA,"EH","PH",""
"252","2024","Dec",2023-12-12,"Chinook Salmon","late-fall","BT-1","NJ","AP","22",16.2,122,"2226",2023-12-05,"3:18",198,"1:30",90,"2:10",130,"","RT-3","2023-12-13 RT-3",NA,"EH","PH",""
"253","2024","Dec",2023-12-12,"Chinook Salmon","late-fall","BT-1","NJ","AP","23",10.4,106,"2929",2023-12-05,"4:22",262,"1:52",112,"2:13",133,"","RT-3","2023-12-13 RT-3",NA,"EH","PH",""
"254","2024","Dec",2023-12-12,"Chinook Salmon","late-fall","BT-1","NJ","AP","24",32.8,152,"214C",2023-12-05,"3:42",222,"1:31",91,"1:56",116,"","RT-3","2023-12-13 RT-3",NA,"EH","PH",""
"255","2024","Dec",2023-12-12,"Chinook Salmon","late-fall","BT-1","NJ","AP","25",23,131,"228C",2023-12-05,"3:10",190,"1:56",116,"1:29",89,"","RT-3","2023-12-13 RT-3",NA,"EH","PH",""
"256","2024","Dec",2023-12-12,"Chinook Salmon","late-fall","BT-1","NJ","AP","26",28.8,135,"2855",2023-12-05,"3:26",206,"1:42",102,"2:05",125,"","RT-3","2023-12-13 RT-3",NA,"EH","PH",""
"257","2024","Dec",2023-12-12,"Chinook Salmon","late-fall","BT-1","NJ","AP","27",29,150,"1EA6",2023-12-05,"2:44",164,"1:28",88,"1:35",95,"","RT-3","2023-12-13 RT-3",NA,"EH","PH",""
"258","2024","Dec",2023-12-12,"Chinook Salmon","late-fall","BT-1","NJ","AP","28",9,104,"1EA8",2023-12-05,"3:41",221,"1:16",76,"1:26",86,"","RT-3","2023-12-13 RT-3",NA,"EH","PH",""
"259","2024","Dec",2023-12-12,"Chinook Salmon","late-fall","BT-1","NJ","AP","29",79.4,185,"22ED",2023-12-05,"2:59",179,"1:40",100,"0:56",56,"","RT-3","2023-12-13 RT-3",NA,"EH","PH",""
"260","2024","Dec",2023-12-12,"Chinook Salmon","late-fall","BT-1","NJ","AP","30",35.3,156,"224A",2023-12-05,"3:35",215,"1:49",109,"1:49",109,"","RT-3","2023-12-13 RT-3",NA,"EH","PH",""
"261","2024","Dec",2023-12-12,"Chinook Salmon","late-fall","BT-1","NJ","AP","31",74.8,190,"2314",2023-12-05,"4:02",242,"1:44",104,"1:02",62,"","RT-4","2023-12-13 RT-4",NA,"EH","PH",""
"262","2024","Dec",2023-12-12,"Chinook Salmon","late-fall","BT-1","NJ","AP","32",26.4,140,"25EC",2023-12-05,"2:32",152,"1:41",101,"3:21",201,"","RT-4","2023-12-13 RT-4",NA,"EH","PH",""
"263","2024","Dec",2023-12-12,"Chinook Salmon","late-fall","BT-1","NJ","AP","33",23.2,136,"236E",2023-12-05,"4:56",296,"1:41",101,"1:35",95,"","RT-4","2023-12-13 RT-4",NA,"EH","PH",""
"264","2024","Dec",2023-12-12,"Chinook Salmon","late-fall","BT-1","NJ","AP","34",26.7,145,"2856",2023-12-05,"2:59",179,"1:51",111,"2:28",148,"","RT-4","2023-12-13 RT-4",NA,"EH","PH",""
"265","2024","Dec",2023-12-12,"Chinook Salmon","late-fall","BT-1","NJ","AP","35",16.7,121,"2857",2023-12-05,"4:01",241,"1:46",106,"2:47",167,"","RT-4","2023-12-13 RT-4",NA,"EH","PH",""
"266","2024","Dec",2023-12-12,"Chinook Salmon","late-fall","BT-1","NJ","AP","36",21.1,128,"21AC",2023-12-05,"3:01",181,"1:19",79,"3:05",185,"","RT-4","2023-12-13 RT-4",NA,"EH","PH",""
"267","2024","Dec",2023-12-12,"Chinook Salmon","late-fall","BT-1","NJ","AP","37",41.7,162,"26DD",2023-12-05,"3:28",208,"1:52",112,"2:48",168,"","RT-4","2023-12-13 RT-4",NA,"EH","PH",""
"268","2024","Dec",2023-12-12,"Chinook Salmon","late-fall","BT-1","NJ","AP","38",10.5,108,"2832",2023-12-05,"3:51",231,"1:30",90,"2:02",122,"","RT-4","2023-12-13 RT-4",NA,"EH","PH",""
"269","2024","Dec",2023-12-12,"Chinook Salmon","late-fall","BT-1","NJ","AP","39",72.9,182,"2275",2023-12-05,"4:01",241,"1:30",90,"2:27",147,"","RT-4","2023-12-13 RT-4",NA,"EH","PH",""
"270","2024","Dec",2023-12-12,"Chinook Salmon","late-fall","BT-1","NJ","AP","40",19.4,125,"2152",2023-12-05,"3:10",190,"1:29",89,"1:11",71,"","RT-4","2023-12-13 RT-4",NA,"EH","PH",""
"271","2024","Dec",2023-12-12,"Chinook Salmon","late-fall","BT-1","AP","NJ","41",23.7,128,"2844",2023-12-05,"4:02",242,"3:24",204,"3:23",203,"","RT-5","2023-12-13 RT-5",NA,"EH","PH",""
"272","2024","Dec",2023-12-12,"Chinook Salmon","late-fall","BT-1","AP","NJ","42",49.2,171,"282C",2023-12-05,"3:03",183,"2:17",137,"2:45",165,"","RT-5","2023-12-13 RT-5",NA,"EH","PH",""
"273","2024","Dec",2023-12-12,"Chinook Salmon","late-fall","BT-1","AP","NJ","43",18.8,120,"2259",2023-12-05,"3:01",181,"2:31",151,"2:24",144,"","RT-5","2023-12-13 RT-5",NA,"EH","PH",""
"274","2024","Dec",2023-12-12,"Chinook Salmon","late-fall","BT-1","AP","NJ","44",21.2,129,"286C",2023-12-05,"3:15",195,"2:49",169,"2:53",173,"","RT-5","2023-12-13 RT-5",NA,"EH","PH",""
"275","2024","Dec",2023-12-12,"Chinook Salmon","late-fall","BT-1","AP","NJ","45",13.9,120,"2365",2023-12-05,"3:49",229,"2:17",137,"2:03",123,"","RT-5","2023-12-13 RT-5",NA,"EH","PH",""
"276","2024","Dec",2023-12-12,"Chinook Salmon","late-fall","BT-2","AP","NJ","46",22.6,130,"2290",2023-12-05,"3:17",197,"2:06",126,"1:59",119,"","RT-5","2023-12-13 RT-5",NA,"EH","PH",""
"277","2024","Dec",2023-12-12,"Chinook Salmon","late-fall","BT-2","AP","NJ","47",33.8,158,"246C",2023-12-05,"3:26",206,"2:43",163,"2:31",151,"","RT-5","2023-12-13 RT-5",NA,"EH","PH",""
"278","2024","Dec",2023-12-12,"Chinook Salmon","late-fall","BT-2","AP","NJ","48",18,127,"2769",2023-12-05,"3:22",202,"2:23",143,"3:50",230,"","RT-5","2023-12-13 RT-5",NA,"EH","PH",""
"279","2024","Dec",2023-12-12,"Chinook Salmon","late-fall","BT-2","AP","NJ","49",20.8,130,"257B",2023-12-05,"4:28",268,"2:08",128,"3:15",195,"","RT-5","2023-12-13 RT-5",NA,"EH","PH",""
"280","2024","Dec",2023-12-12,"Chinook Salmon","late-fall","BT-2","AP","NJ","50",26,139,"22CC",2023-12-05,"4:07",247,"3:14",194,"1:19",79,"","RT-5","2023-12-13 RT-5",NA,"EH","PH",""
"281","2024","Dec",2023-12-12,"Chinook Salmon","late-fall","BT-2","AP","NJ","51",24.5,141,"2375",2023-12-05,"4:46",286,"2:05",125,"2:56",176,"","RT-6","2023-12-13 RT-6",NA,"EH","PH",""
"282","2024","Dec",2023-12-12,"Chinook Salmon","late-fall","BT-2","AP","NJ","52",23.3,122,"242B",2023-12-05,"3:47",227,"2:07",127,"4:20",260,"","RT-6","2023-12-13 RT-6",NA,"EH","PH",""
"283","2024","Dec",2023-12-12,"Chinook Salmon","late-fall","BT-2","AP","NJ","53",60.2,182,"248B",2023-12-05,"4:23",263,"3:03",183,"2:34",154,"","RT-6","2023-12-13 RT-6",NA,"EH","PH",""
"284","2024","Dec",2023-12-12,"Chinook Salmon","late-fall","BT-2","AP","NJ","54",12.3,110,"26B0",2023-12-05,"3:43",223,"2:34",154,"3:32",212,"","RT-6","2023-12-13 RT-6",NA,"EH","PH",""
"285","2024","Dec",2023-12-12,"Chinook Salmon","late-fall","BT-2","AP","NJ","55",22.4,134,"275C",2023-12-05,"5:00",300,"2:23",143,"1:10",70,"","RT-6","2023-12-13 RT-6",NA,"EH","PH",""
"286","2024","Dec",2023-12-12,"Chinook Salmon","late-fall","BT-2","AP","NJ","56",18.6,130,"1E5A",2023-12-05,"3:37",217,"2:16",136,"3:47",227,"","RT-6","2023-12-13 RT-6",NA,"EH","PH",""
"287","2024","Dec",2023-12-12,"Chinook Salmon","late-fall","BT-2","AP","NJ","57",27.7,144,"211A",2023-12-05,"3:36",216,"2:52",172,"1:50",110,"","RT-6","2023-12-13 RT-6",NA,"EH","PH",""
"288","2024","Dec",2023-12-12,"Chinook Salmon","late-fall","BT-2","AP","NJ","58",18.5,122,"2588",2023-12-05,"2:43",163,"2:46",166,"3:02",182,"","RT-6","2023-12-13 RT-6",NA,"EH","PH",""
"289","2024","Dec",2023-12-12,"Chinook Salmon","late-fall","BT-2","AP","NJ","59",16.5,119,"2575",2023-12-05,"4:41",281,"2:17",137,"1:43",103,"","RT-6","2023-12-13 RT-6",NA,"EH","PH",""
"290","2024","Dec",2023-12-12,"Chinook Salmon","late-fall","BT-2","AP","NJ","60",14.9,115,"24D8",2023-12-05,"4:53",293,"3:29",209,"2:49",169,"","RT-6","2023-12-13 RT-6",NA,"EH","PH",""
"291","2024","Dec",2023-12-12,"Chinook Salmon","late-fall","BT-2","AP","NJ","61",16.4,125,"22E8",2023-12-05,"3:45",225,"2:22",142,"3:14",194,"","RT-7","2023-12-13 RT-7",NA,"EH","PH",""
"292","2024","Dec",2023-12-12,"Chinook Salmon","late-fall","BT-2","AP","NJ","62",40.1,159,"2296",2023-12-05,"4:10",250,"2:35",155,"2:09",129,"","RT-7","2023-12-13 RT-7",NA,"EH","PH",""
"293","2024","Dec",2023-12-12,"Chinook Salmon","late-fall","BT-2","AP","NJ","63",11.3,111,"2492",2023-12-05,"4:33",273,"3:01",181,"2:57",177,"","RT-7","2023-12-13 RT-7",NA,"EH","PH",""
"294","2024","Dec",2023-12-12,"Chinook Salmon","late-fall","BT-2","AP","NJ","64",26.2,141,"232A",2023-12-05,"4:03",243,"1:52",112,"3:35",215,"","RT-7","2023-12-13 RT-7",NA,"EH","PH",""
"295","2024","Dec",2023-12-12,"Chinook Salmon","late-fall","BT-2","AP","NJ","65",21.9,130,"1E6A",2023-12-05,"3:14",194,"2:33",153,"3:31",211,"","RT-7","2023-12-13 RT-7",NA,"EH","PH",""
"296","2024","Dec",2023-12-12,"Chinook Salmon","late-fall","BT-2","AP","NJ","66",15.5,121,"286B",2023-12-05,"3:31",211,"2:11",131,"3:56",236,"","RT-7","2023-12-13 RT-7",NA,"EH","PH",""
"297","2024","Dec",2023-12-12,"Chinook Salmon","late-fall","BT-2","AP","NJ","67",21.7,134,"24B9",2023-12-05,"2:43",163,"1:39",99,"2:32",152,"","RT-7","2023-12-13 RT-7",NA,"EH","PH",""
"298","2024","Dec",2023-12-12,"Chinook Salmon","late-fall","BT-2","AP","NJ","68",22.8,130,"22DC",2023-12-05,"4:05",245,"1:35",95,"3:26",206,"","RT-7","2023-12-13 RT-7",NA,"EH","PH",""
"299","2024","Dec",2023-12-12,"Chinook Salmon","late-fall","BT-2","AP","NJ","69",16.2,123,"235C",2023-12-05,"3:41",221,"2:37",157,"4:01",241,"","RT-7","2023-12-13 RT-7",NA,"EH","PH",""
"300","2024","Dec",2023-12-12,"Chinook Salmon","late-fall","BT-2","AP","NJ","70",53.3,175,"249C",2023-12-05,"4:02",242,"4:38",278,"1:19",79,"","RT-7","2023-12-13 RT-7",NA,"EH","PH",""
"301","2024","Dec",2023-12-12,"Chinook Salmon","late-fall","BT-2","AP","NJ","71",20.3,130,"24CA",2023-12-05,"4:16",256,"2:32",152,"2:29",149,"","RT-8","2023-12-13 RT-8",NA,"EH","PH",""
"302","2024","Dec",2023-12-12,"Chinook Salmon","late-fall","BT-2","AP","NJ","72",16.8,129,"26DC",2023-12-05,"4:19",259,"2:39",159,"2:44",164,"","RT-8","2023-12-13 RT-8",NA,"EH","PH",""
"303","2024","Dec",2023-12-12,"Chinook Salmon","late-fall","BT-2","AP","NJ","73",27.1,143,"2354",2023-12-05,"2:51",171,"2:05",125,"2:23",143,"","RT-8","2023-12-13 RT-8",NA,"EH","PH",""
"304","2024","Dec",2023-12-12,"Chinook Salmon","late-fall","BT-2","AP","NJ","74",17.5,125,"276E",2023-12-05,"3:11",191,"2:40",160,"2:20",140,"","RT-8","2023-12-13 RT-8",NA,"EH","PH",""
"305","2024","Dec",2023-12-12,"Chinook Salmon","late-fall","BT-2","AP","NJ","75",47.3,170,"26C9",2023-12-05,"4:11",251,"2:35",155,"2:26",146,"","RT-8","2023-12-13 RT-8",NA,"EH","PH",""
"306","2024","Dec",2023-12-12,"Chinook Salmon","late-fall","BT-2","AP","NJ","76",20.2,132,"218A",2023-12-05,"3:39",219,"1:58",118,"3:23",203,"","RT-8","2023-12-13 RT-8",NA,"EH","PH",""
"307","2024","Dec",2023-12-12,"Chinook Salmon","late-fall","BT-2","AP","NJ","77",23.5,140,"2362",2023-12-05,"3:57",237,"1:52",112,"3:33",213,"","RT-8","2023-12-13 RT-8",NA,"EH","PH",""
"308","2024","Dec",2023-12-12,"Chinook Salmon","late-fall","BT-2","AP","NJ","78",18.7,127,"2195",2023-12-05,"3:54",234,"2:03",123,"3:19",199,"","RT-8","2023-12-13 RT-8",NA,"EH","PH",""
"309","2024","Dec",2023-12-12,"Chinook Salmon","late-fall","BT-2","AP","NJ","79",15.2,119,"20DA",2023-12-05,"3:26",206,"2:04",124,"3:26",206,"","RT-8","2023-12-13 RT-8",NA,"EH","PH",""
"310","2024","Dec",2023-12-12,"Chinook Salmon","late-fall","BT-2","AP","NJ","80",13.8,115,"228D",2023-12-05,"4:14",254,"2:21",141,"1:32",92,"","RT-8","2023-12-13 RT-8",NA,"EH","PH",""
"311","2024","Dec",2023-12-13,"Chinook Salmon","late-fall","BT-2","NJ","AP","1",14.3,117,"2669",2023-12-05,"3:46",226,"1:19",79,"2:17",137,"","RT-9","2023-12-14 RT-9",NA,"EH","PH",""
"312","2024","Dec",2023-12-13,"Chinook Salmon","late-fall","BT-2","NJ","AP","2",13.4,107,"252C",2023-12-05,"2:10",130,"2:11",131,"1:08",68,"","RT-9","2023-12-14 RT-9",NA,"EH","PH",""
"313","2024","Dec",2023-12-13,"Chinook Salmon","late-fall","BT-2","NJ","AP","3",13,119,"2734",2023-12-05,"2:08",128,"2:08",128,"1:56",116,"","RT-9","2023-12-14 RT-9",NA,"EH","PH",""
"314","2024","Dec",2023-12-13,"Chinook Salmon","late-fall","BT-2","NJ","AP","4",31.2,147,"249D",2023-12-05,"1:05",65,"2:08",128,"2:10",130,"","RT-9","2023-12-14 RT-9",NA,"EH","PH",""
"315","2024","Dec",2023-12-13,"Chinook Salmon","late-fall","BT-2","NJ","AP","5",24.7,138,"253D",2023-12-05,"2:51",171,"2:28",148,"1:47",107,"","RT-9","2023-12-14 RT-9",NA,"EH","PH",""
"316","2024","Dec",2023-12-13,"Chinook Salmon","late-fall","BT-2","NJ","AP","6",21.3,133,"2764",2023-12-05,"3:59",239,"1:50",110,"1:22",82,"","RT-9","2023-12-14 RT-9",NA,"EH","PH",""
"317","2024","Dec",2023-12-13,"Chinook Salmon","late-fall","BT-2","NJ","AP","7",28,148,"20B5",2023-12-05,"4:46",286,"2:14",134,"1:47",107,"","RT-9","2023-12-14 RT-9",NA,"EH","PH",""
"318","2024","Dec",2023-12-13,"Chinook Salmon","late-fall","BT-2","NJ","AP","8",14.3,117,"208A",2023-12-05,"4:25",265,"1:28",88,"2:34",154,"","RT-9","2023-12-14 RT-9",NA,"EH","PH",""
"319","2024","Dec",2023-12-13,"Chinook Salmon","late-fall","BT-2","NJ","AP","9",22.4,130,"239A",2023-12-05,"3:13",193,"1:37",97,"1:18",78,"","RT-9","2023-12-14 RT-9",NA,"EH","PH",""
"320","2024","Dec",2023-12-13,"Chinook Salmon","late-fall","BT-2","NJ","AP","10",24.1,137,"2729",2023-12-05,"3:22",202,"1:46",106,"1:17",77,"","RT-9","2023-12-14 RT-9",NA,"EH","PH",""
"321","2024","Dec",2023-12-13,"Chinook Salmon","late-fall","BT-3","NJ","AP","11",47.2,166,"222C",2023-12-05,"3:41",221,"2:40",160,"2:37",157,"","RT-10","2023-12-14 RT-10",NA,"EH","PH",""
"322","2024","Dec",2023-12-13,"Chinook Salmon","late-fall","BT-3","NJ","AP","12",49.4,171,"2214",2023-12-05,"4:38",278,"2:33",153,"3:53",233,"","RT-10","2023-12-14 RT-10",NA,"EH","PH",""
"323","2024","Dec",2023-12-13,"Chinook Salmon","late-fall","BT-3","NJ","AP","13",52.1,167,"279A",2023-12-05,"4:31",271,"1:57",117,"3:44",224,"","RT-10","2023-12-14 RT-10",NA,"EH","PH",""
"324","2024","Dec",2023-12-13,"Chinook Salmon","late-fall","BT-3","NJ","AP","14",15.9,117,"26DB",2023-12-05,"4:10",250,"1:45",105,"2:28",148,"","RT-10","2023-12-14 RT-10",NA,"EH","PH",""
"325","2024","Dec",2023-12-13,"Chinook Salmon","late-fall","BT-3","NJ","AP","15",43.4,165,"26E5",2023-12-05,"3:20",200,"1:29",89,"3:27",207,"","RT-10","2023-12-14 RT-10",NA,"EH","PH",""
"326","2024","Dec",2023-12-13,"Chinook Salmon","late-fall","BT-3","NJ","AP","16",22.4,133,"24B2",2023-12-05,"3:44",224,"1:29",89,"2:18",138,"","RT-10","2023-12-14 RT-10",NA,"EH","PH",""
"327","2024","Dec",2023-12-13,"Chinook Salmon","late-fall","BT-3","NJ","AP","17",59.4,174,"1EAA",2023-12-05,"3:26",206,"1:41",101,"2:16",136,"","RT-10","2023-12-14 RT-10",NA,"EH","PH",""
"328","2024","Dec",2023-12-13,"Chinook Salmon","late-fall","BT-3","NJ","AP","18",20.2,127,"2489",2023-12-05,"4:11",251,"1:47",107,"3:41",221,"","RT-10","2023-12-14 RT-10",NA,"EH","PH",""
"329","2024","Dec",2023-12-13,"Chinook Salmon","late-fall","BT-3","NJ","AP","19",43.9,166,"2352",2023-12-05,"4:25",265,"1:23",83,"2:40",160,"","RT-10","2023-12-14 RT-10",NA,"EH","PH",""
"330","2024","Dec",2023-12-13,"Chinook Salmon","late-fall","BT-3","NJ","AP","20",13,111,"2151",2023-12-05,"3:10",190,"1:37",97,"1:32",92,"","RT-10","2023-12-14 RT-10",NA,"EH","PH",""
"331","2024","Dec",2023-12-13,"Chinook Salmon","late-fall","BT-3","NJ","AP","21",39.8,159,"24DE",2023-12-05,"4:16",256,"1:41",101,"3:21",201,"","RT-11","2023-12-14 RT-11",NA,"EH","PH",""
"332","2024","Dec",2023-12-13,"Chinook Salmon","late-fall","BT-3","NJ","AP","22",52.5,174,"216E",2023-12-05,"3:56",236,"2:34",154,"1:48",108,"","RT-11","2023-12-14 RT-11",NA,"EH","PH",""
"333","2024","Dec",2023-12-13,"Chinook Salmon","late-fall","BT-3","NJ","AP","23",37,156,"282E",2023-12-05,"3:15",195,"1:30",90,"4:17",257,"","RT-11","2023-12-14 RT-11",NA,"EH","PH",""
"334","2024","Dec",2023-12-13,"Chinook Salmon","late-fall","BT-3","NJ","AP","24",18.3,117,"26E2",2023-12-05,"2:50",170,"1:52",112,"1:51",111,"","RT-11","2023-12-14 RT-11",NA,"EH","PH",""
"335","2024","Dec",2023-12-13,"Chinook Salmon","late-fall","BT-3","NJ","AP","25",21.1,130,"2350",2023-12-05,"2:20",140,"1:34",94,"3:06",186,"","RT-11","2023-12-14 RT-11",NA,"EH","PH",""
"336","2024","Dec",2023-12-13,"Chinook Salmon","late-fall","BT-3","NJ","AP","26",81.4,190,"20A8",2023-12-05,"3:14",194,"1:44",104,"4:14",254,"","RT-11","2023-12-14 RT-11",NA,"EH","PH",""
"337","2024","Dec",2023-12-13,"Chinook Salmon","late-fall","BT-3","NJ","AP","27",64.5,180,"242A",2023-12-05,"3:28",208,"1:45",105,"3:01",181,"","RT-11","2023-12-14 RT-11",NA,"EH","PH",""
"338","2024","Dec",2023-12-13,"Chinook Salmon","late-fall","BT-3","NJ","AP","28",21.9,131,"2491",2023-12-05,"3:40",220,"1:36",96,"4:28",268,"","RT-11","2023-12-14 RT-11",NA,"EH","PH",""
"339","2024","Dec",2023-12-13,"Chinook Salmon","late-fall","BT-3","NJ","AP","29",48.6,169,"26D1",2023-12-05,"3:46",226,"1:43",103,"3:56",236,"","RT-11","2023-12-14 RT-11",NA,"EH","PH",""
"340","2024","Dec",2023-12-13,"Chinook Salmon","late-fall","BT-3","NJ","AP","30",16.2,123,"2557",2023-12-05,"4:10",250,"1:47",107,"2:09",129,"","RT-11","2023-12-14 RT-11",NA,"EH","PH",""
"341","2024","Dec",2023-12-13,"Chinook Salmon","late-fall","BT-3","NJ","AP","31",40.4,160,"2474",2023-12-05,"2:44",164,"1:23",83,"2:16",136,"","RT-12","2023-12-14 RT-12",NA,"EH","PH",""
"342","2024","Dec",2023-12-13,"Chinook Salmon","late-fall","BT-3","NJ","AP","32",14.3,118,"2116",2023-12-05,"3:35",215,"1:33",93,"2:18",138,"","RT-12","2023-12-14 RT-12",NA,"EH","PH",""
"343","2024","Dec",2023-12-13,"Chinook Salmon","late-fall","BT-3","NJ","AP","33",25.9,141,"27A6",2023-12-05,"2:48",168,"1:34",94,"3:06",186,"","RT-12","2023-12-14 RT-12",NA,"EH","PH",""
"344","2024","Dec",2023-12-13,"Chinook Salmon","late-fall","BT-3","NJ","AP","34",25.4,132,"25A8",2023-12-05,"3:13",193,"1:34",94,"2:49",169,"","RT-12","2023-12-14 RT-12",NA,"EH","PH",""
"345","2024","Dec",2023-12-13,"Chinook Salmon","late-fall","BT-3","NJ","AP","35",8.8,94,"22AD",2023-12-05,"3:01",181,"1:47",107,"2:09",129,"","RT-12","2023-12-14 RT-12",NA,"EH","PH",""
"346","2024","Dec",2023-12-13,"Chinook Salmon","late-fall","BT-3","NJ","AP","36",20.2,131,"2165",2023-12-05,"3:23",203,"1:36",96,"3:37",217,"","RT-12","2023-12-14 RT-12",NA,"EH","PH",""
"347","2024","Dec",2023-12-13,"Chinook Salmon","late-fall","BT-3","NJ","AP","37",37.4,150,"228B",2023-12-05,"3:38",218,"1:35",95,"3:29",209,"","RT-12","2023-12-14 RT-12",NA,"EH","PH",""
"348","2024","Dec",2023-12-13,"Chinook Salmon","late-fall","BT-3","NJ","AP","38",18.8,126,"24E5",2023-12-05,"3:43",223,"1:37",97,"3:03",183,"","RT-12","2023-12-14 RT-12",NA,"EH","PH",""
"349","2024","Dec",2023-12-13,"Chinook Salmon","late-fall","BT-3","NJ","AP","39",44.4,156,"1F5A",2023-12-05,"3:34",214,"1:28",88,"3:20",200,"","RT-12","2023-12-14 RT-12",NA,"EH","PH",""
"350","2024","Dec",2023-12-13,"Chinook Salmon","late-fall","BT-3","NJ","AP","40",15.1,120,"224E",2023-12-05,"3:37",217,"1:27",87,"3:34",214,"","RT-12","2023-12-14 RT-12",NA,"EH","PH",""
"351","2024","Dec",2023-12-13,"Chinook Salmon","late-fall","BT-3","AP","NJ","41",21.2,135,"2472",2023-12-05,"4:02",242,"1:55",115,"4:49",289,"","RT-13","2023-12-14 RT-13",NA,"EH","PH",""
"352","2024","Dec",2023-12-13,"Chinook Salmon","late-fall","BT-3","AP","NJ","42",10.8,104,"1ECA",2023-12-05,"4:09",249,"2:51",171,"3:27",207,"","RT-13","2023-12-14 RT-13",NA,"EH","PH",""
"353","2024","Dec",2023-12-13,"Chinook Salmon","late-fall","BT-3","AP","NJ","43",32.7,164,"290A",2023-12-05,"4:55",295,"2:24",144,"2:45",165,"","RT-13","2023-12-14 RT-13",NA,"EH","PH",""
"354","2024","Dec",2023-12-13,"Chinook Salmon","late-fall","BT-3","AP","NJ","44",30.8,145,"21AE",2023-12-05,"3:10",190,"3:02",182,"1:33",93,"","RT-13","2023-12-14 RT-13",NA,"EH","PH",""
"355","2024","Dec",2023-12-13,"Chinook Salmon","late-fall","BT-3","AP","NJ","45",14,114,"22C2",2023-12-05,"3:00",180,"2:52",172,"1:44",104,"","RT-13","2023-12-14 RT-13",NA,"EH","PH",""
"356","2024","Dec",2023-12-13,"Chinook Salmon","late-fall","BT-3","AP","NJ","46",21.6,133,"2225",2023-12-05,"3:54",234,"2:00",120,"2:22",142,"","RT-13","2023-12-14 RT-13",NA,"EH","PH",""
"357","2024","Dec",2023-12-13,"Chinook Salmon","late-fall","BT-3","AP","NJ","47",22.6,133,"22E6",2023-12-05,"3:41",221,"2:05",125,"1:36",96,"","RT-13","2023-12-14 RT-13",NA,"EH","PH",""
"358","2024","Dec",2023-12-13,"Chinook Salmon","late-fall","BT-3","AP","NJ","48",11.4,102,"245A",2023-12-05,"2:34",154,"3:08",188,"4:23",263,"","RT-13","2023-12-14 RT-13",NA,"EH","PH",""
"359","2024","Dec",2023-12-13,"Chinook Salmon","late-fall","BT-3","AP","NJ","49",43.2,165,"284E",2023-12-05,"2:47",167,"2:04",124,"4:00",240,"","RT-13","2023-12-14 RT-13",NA,"EH","PH",""
"360","2024","Dec",2023-12-13,"Chinook Salmon","late-fall","BT-3","AP","NJ","50",17.4,123,"23DA",2023-12-05,"3:54",234,"1:50",110,"1:53",113,"","RT-13","2023-12-14 RT-13",NA,"EH","PH",""
"361","2024","Dec",2023-12-13,"Chinook Salmon","late-fall","BT-3","AP","NJ","51",53.1,171,"214D",2023-12-05,"4:44",284,"2:11",131,"2:38",158,"","RT-14","2023-12-14 RT-14",NA,"EH","PH",""
"362","2024","Dec",2023-12-13,"Chinook Salmon","late-fall","BT-3","AP","NJ","52",50.3,167,"22C4",2023-12-05,"3:02",182,"2:37",157,"2:49",169,"","RT-14","2023-12-14 RT-14",NA,"EH","PH",""
"363","2024","Dec",2023-12-13,"Chinook Salmon","late-fall","BT-4","AP","NJ","53",50.9,172,"2591",2023-12-05,"4:17",257,"2:04",124,"3:47",227,"","RT-14","2023-12-14 RT-14",NA,"EH","PH",""
"364","2024","Dec",2023-12-13,"Chinook Salmon","late-fall","BT-4","AP","NJ","54",23.5,138,"285E",2023-12-05,"4:02",242,"1:51",111,"2:56",176,"","RT-14","2023-12-14 RT-14",NA,"EH","PH",""
"365","2024","Dec",2023-12-13,"Chinook Salmon","late-fall","BT-4","AP","NJ","55",51.7,179,"2476",2023-12-05,"4:31",271,"2:32",152,"3:55",235,"","RT-14","2023-12-14 RT-14",NA,"EH","PH",""
"366","2024","Dec",2023-12-13,"Chinook Salmon","late-fall","BT-4","AP","NJ","56",57.1,173,"253A",2023-12-05,"4:23",263,"2:47",167,"1:37",97,"","RT-14","2023-12-14 RT-14",NA,"EH","PH",""
"367","2024","Dec",2023-12-13,"Chinook Salmon","late-fall","BT-4","AP","NJ","57",60,177,"26EC",2023-12-05,"3:46",226,"2:46",166,"2:13",133,"","RT-14","2023-12-14 RT-14",NA,"EH","PH",""
"368","2024","Dec",2023-12-13,"Chinook Salmon","late-fall","BT-4","AP","NJ","58",67.8,189,"24DB",2023-12-05,"3:25",205,"2:49",169,"2:36",156,"","RT-14","2023-12-14 RT-14",NA,"EH","PH",""
"369","2024","Dec",2023-12-13,"Chinook Salmon","late-fall","BT-4","AP","NJ","59",9,99,"1DB6",2023-12-05,"3:17",197,"2:59",179,"3:50",230,"","RT-14","2023-12-14 RT-14",NA,"EH","PH",""
"370","2024","Dec",2023-12-13,"Chinook Salmon","late-fall","BT-4","AP","NJ","60",36.4,159,"204A",2023-12-05,"4:27",267,"2:13",133,"1:20",80,"","RT-14","2023-12-14 RT-14",NA,"EH","PH",""
"371","2024","Dec",2023-12-13,"Chinook Salmon","late-fall","BT-4","AP","NJ","61",53,175,"21A9",2023-12-05,"3:45",225,"2:24",144,"2:32",152,"","RT-15","2023-12-14 RT-15",NA,"EH","PH",""
"372","2024","Dec",2023-12-13,"Chinook Salmon","late-fall","BT-4","AP","NJ","62",47,168,"2192",2023-12-05,"4:48",288,"2:22",142,"1:33",93,"","RT-15","2023-12-14 RT-15",NA,"EH","PH",""
"373","2024","Dec",2023-12-13,"Chinook Salmon","late-fall","BT-4","AP","NJ","63",61.9,182,"2529",2023-12-05,"3:46",226,"2:02",122,"3:26",206,"","RT-15","2023-12-14 RT-15",NA,"EH","PH",""
"374","2024","Dec",2023-12-13,"Chinook Salmon","late-fall","BT-4","AP","NJ","64",58.1,177,"2466",2023-12-05,"2:56",176,"2:13",133,"2:45",165,"","RT-15","2023-12-14 RT-15",NA,"EH","PH",""
"375","2024","Dec",2023-12-13,"Chinook Salmon","late-fall","BT-4","AP","NJ","65",20.2,122,"2154",2023-12-05,"2:28",148,"1:58",118,"3:26",206,"","RT-15","2023-12-14 RT-15",NA,"EH","PH",""
"376","2024","Dec",2023-12-13,"Chinook Salmon","late-fall","BT-4","AP","NJ","66",40.2,157,"2749",2023-12-05,"3:02",182,"1:54",114,"2:47",167,"","RT-15","2023-12-14 RT-15",NA,"EH","PH",""
"377","2024","Dec",2023-12-13,"Chinook Salmon","late-fall","BT-4","AP","NJ","67",13.2,112,"2545",2023-12-05,"3:11",191,"2:15",135,"4:05",245,"","RT-15","2023-12-14 RT-15",NA,"EH","PH",""
"378","2024","Dec",2023-12-13,"Chinook Salmon","late-fall","BT-4","AP","NJ","68",15.1,117,"1DB5",2023-12-05,"3:22",202,"2:20",140,"2:37",157,"","RT-15","2023-12-14 RT-15",NA,"EH","PH",""
"379","2024","Dec",2023-12-13,"Chinook Salmon","late-fall","BT-4","AP","NJ","69",41.2,155,"26E6",2023-12-05,"3:40",220,"1:50",110,"3:37",217,"","RT-15","2023-12-14 RT-15",NA,"EH","PH",""
"380","2024","Dec",2023-12-13,"Chinook Salmon","late-fall","BT-4","AP","NJ","70",23.2,136,"2750",2023-12-05,"3:56",236,"2:50",170,"2:50",170,"","RT-15","2023-12-14 RT-15",NA,"EH","PH",""
"381","2024","Dec",2023-12-13,"Chinook Salmon","late-fall","BT-4","AP","NJ","71",42.3,161,"2269",2023-12-05,"3:35",215,"2:39",159,"1:55",115,"","RT-16","2023-12-14 RT-16",NA,"EH","PH",""
"382","2024","Dec",2023-12-13,"Chinook Salmon","late-fall","BT-4","AP","NJ","72",33.2,152,"25A9",2023-12-05,"4:09",249,"4:22",262,"2:16",136,"","RT-16","2023-12-14 RT-16",NA,"EH","PH",""
"383","2024","Dec",2023-12-13,"Chinook Salmon","late-fall","BT-4","AP","NJ","73",19.7,127,"2422",2023-12-05,"2:55",175,"2:23",143,"3:18",198,"","RT-16","2023-12-14 RT-16",NA,"EH","PH",""
"384","2024","Dec",2023-12-13,"Chinook Salmon","late-fall","BT-4","AP","NJ","74",41.3,164,"206A",2023-12-05,"4:25",265,"2:24",144,"2:35",155,"","RT-16","2023-12-14 RT-16",NA,"EH","PH",""
"385","2024","Dec",2023-12-13,"Chinook Salmon","late-fall","BT-4","AP","NJ","75",49.4,174,"25A7",2023-12-05,"3:32",212,"2:16",136,"3:01",181,"","RT-16","2023-12-14 RT-16",NA,"EH","PH",""
"386","2024","Dec",2023-12-13,"Chinook Salmon","late-fall","BT-4","AP","NJ","76",28.7,146,"2428",2023-12-05,"4:21",261,"1:43",103,"4:11",251,"","RT-16","2023-12-14 RT-16",NA,"EH","PH",""
"387","2024","Dec",2023-12-13,"Chinook Salmon","late-fall","BT-4","AP","NJ","77",33.6,152,"22C9",2023-12-05,"4:18",258,"2:31",151,"3:07",187,"","RT-16","2023-12-14 RT-16",NA,"EH","PH",""
"388","2024","Dec",2023-12-13,"Chinook Salmon","late-fall","BT-4","AP","NJ","78",11,112,"24B1",2023-12-05,"4:04",244,"2:11",131,"1:42",102,"","RT-16","2023-12-14 RT-16",NA,"EH","PH",""
"389","2024","Dec",2023-12-13,"Chinook Salmon","late-fall","BT-4","AP","NJ","79",42.9,165,"202A",2023-12-05,"3:26",206,"2:01",121,"2:47",167,"","RT-16","2023-12-14 RT-16",NA,"EH","PH",""
"390","2024","Dec",2023-12-13,"Chinook Salmon","late-fall","BT-4","AP","NJ","80",21.1,132,"22F2",2023-12-05,"4:08",248,"2:24",144,"1:22",82,"","RT-16","2023-12-14 RT-16",NA,"EH","PH",""
"391","2024","Dec",2023-12-14,"Chinook Salmon","late-fall","BT-4","NJ","AP","1",28,144,"216D",2023-12-05,"4:17",257,"2:08",128,"2:14",134,"","RT-17","2023-12-15 RT-17",NA,"EH","PH",""
"392","2024","Dec",2023-12-14,"Chinook Salmon","late-fall","BT-4","NJ","AP","2",70.6,187,"2505",2023-12-05,"3:19",199,"1:46",106,"6:50",410,"","RT-17","2023-12-15 RT-17",NA,"EH","PH",""
"393","2024","Dec",2023-12-14,"Chinook Salmon","late-fall","BT-4","NJ","AP","3",20.4,128,"2502",2023-12-05,"3:33",213,"1:23",83,"3:42",222,"","RT-17","2023-12-15 RT-17",NA,"EH","PH",""
"394","2024","Dec",2023-12-14,"Chinook Salmon","late-fall","BT-4","NJ","AP","4",8.5,97,"2690",2023-12-05,"4:19",259,"1:52",112,"4:00",240,"","RT-17","2023-12-15 RT-17",NA,"EH","PH",""
"395","2024","Dec",2023-12-14,"Chinook Salmon","late-fall","BT-4","NJ","AP","5",27.1,141,"2775",2023-12-05,"4:10",250,"2:09",129,"3:22",202,"","RT-17","2023-12-15 RT-17",NA,"EH","PH",""
"396","2024","Dec",2023-12-14,"Chinook Salmon","late-fall","BT-4","NJ","AP","6",22.8,130,"28F2",2023-12-05,"4:55",295,"1:39",99,"2:40",160,"","RT-17","2023-12-15 RT-17",NA,"EH","PH",""
"397","2024","Dec",2023-12-14,"Chinook Salmon","late-fall","BT-4","NJ","AP","7",52.2,169,"2136",2023-12-05,"3:22",202,"1:32",92,"3:32",212,"","RT-17","2023-12-15 RT-17",NA,"EH","PH",""
"398","2024","Dec",2023-12-14,"Chinook Salmon","late-fall","BT-4","NJ","AP","8",31.8,146,"25BD",2023-12-05,"3:56",236,"1:31",91,"2:51",171,"","RT-17","2023-12-15 RT-17",NA,"EH","PH",""
"399","2024","Dec",2023-12-14,"Chinook Salmon","late-fall","BT-4","NJ","AP","9",32.7,150,"2482",2023-12-05,"4:31",271,"1:20",80,"4:04",244,"","RT-17","2023-12-15 RT-17",NA,"EH","PH",""
"400","2024","Dec",2023-12-14,"Chinook Salmon","late-fall","BT-4","NJ","AP","10",18.3,129,"2595",2023-12-05,"3:59",239,"1:14",74,"4:19",259,"","RT-17","2023-12-15 RT-17",NA,"EH","PH",""
"401","2024","Dec",2023-12-14,"Chinook Salmon","late-fall","BT-4","NJ","AP","11",45.2,164,"2432",2023-12-05,"4:02",242,"2:02",122,"2:02",122,"","RT-18","2023-12-15 RT-18",NA,"EH","PH",""
"402","2024","Dec",2023-12-14,"Chinook Salmon","late-fall","BT-4","NJ","AP","12",13.2,113,"21A5",2023-12-05,"3:41",221,"2:02",122,"2:04",124,"","RT-18","2023-12-15 RT-18",NA,"EH","PH",""
"403","2024","Dec",2023-12-14,"Chinook Salmon","late-fall","BT-4","NJ","AP","13",14,111,"22B2",2023-12-05,"3:30",210,"1:19",79,"3:29",209,"","RT-18","2023-12-15 RT-18",NA,"EH","PH",""
"404","2024","Dec",2023-12-14,"Chinook Salmon","late-fall","BT-4","NJ","AP","14",9.8,102,"20A2",2023-12-05,"4:40",280,"2:01",121,"3:37",217,"","RT-18","2023-12-15 RT-18",NA,"EH","PH",""
"405","2024","Dec",2023-12-14,"Chinook Salmon","late-fall","BT-4","NJ","AP","15",22.1,131,"27AA",2023-12-05,"4:25",265,"1:38",98,"3:15",195,"","RT-18","2023-12-15 RT-18",NA,"EH","PH",""
"406","2024","Dec",2023-12-14,"Chinook Salmon","late-fall","BT-4","NJ","AP","16",39.6,160,"2751",2023-12-05,"3:29",209,"1:41",101,"3:14",194,"","RT-18","2023-12-15 RT-18",NA,"EH","PH",""
"407","2024","Dec",2023-12-14,"Chinook Salmon","late-fall","BT-4","NJ","AP","17",33.7,154,"253C",2023-12-05,"3:41",221,"1:33",93,"3:14",194,"","RT-18","2023-12-15 RT-18",NA,"EH","PH",""
"408","2024","Dec",2023-12-14,"Chinook Salmon","late-fall","BT-4","NJ","AP","18",31,146,"2465",2023-12-05,"3:57",237,"1:13",73,"3:38",218,"","RT-18","2023-12-15 RT-18",NA,"EH","PH",""
"409","2024","Dec",2023-12-14,"Chinook Salmon","late-fall","BT-5","NJ","AP","19",38.2,156,"20B2",2023-12-05,"3:34",214,"1:35",95,"3:23",203,"","RT-18","2023-12-15 RT-18",NA,"EH","PH",""
"410","2024","Dec",2023-12-14,"Chinook Salmon","late-fall","BT-5","NJ","AP","20",23.9,137,"26B5",2023-12-05,"3:09",189,"1:43",103,"1:58",118,"","RT-18","2023-12-15 RT-18",NA,"EH","PH",""
"411","2024","Dec",2023-12-14,"Chinook Salmon","late-fall","BT-5","NJ","AP","21",31.4,146,"2579",2023-12-05,"4:10",250,"1:23",83,"1:14",74,"","RT-19","2023-12-15 RT-19",NA,"EH","PH",""
"412","2024","Dec",2023-12-14,"Chinook Salmon","late-fall","BT-5","NJ","AP","22",59.4,175,"2578",2023-12-05,"3:40",220,"1:43",103,"2:35",155,"","RT-19","2023-12-15 RT-19",NA,"EH","PH",""
"413","2024","Dec",2023-12-14,"Chinook Salmon","late-fall","BT-5","NJ","AP","23",22,131,"226D",2023-12-05,"3:04",184,"1:19",79,"3:40",220,"","RT-19","2023-12-15 RT-19",NA,"EH","PH",""
"414","2024","Dec",2023-12-14,"Chinook Salmon","late-fall","BT-5","NJ","AP","24",25.6,137,"286D",2023-12-05,"3:34",214,"1:35",95,"4:13",253,"","RT-19","2023-12-15 RT-19",NA,"EH","PH",""
"415","2024","Dec",2023-12-14,"Chinook Salmon","late-fall","BT-5","NJ","AP","25",28.1,145,"2334",2023-12-05,"4:04",244,"2:18",138,"1:26",86,"","RT-19","2023-12-15 RT-19",NA,"EH","PH",""
"416","2024","Dec",2023-12-14,"Chinook Salmon","late-fall","BT-5","NJ","AP","26",15.2,119,"1E96",2023-12-05,"3:29",209,"1:43",103,"1:29",89,"","RT-19","2023-12-15 RT-19",NA,"EH","PH",""
"417","2024","Dec",2023-12-14,"Chinook Salmon","late-fall","BT-5","NJ","AP","27",48,168,"2928",2023-12-05,"3:58",238,"1:50",110,"3:47",227,"","RT-19","2023-12-15 RT-19",NA,"EH","PH",""
"418","2024","Dec",2023-12-14,"Chinook Salmon","late-fall","BT-5","NJ","AP","28",37.4,157,"20A4",2023-12-05,"4:29",269,"1:26",86,"2:31",151,"","RT-19","2023-12-15 RT-19",NA,"EH","PH",""
"419","2024","Dec",2023-12-14,"Chinook Salmon","late-fall","BT-5","NJ","AP","29",74.8,185,"24BD",2023-12-05,"2:34",154,"2:01",121,"2:47",167,"","RT-19","2023-12-15 RT-19",NA,"EH","PH",""
"420","2024","Dec",2023-12-14,"Chinook Salmon","late-fall","BT-5","NJ","AP","30",21.3,133,"220A",2023-12-05,"4:31",271,"1:47",107,"3:12",192,"","RT-19","2023-12-15 RT-19",NA,"EH","PH",""
"421","2024","Dec",2023-12-14,"Chinook Salmon","late-fall","BT-5","NJ","AP","31",48.1,172,"21DA",2023-12-05,"3:40",220,"2:14",134,"2:38",158,"","RT-20","2023-12-15 RT-20",NA,"EH","PH",""
"422","2024","Dec",2023-12-14,"Chinook Salmon","late-fall","BT-5","NJ","AP","32",31.8,149,"21AD",2023-12-05,"4:32",272,"2:18",138,"2:23",143,"","RT-20","2023-12-15 RT-20",NA,"EH","PH",""
"423","2024","Dec",2023-12-14,"Chinook Salmon","late-fall","BT-5","NJ","AP","33",27.4,145,"2506",2023-12-05,"4:32",272,"1:50",110,"1:34",94,"","RT-20","2023-12-15 RT-20",NA,"EH","PH",""
"424","2024","Dec",2023-12-14,"Chinook Salmon","late-fall","BT-5","NJ","AP","34",28.6,143,"282B",2023-12-05,"3:37",217,"1:49",109,"2:48",168,"","RT-20","2023-12-15 RT-20",NA,"EH","PH",""
"425","2024","Dec",2023-12-14,"Chinook Salmon","late-fall","BT-5","NJ","AP","35",50.5,165,"2759",2023-12-05,"3:26",206,"1:28",88,"1:28",88,"","RT-20","2023-12-15 RT-20",NA,"EH","PH",""
"426","2024","Dec",2023-12-14,"Chinook Salmon","late-fall","BT-5","NJ","AP","36",39.5,155,"2490",2023-12-05,"4:04",244,"1:32",92,"2:37",157,"","RT-20","2023-12-15 RT-20",NA,"EH","PH",""
"427","2024","Dec",2023-12-14,"Chinook Salmon","late-fall","BT-5","NJ","AP","37",65.7,179,"22C8",2023-12-05,"3:10",190,"1:29",89,"3:14",194,"","RT-20","2023-12-15 RT-20",NA,"EH","PH",""
"428","2024","Dec",2023-12-14,"Chinook Salmon","late-fall","BT-5","NJ","AP","38",23.4,136,"213A",2023-12-05,"3:27",207,"1:29",89,"2:59",179,"","RT-20","2023-12-15 RT-20",NA,"EH","PH",""
"429","2024","Dec",2023-12-14,"Chinook Salmon","late-fall","BT-5","NJ","AP","39",40.5,164,"2459",2023-12-05,"3:17",197,"1:31",91,"1:55",115,"","RT-20","2023-12-15 RT-20",NA,"EH","PH",""
"430","2024","Dec",2023-12-14,"Chinook Salmon","late-fall","BT-5","NJ","AP","40",47.1,163,"214A",2023-12-05,"2:29",149,"1:10",70,"1:19",79,"","RT-20","2023-12-15 RT-20",NA,"EH","PH",""
"431","2024","Dec",2023-12-14,"Chinook Salmon","late-fall","BT-5","AP","NJ","41",38.4,159,"2674",2023-12-05,"3:38",218,"1:59",119,"2:03",123,"","RT-21","2023-12-15 RT-21",NA,"EH","PH",""
"432","2024","Dec",2023-12-14,"Chinook Salmon","late-fall","BT-5","AP","NJ","42",36,151,"2216",2023-12-05,"3:45",225,"1:53",113,"2:02",122,"","RT-21","2023-12-15 RT-21",NA,"EH","PH",""
"433","2024","Dec",2023-12-14,"Chinook Salmon","late-fall","BT-5","AP","NJ","43",65.5,181,"22D5",2023-12-05,"2:11",131,"2:01",121,"2:57",177,"","RT-21","2023-12-15 RT-21",NA,"EH","PH",""
"434","2024","Dec",2023-12-14,"Chinook Salmon","late-fall","BT-5","AP","NJ","44",42.9,165,"2322",2023-12-05,"4:57",297,"2:17",137,"2:46",166,"","RT-21","2023-12-15 RT-21",NA,"EH","PH",""
"435","2024","Dec",2023-12-14,"Chinook Salmon","late-fall","BT-5","AP","NJ","45",21.6,133,"21D2",2023-12-05,"4:07",247,"2:14",134,"1:08",68,"","RT-21","2023-12-15 RT-21",NA,"EH","PH",""
"436","2024","Dec",2023-12-14,"Chinook Salmon","late-fall","BT-5","AP","NJ","46",54.1,169,"2905",2023-12-05,"4:32",272,"2:20",140,"2:50",170,"","RT-21","2023-12-15 RT-21",NA,"EH","PH",""
"437","2024","Dec",2023-12-14,"Chinook Salmon","late-fall","BT-5","AP","NJ","47",62.6,180,"26EB",2023-12-05,"4:03",243,"3:07",187,"3:50",230,"scale issues started","RT-21","2023-12-15 RT-21",NA,"EH","PH",""
"438","2024","Dec",2023-12-14,"Chinook Salmon","late-fall","BT-5","AP","NJ","48",37.6,161,"1DEA",2023-12-05,"3:52",232,"2:00",120,"4:40",280,"scale issue","RT-21","2023-12-15 RT-21",NA,"EH","PH",""
"439","2024","Dec",2023-12-14,"Chinook Salmon","late-fall","BT-5","AP","NJ","49",31,151,"21A2",2023-12-05,"4:42",282,"2:02",122,"4:20",260,"scale issue","RT-21","2023-12-15 RT-21",NA,"EH","PH",""
"440","2024","Dec",2023-12-14,"Chinook Salmon","late-fall","BT-5","AP","NJ","50",55.7,178,"242E",2023-12-05,"4:17",257,"2:38",158,"3:08",188,"scale issue","RT-21","2023-12-15 RT-21",NA,"EH","PH",""
"441","2024","Dec",2023-12-14,"Chinook Salmon","late-fall","BT-5","AP","NJ","51",35.2,156,"26F4",2023-12-05,"3:55",235,"2:21",141,"0:58",58,"new scale","RT-22","2023-12-15 RT-22",NA,"EH","PH",""
"442","2024","Dec",2023-12-14,"Chinook Salmon","late-fall","BT-5","AP","NJ","52",58.3,185,"2869",2023-12-05,"3:31",211,"2:10",130,"2:01",121,"","RT-22","2023-12-15 RT-22",NA,"EH","PH",""
"443","2024","Dec",2023-12-14,"Chinook Salmon","late-fall","BT-5","AP","NJ","53",18.5,126,"20AD",2023-12-05,"4:06",246,"1:58",118,"3:19",199,"","RT-22","2023-12-15 RT-22",NA,"EH","PH",""
"444","2024","Dec",2023-12-14,"Chinook Salmon","late-fall","BT-5","AP","NJ","54",39,156,"2527",2023-12-05,"4:54",294,"2:13",133,"4:28",268,"","RT-22","2023-12-15 RT-22",NA,"EH","PH",""
"445","2024","Dec",2023-12-14,"Chinook Salmon","late-fall","BT-5","AP","NJ","55",23.6,136,"1E95",2023-12-05,"4:28",268,"2:16",136,"1:35",95,"","RT-22","2023-12-15 RT-22",NA,"EH","PH",""
"446","2024","Dec",2023-12-14,"Chinook Salmon","late-fall","BT-5","AP","NJ","56",27.6,144,"1F6A",2023-12-05,"3:28",208,"1:57",117,"4:25",265,"","RT-22","2023-12-15 RT-22",NA,"EH","PH",""
"447","2024","Dec",2023-12-14,"Chinook Salmon","late-fall","BT-5","AP","NJ","57",23.4,136,"2325",2023-12-05,"3:16",196,"1:52",112,"2:02",122,"","RT-22","2023-12-15 RT-22",NA,"EH","PH",""
"448","2024","Dec",2023-12-14,"Chinook Salmon","late-fall","BT-5","AP","NJ","58",51,167,"2666",2023-12-05,"3:42",222,"2:01",121,"3:20",200,"","RT-22","2023-12-15 RT-22",NA,"EH","PH",""
"449","2024","Dec",2023-12-14,"Chinook Salmon","late-fall","BT-5","AP","NJ","59",63.2,182,"283A",2023-12-05,"3:07",187,"2:13",133,"3:21",201,"","RT-22","2023-12-15 RT-22",NA,"EH","PH",""
"450","2024","Dec",2023-12-14,"Chinook Salmon","late-fall","BT-5","AP","NJ","60",50.2,171,"1EA5",2023-12-05,"4:04",244,"2:01",121,"1:44",104,"","RT-22","2023-12-15 RT-22",NA,"EH","PH",""
"451","2024","Dec",2023-12-14,"Chinook Salmon","late-fall","BT-5","AP","NJ","61",21.4,135,"2264",2023-12-05,"2:49",169,"2:35",155,"2:20",140,"","RT-23","2023-12-15 RT-23",NA,"EH","PH",""
"452","2024","Dec",2023-12-14,"Chinook Salmon","late-fall","BT-5","AP","NJ","62",45.1,165,"216C",2023-12-05,"4:45",285,"2:08",128,"3:28",208,"","RT-23","2023-12-15 RT-23",NA,"EH","PH",""
"453","2024","Dec",2023-12-14,"Chinook Salmon","late-fall","BT-5","AP","NJ","63",28.9,144,"229C",2023-12-05,"3:13",193,"1:35",95,"2:54",174,"","RT-23","2023-12-15 RT-23",NA,"EH","PH",""
"454","2024","Dec",2023-12-14,"Chinook Salmon","late-fall","BT-5","AP","NJ","64",29.5,143,"2456",2023-12-05,"2:00",120,"1:49",109,"2:01",121,"","RT-23","2023-12-15 RT-23",NA,"EH","PH",""
"455","2024","Dec",2023-12-14,"Chinook Salmon","late-fall","BT-5","AP","NJ","65",43.5,165,"217A",2023-12-05,"2:04",124,"2:39",159,"3:08",188,"","RT-23","2023-12-15 RT-23",NA,"EH","PH",""
"456","2024","Dec",2023-12-14,"Chinook Salmon","late-fall","BT-5","AP","NJ","66",21.3,121,"22BA",2023-12-05,"2:10",130,"2:10",130,"2:18",138,"","RT-23","2023-12-15 RT-23",NA,"EH","PH",""
"457","2024","Dec",2023-12-14,"Chinook Salmon","late-fall","BT-5","AP","NJ","67",49.2,172,"2359",2023-12-05,"3:58",238,"1:59",119,"0:43",43,"","RT-23","2023-12-15 RT-23",NA,"EH","PH",""
"458","2024","Dec",2023-12-14,"Chinook Salmon","late-fall","BT-5","AP","NJ","68",20.2,133,"24BC",2023-12-05,"3:58",238,"2:27",147,"3:32",212,"","RT-23","2023-12-15 RT-23",NA,"EH","PH",""
"459","2024","Dec",2023-12-14,"Chinook Salmon","late-fall","BT-5","AP","NJ","69",31,148,"24DC",2023-12-05,"3:07",187,"2:14",134,"3:04",184,"","RT-23","2023-12-15 RT-23",NA,"EH","PH",""
"460","2024","Dec",2023-12-14,"Chinook Salmon","late-fall","BT-5","AP","NJ","70",21.1,131,"214E",2023-12-05,"3:10",190,"2:10",130,"3:22",202,"","RT-23","2023-12-15 RT-23",NA,"EH","PH",""
"461","2024","Dec",2023-12-14,"Chinook Salmon","late-fall","BT-5","AP","NJ","71",29,143,"2735",2023-12-05,"3:07",187,"2:25",145,"3:31",211,"","RT-24","2023-12-15 RT-24",NA,"EH","PH",""
"462","2024","Dec",2023-12-14,"Chinook Salmon","late-fall","BT-6","AP","NJ","72",42.4,165,"24E2",2023-12-05,"3:18",198,"2:07",127,"3:59",239,"","RT-24","2023-12-15 RT-24",NA,"EH","PH",""
"463","2024","Dec",2023-12-14,"Chinook Salmon","late-fall","BT-6","AP","NJ","73",42.6,158,"2172",2023-12-05,"3:46",226,"1:51",111,"2:00",120,"","RT-24","2023-12-15 RT-24",NA,"EH","PH",""
"464","2024","Dec",2023-12-14,"Chinook Salmon","late-fall","BT-6","AP","NJ","74",30.7,145,"24B6",2023-12-05,"3:20",200,"1:52",112,"1:14",74,"","RT-24","2023-12-15 RT-24",NA,"EH","PH",""
"465","2024","Dec",2023-12-14,"Chinook Salmon","late-fall","BT-6","AP","NJ","75",29,140,"2495",2023-12-05,"4:25",265,"1:50",110,"3:42",222,"","RT-24","2023-12-15 RT-24",NA,"EH","PH",""
"466","2024","Dec",2023-12-14,"Chinook Salmon","late-fall","BT-6","AP","NJ","76",40.8,153,"20D4",2023-12-05,"4:40",280,"1:57",117,"3:13",193,"","RT-24","2023-12-15 RT-24",NA,"EH","PH",""
"467","2024","Dec",2023-12-14,"Chinook Salmon","late-fall","BT-6","AP","NJ","77",25.6,137,"244E",2023-12-05,"4:01",241,"1:49",109,"3:18",198,"","RT-24","2023-12-15 RT-24",NA,"EH","PH",""
"468","2024","Dec",2023-12-14,"Chinook Salmon","late-fall","BT-6","AP","NJ","78",55.3,175,"2493",2023-12-05,"4:04",244,"1:47",107,"2:14",134,"","RT-24","2023-12-15 RT-24",NA,"EH","PH",""
"469","2024","Dec",2023-12-14,"Chinook Salmon","late-fall","BT-6","AP","NJ","79",39,155,"2235",2023-12-05,"4:17",257,"1:37",97,"2:15",135,"","RT-24","2023-12-15 RT-24",NA,"EH","PH",""
"470","2024","Dec",2023-12-14,"Chinook Salmon","late-fall","BT-6","AP","NJ","80",52.5,175,"2315",2023-12-05,"4:17",257,"1:36",96,"1:57",117,"","RT-24","2023-12-15 RT-24",NA,"EH","PH",""
"471","2024","Jan",2024-01-09,"Chinook Salmon","late-fall","BT-1","NJ","AP, PH, TS","1",12.8,116,"14B8",2024-01-05,"4:49",289,"1:48",108,"1:34",94,"","RT-1","2024-01-10 RT-1",NA,"PH","NJ",""
"472","2024","Jan",2024-01-09,"Chinook Salmon","late-fall","BT-1","NJ","AP, PH, TS","2",32.9,155,"9719",2024-01-05,"3:19",199,"1:57",117,"1:24",84,"","RT-1","2024-01-10 RT-1",NA,"PH","NJ",""
"473","2024","Jan",2024-01-09,"Chinook Salmon","late-fall","BT-1","NJ","AP, PH, TS","3",28.9,140,"1ADC",2024-01-05,"3:29",209,"1:31",91,"1:33",93,"","RT-1","2024-01-10 RT-1",NA,"PH","NJ",""
"474","2024","Jan",2024-01-09,"Chinook Salmon","late-fall","BT-1","NJ","AP, PH, TS","4",15.2,106,"A422",2024-01-05,"4:01",241,"1:38",98,"1:46",106,"","RT-1","2024-01-10 RT-1",NA,"PH","NJ",""
"475","2024","Jan",2024-01-09,"Chinook Salmon","late-fall","BT-1","NJ","AP, PH, TS","5",26.2,133,"1D44",2024-01-05,"3:30",210,"1:36",96,"1:04",64,"","RT-1","2024-01-10 RT-1",NA,"PH","NJ",""
"476","2024","Jan",2024-01-09,"Chinook Salmon","late-fall","BT-1","NJ","AP, PH, TS","6",29.6,151,"1622",2024-01-05,"3:36",216,"1:28",88,"2:06",126,"","RT-1","2024-01-10 RT-1",NA,"PH","NJ",""
"477","2024","Jan",2024-01-09,"Chinook Salmon","late-fall","BT-1","NJ","AP, PH, TS","7",23,127,"14DC",2024-01-05,"3:17",197,"1:44",104,"1:41",101,"","RT-1","2024-01-10 RT-1",NA,"PH","NJ",""
"478","2024","Jan",2024-01-09,"Chinook Salmon","late-fall","BT-1","NJ","AP, PH, TS","8",16.4,130,"1B62",2024-01-05,"3:56",236,"1:41",101,"1:18",78,"","RT-1","2024-01-10 RT-1",NA,"PH","NJ",""
"479","2024","Jan",2024-01-09,"Chinook Salmon","late-fall","BT-1","NJ","AP, PH, TS","9",41.4,159,"A3D2",2024-01-05,"2:25",145,"1:23",83,"2:34",154,"","RT-1","2024-01-10 RT-1",NA,"PH","NJ",""
"480","2024","Jan",2024-01-09,"Chinook Salmon","late-fall","BT-1","NJ","AP, PH, TS","10",21.1,126,"9688",2024-01-05,"2:37",157,"1:44",104,"1:10",70,"","RT-1","2024-01-10 RT-1",NA,"PH","NJ",""
"481","2024","Jan",2024-01-09,"Chinook Salmon","late-fall","BT-1","NJ","AP, PH, TS","11",20.1,134,"176E",2024-01-05,"2:54",174,"1:49",109,"1:41",101,"","RT-2","2024-01-10 RT-2",NA,"PH","NJ",""
"482","2024","Jan",2024-01-09,"Chinook Salmon","late-fall","BT-1","NJ","AP, PH, TS","12",23.1,132,"96E4",2024-01-05,"3:23",203,"1:35",95,"1:55",115,"","RT-2","2024-01-10 RT-2",NA,"PH","NJ",""
"483","2024","Jan",2024-01-09,"Chinook Salmon","late-fall","BT-1","NJ","AP, PH, TS","13",12.9,120,"1D2E",2024-01-05,"3:45",225,"2:09",129,"4:18",258,"","RT-2","2024-01-10 RT-2",NA,"PH","NJ",""
"484","2024","Jan",2024-01-09,"Chinook Salmon","late-fall","BT-1","NJ","AP, PH, TS","14",11.6,100,"1D53",2024-01-05,"3:49",229,"1:34",94,"2:01",121,"","RT-2","2024-01-10 RT-2",NA,"PH","NJ",""
"485","2024","Jan",2024-01-09,"Chinook Salmon","late-fall","BT-1","NJ","AP, PH, TS","15",18.9,136,"1AB9",2024-01-05,"3:34",214,"1:32",92,"1:59",119,"","RT-2","2024-01-10 RT-2",NA,"PH","NJ",""
"486","2024","Jan",2024-01-09,"Chinook Salmon","late-fall","BT-1","NJ","AP, PH, TS","16",32.7,156,"9735",2024-01-05,"3:54",234,"1:58",118,"3:03",183,"","RT-2","2024-01-10 RT-2",NA,"PH","NJ",""
"487","2024","Jan",2024-01-09,"Chinook Salmon","late-fall","BT-1","NJ","AP, PH, TS","17",23,139,"96DD",2024-01-05,"4:39",279,"1:31",91,"3:40",220,"","RT-2","2024-01-10 RT-2",NA,"PH","NJ",""
"488","2024","Jan",2024-01-09,"Chinook Salmon","late-fall","BT-1","NJ","AP, PH, TS","18",28.5,137,"9674",2024-01-05,"3:40",220,"1:45",105,"1:31",91,"","RT-2","2024-01-10 RT-2",NA,"PH","NJ",""
"489","2024","Jan",2024-01-09,"Chinook Salmon","late-fall","BT-1","NJ","AP, PH, TS","19",17.5,128,"96A1",2024-01-05,"3:40",220,"1:23",83,"1:59",119,"","RT-2","2024-01-10 RT-2",NA,"PH","NJ",""
"490","2024","Jan",2024-01-09,"Chinook Salmon","late-fall","BT-1","NJ","AP, PH, TS","20",24.2,144,"1426",2024-01-05,"3:16",196,"1:57",117,"1:31",91,"","RT-2","2024-01-10 RT-2",NA,"PH","NJ",""
"491","2024","Jan",2024-01-09,"Chinook Salmon","late-fall","BT-1","NJ","AP, PH, TS","21",42.4,166,"14E6",2024-01-05,"3:19",199,"1:48",108,"3:09",189,"","RT-3","2024-01-10 RT-3",NA,"PH","NJ",""
"492","2024","Jan",2024-01-09,"Chinook Salmon","late-fall","BT-1","NJ","AP, PH, TS","22",24.9,143,"967A",2024-01-05,"3:24",204,"1:28",88,"4:29",269,"","RT-3","2024-01-10 RT-3",NA,"PH","NJ",""
"493","2024","Jan",2024-01-09,"Chinook Salmon","late-fall","BT-1","NJ","AP, PH, TS","23",37.4,146,"96E8",2024-01-05,"3:33",213,"1:22",82,"1:03",63,"","RT-3","2024-01-10 RT-3",NA,"PH","NJ",""
"494","2024","Jan",2024-01-09,"Chinook Salmon","late-fall","BT-1","NJ","AP, PH, TS","24",16.1,127,"16FA",2024-01-05,"4:11",251,"1:35",95,"2:08",128,"","RT-3","2024-01-10 RT-3",NA,"PH","NJ",""
"495","2024","Jan",2024-01-09,"Chinook Salmon","late-fall","BT-1","NJ","AP, PH, TS","25",38.1,159,"1D22",2024-01-05,"4:10",250,"2:20",140,"2:26",146,"","RT-3","2024-01-10 RT-3",NA,"PH","NJ",""
"496","2024","Jan",2024-01-09,"Chinook Salmon","late-fall","BT-1","NJ","AP, PH, TS","26",16.1,125,"16B0",2024-01-05,"3:21",201,"1:40",100,"1:07",67,"","RT-3","2024-01-10 RT-3",NA,"PH","NJ",""
"497","2024","Jan",2024-01-09,"Chinook Salmon","late-fall","BT-1","NJ","AP, PH, TS","27",24,142,"970B",2024-01-05,"4:49",289,"1:31",91,"3:55",235,"","RT-3","2024-01-10 RT-3",NA,"PH","NJ",""
"498","2024","Jan",2024-01-09,"Chinook Salmon","late-fall","BT-1","NJ","AP, PH, TS","28",28.6,145,"A439",2024-01-05,"3:59",239,"1:37",97,"1:06",66,"","RT-3","2024-01-10 RT-3",NA,"PH","NJ",""
"499","2024","Jan",2024-01-09,"Chinook Salmon","late-fall","BT-1","NJ","AP, PH, TS","29",12,113,"1B15",2024-01-05,"4:22",262,"1:57",117,"1:21",81,"","RT-3","2024-01-10 RT-3",NA,"PH","NJ",""
"500","2024","Jan",2024-01-09,"Chinook Salmon","late-fall","BT-1","NJ","AP, PH, TS","30",58.2,170,"96F5",2024-01-05,"4:44",284,"1:37",97,"3:10",190,"","RT-3","2024-01-10 RT-3",NA,"PH","NJ",""
"501","2024","Jan",2024-01-09,"Chinook Salmon","late-fall","BT-1","NJ","AP, PH, TS","31",19.8,126,"1B9A",2024-01-05,"2:41",161,"1:53",113,"4:38",278,"","RT-4","2024-01-10 RT-4",NA,"PH","NJ",""
"502","2024","Jan",2024-01-09,"Chinook Salmon","late-fall","BT-1","NJ","AP, PH, TS","32",18.5,126,"157C",2024-01-05,"4:18",258,"1:33",93,"2:11",131,"","RT-4","2024-01-10 RT-4",NA,"PH","NJ",""
"503","2024","Jan",2024-01-09,"Chinook Salmon","late-fall","BT-1","NJ","AP, PH, TS","33",30.2,149,"1B26",2024-01-05,"4:28",268,"1:18",78,"3:28",208,"","RT-4","2024-01-10 RT-4",NA,"PH","NJ",""
"504","2024","Jan",2024-01-09,"Chinook Salmon","late-fall","BT-1","NJ","AP, PH, TS","34",17.1,127,"A45F",2024-01-05,"4:12",252,"1:51",111,"3:22",202,"","RT-4","2024-01-10 RT-4",NA,"PH","NJ",""
"505","2024","Jan",2024-01-09,"Chinook Salmon","late-fall","BT-1","NJ","AP, PH, TS","35",17.1,125,"1B74",2024-01-05,"2:55",175,"1:31",91,"1:03",63,"","RT-4","2024-01-10 RT-4",NA,"PH","NJ",""
"506","2024","Jan",2024-01-09,"Chinook Salmon","late-fall","BT-1","NJ","AP, PH, TS","36",18.2,120,"14E4",2024-01-05,"4:29",269,"1:38",98,"2:59",179,"","RT-4","2024-01-10 RT-4",NA,"PH","NJ",""
"507","2024","Jan",2024-01-09,"Chinook Salmon","late-fall","BT-1","NJ","AP, PH, TS","37",14.4,122,"972C",2024-01-05,"3:44",224,"1:22",82,"4:08",248,"","RT-4","2024-01-10 RT-4",NA,"PH","NJ",""
"508","2024","Jan",2024-01-09,"Chinook Salmon","late-fall","BT-1","NJ","AP, PH, TS","38",19.2,121,"1538",2024-01-05,"3:02",182,"1:44",104,"0:32",32,"","RT-4","2024-01-10 RT-4",NA,"PH","NJ",""
"509","2024","Jan",2024-01-09,"Chinook Salmon","late-fall","BT-1","NJ","AP, PH, TS","39",31.7,140,"9744",2024-01-05,"3:41",221,"1:32",92,"4:50",290,"","RT-4","2024-01-10 RT-4",NA,"PH","NJ",""
"510","2024","Jan",2024-01-09,"Chinook Salmon","late-fall","BT-1","NJ","AP, PH, TS","40",27.1,134,"9764",2024-01-05,"3:33",213,"1:29",89,"3:35",215,"","RT-4","2024-01-10 RT-4",NA,"PH","NJ",""
"511","2024","Jan",2024-01-09,"Chinook Salmon","late-fall","BT-1","AP","NJ, PH, TS","41",17.6,133,"A3D3",2024-01-05,"3:19",199,"1:57",117,"1:28",88,"","RT-5","2024-01-10 RT-5",NA,"PH","NJ",""
"512","2024","Jan",2024-01-09,"Chinook Salmon","late-fall","BT-1","AP","NJ, PH, TS","42",21.8,130,"96BF",2024-01-05,"3:07",187,"1:49",109,"2:34",154,"","RT-5","2024-01-10 RT-5",NA,"PH","NJ",""
"513","2024","Jan",2024-01-09,"Chinook Salmon","late-fall","BT-1","AP","NJ, PH, TS","43",11.8,106,"A421",2024-01-05,"3:28",208,"1:54",114,"3:35",215,"","RT-5","2024-01-10 RT-5",NA,"PH","NJ",""
"514","2024","Jan",2024-01-09,"Chinook Salmon","late-fall","BT-2","AP","NJ, PH, TS","44",29.2,153,"1D2A",2024-01-05,"3:07",187,"1:53",113,"4:50",290,"","RT-5","2024-01-10 RT-5",NA,"PH","NJ",""
"515","2024","Jan",2024-01-09,"Chinook Salmon","late-fall","BT-2","AP","NJ, PH, TS","45",12.8,119,"9717",2024-01-05,"3:47",227,"1:48",108,"3:31",211,"","RT-5","2024-01-10 RT-5",NA,"PH","NJ",""
"516","2024","Jan",2024-01-09,"Chinook Salmon","late-fall","BT-2","AP","NJ, PH, TS","46",8.1,102,"967B",2024-01-05,"3:05",185,"2:25",145,"2:57",177,"","RT-5","2024-01-10 RT-5",NA,"PH","NJ",""
"517","2024","Jan",2024-01-09,"Chinook Salmon","late-fall","BT-2","AP","NJ, PH, TS","47",24.4,138,"969F",2024-01-05,"2:31",151,"2:48",168,"1:14",74,"","RT-5","2024-01-10 RT-5",NA,"PH","NJ",""
"518","2024","Jan",2024-01-09,"Chinook Salmon","late-fall","BT-2","AP","NJ, PH, TS","48",21.2,138,"1626",2024-01-05,"3:52",232,"1:50",110,"3:07",187,"","RT-5","2024-01-10 RT-5",NA,"PH","NJ",""
"519","2024","Jan",2024-01-09,"Chinook Salmon","late-fall","BT-2","AP","NJ, PH, TS","49",40,156,"9768",2024-01-05,"2:12",132,"1:59",119,"1:12",72,"","RT-5","2024-01-10 RT-5",NA,"PH","NJ",""
"520","2024","Jan",2024-01-09,"Chinook Salmon","late-fall","BT-2","AP","NJ, PH, TS","50",47.7,165,"1446",2024-01-05,"3:08",188,"2:09",129,"2:34",154,"","RT-5","2024-01-10 RT-5",NA,"PH","NJ",""
"521","2024","Jan",2024-01-09,"Chinook Salmon","late-fall","BT-2","AP","NJ, PH, TS","51",28.7,137,"9712",2024-01-05,"2:47",167,"1:57",117,"1:03",63,"","RT-6","2024-01-10 RT-6",NA,"PH","NJ",""
"522","2024","Jan",2024-01-09,"Chinook Salmon","late-fall","BT-2","AP","NJ, PH, TS","52",29.7,146,"1748",2024-01-05,"3:19",199,"1:47",107,"0:58",58,"","RT-6","2024-01-10 RT-6",NA,"PH","NJ",""
"523","2024","Jan",2024-01-09,"Chinook Salmon","late-fall","BT-2","AP","NJ, PH, TS","53",19.4,133,"1B4D",2024-01-05,"2:49",169,"1:57",117,"1:56",116,"","RT-6","2024-01-10 RT-6",NA,"PH","NJ",""
"524","2024","Jan",2024-01-09,"Chinook Salmon","late-fall","BT-2","AP","NJ, PH, TS","54",35.1,154,"1684",2024-01-05,"2:25",145,"2:22",142,"1:23",83,"","RT-6","2024-01-10 RT-6",NA,"PH","NJ",""
"525","2024","Jan",2024-01-09,"Chinook Salmon","late-fall","BT-2","AP","NJ, PH, TS","55",19.4,128,"147A",2024-01-05,"2:51",171,"1:54",114,"0:51",51,"","RT-6","2024-01-10 RT-6",NA,"PH","NJ",""
"526","2024","Jan",2024-01-09,"Chinook Salmon","late-fall","BT-2","AP","NJ, PH, TS","56",14.8,117,"A42B",2024-01-05,"2:41",161,"2:05",125,"1:26",86,"","RT-6","2024-01-10 RT-6",NA,"PH","NJ",""
"527","2024","Jan",2024-01-09,"Chinook Salmon","late-fall","BT-2","AP","NJ, PH, TS","57",10.5,113,"A461",2024-01-05,"3:27",207,"2:32",152,"3:11",191,"","RT-6","2024-01-10 RT-6",NA,"PH","NJ",""
"528","2024","Jan",2024-01-09,"Chinook Salmon","late-fall","BT-2","AP","NJ, PH, TS","58",9.1,108,"96F6",2024-01-05,"3:36",216,"2:06",126,"4:18",258,"","RT-6","2024-01-10 RT-6",NA,"PH","NJ",""
"529","2024","Jan",2024-01-09,"Chinook Salmon","late-fall","BT-2","AP","NJ, PH, TS","59",15.6,132,"1DB2",2024-01-05,"3:01",181,"3:44",224,"3:21",201,"","RT-6","2024-01-10 RT-6",NA,"PH","NJ",""
"530","2024","Jan",2024-01-09,"Chinook Salmon","late-fall","BT-2","AP","NJ, PH, TS","60",40,155,"15E4",2024-01-05,"4:27",267,"1:55",115,"4:25",265,"","RT-6","2024-01-10 RT-6",NA,"PH","NJ",""
"531","2024","Jan",2024-01-09,"Chinook Salmon","late-fall","BT-2","AP","NJ, PH, TS","61",57.4,179,"163A",2024-01-05,"2:50",170,"2:01",121,"2:32",152,"","RT-7","2024-01-10 RT-7",NA,"PH","NJ",""
"532","2024","Jan",2024-01-09,"Chinook Salmon","late-fall","BT-2","AP","NJ, PH, TS","62",17.8,130,"1724",2024-01-05,"2:38",158,"1:38",98,"2:21",141,"","RT-7","2024-01-10 RT-7",NA,"PH","NJ",""
"533","2024","Jan",2024-01-09,"Chinook Salmon","late-fall","BT-2","AP","NJ, PH, TS","63",11.7,104,"9734",2024-01-05,"2:23",143,"1:58",118,"2:57",177,"","RT-7","2024-01-10 RT-7",NA,"PH","NJ",""
"534","2024","Jan",2024-01-09,"Chinook Salmon","late-fall","BT-2","AP","NJ, PH, TS","64",16.1,122,"1C94",2024-01-05,"2:14",134,"1:58",118,"1:06",66,"","RT-7","2024-01-10 RT-7",NA,"PH","NJ",""
"535","2024","Jan",2024-01-09,"Chinook Salmon","late-fall","BT-2","AP","NJ, PH, TS","65",18,138,"15D8",2024-01-05,"2:31",151,"1:46",106,"1:22",82,"","RT-7","2024-01-10 RT-7",NA,"PH","NJ",""
"536","2024","Jan",2024-01-09,"Chinook Salmon","late-fall","BT-2","AP","NJ, PH, TS","66",13.7,118,"142E",2024-01-05,"3:07",187,"1:50",110,"2:52",172,"","RT-7","2024-01-10 RT-7",NA,"PH","NJ",""
"537","2024","Jan",2024-01-09,"Chinook Salmon","late-fall","BT-2","AP","NJ, PH, TS","67",18.8,131,"9725",2024-01-05,"2:21",141,"1:56",116,"2:46",166,"","RT-7","2024-01-10 RT-7",NA,"PH","NJ",""
"538","2024","Jan",2024-01-09,"Chinook Salmon","late-fall","BT-2","AP","NJ, PH, TS","68",20.7,130,"16F4",2024-01-05,"2:50",170,"1:35",95,"4:02",242,"","RT-7","2024-01-10 RT-7",NA,"PH","NJ",""
"539","2024","Jan",2024-01-09,"Chinook Salmon","late-fall","BT-2","AP","NJ, PH, TS","69",26.2,134,"151E",2024-01-05,"2:15",135,"1:49",109,"2:45",165,"","RT-7","2024-01-10 RT-7",NA,"PH","NJ",""
"540","2024","Jan",2024-01-09,"Chinook Salmon","late-fall","BT-2","AP","NJ, PH, TS","70",20.7,140,"9763",2024-01-05,"3:00",180,"1:39",99,"2:10",130,"","RT-7","2024-01-10 RT-7",NA,"PH","NJ",""
"541","2024","Jan",2024-01-09,"Chinook Salmon","late-fall","BT-2","AP","NJ, PH, TS","71",33.1,158,"1D57",2024-01-05,"3:04",184,"1:56",116,"1:05",65,"","RT-8","2024-01-10 RT-8",NA,"PH","NJ",""
"542","2024","Jan",2024-01-09,"Chinook Salmon","late-fall","BT-2","AP","NJ, PH, TS","72",22.9,142,"A3B5",2024-01-05,"3:32",212,"1:35",95,"4:50",290,"","RT-8","2024-01-10 RT-8",NA,"PH","NJ",""
"543","2024","Jan",2024-01-09,"Chinook Salmon","late-fall","BT-2","AP","NJ, PH, TS","73",20.8,124,"9673",2024-01-05,"3:03",183,"1:27",87,"1:00",60,"","RT-8","2024-01-10 RT-8",NA,"PH","NJ",""
"544","2024","Jan",2024-01-09,"Chinook Salmon","late-fall","BT-2","AP","NJ, PH, TS","74",50,166,"9727",2024-01-05,"3:32",212,"2:26",146,"3:20",200,"","RT-8","2024-01-10 RT-8",NA,"PH","NJ",""
"545","2024","Jan",2024-01-09,"Chinook Salmon","late-fall","BT-2","AP","NJ, PH, TS","75",38.1,162,"1AC6",2024-01-05,"3:10",190,"2:30",150,"1:23",83,"","RT-8","2024-01-10 RT-8",NA,"PH","NJ",""
"546","2024","Jan",2024-01-09,"Chinook Salmon","late-fall","BT-2","AP","NJ, PH, TS","76",18.8,132,"1B75",2024-01-05,"2:31",151,"1:27",87,"1:23",83,"","RT-8","2024-01-10 RT-8",NA,"PH","NJ",""
"547","2024","Jan",2024-01-09,"Chinook Salmon","late-fall","BT-2","AP","NJ, PH, TS","77",24.5,135,"9686",2024-01-05,"3:11",191,"1:45",105,"1:00",60,"","RT-8","2024-01-10 RT-8",NA,"PH","NJ",""
"548","2024","Jan",2024-01-09,"Chinook Salmon","late-fall","BT-2","AP","NJ, PH, TS","78",24.6,142,"96C3",2024-01-05,"2:06",126,"1:46",106,"1:02",62,"","RT-8","2024-01-10 RT-8",NA,"PH","NJ",""
"549","2024","Jan",2024-01-09,"Chinook Salmon","late-fall","BT-2","AP","NJ, PH, TS","79",14.7,121,"1488",2024-01-05,"2:27",147,"2:05",125,"1:00",60,"","RT-8","2024-01-10 RT-8",NA,"PH","NJ",""
"550","2024","Jan",2024-01-09,"Chinook Salmon","late-fall","BT-2","AP","NJ, PH, TS","80",12.8,112,"1462",2024-01-05,"2:21",141,"1:52",112,"1:07",67,"","RT-8","2024-01-10 RT-8",NA,"PH","NJ",""
"551","2024","Jan",2024-01-10,"Chinook Salmon","late-fall","BT-3","NJ","AP, PH, KB, KM","1",52.5,170,"1A84",2024-01-05,"3:14",194,"1:28",88,"1:16",76,"","RT-9","2024-01-11 RT-9",NA,"PH","NJ",""
"552","2024","Jan",2024-01-10,"Chinook Salmon","late-fall","BT-3","NJ","AP, PH, KB, KM","2",38.3,162,"1472",2024-01-05,"3:16",196,"1:26",86,"2:41",161,"","RT-9","2024-01-11 RT-9",NA,"PH","NJ",""
"553","2024","Jan",2024-01-10,"Chinook Salmon","late-fall","BT-3","NJ","AP, PH, KB, KM","3",41.1,144,"158E",2024-01-05,"3:14",194,"1:32",92,"2:16",136,"","RT-9","2024-01-11 RT-9",NA,"PH","NJ",""
"554","2024","Jan",2024-01-10,"Chinook Salmon","late-fall","BT-3","NJ","AP, PH, KB, KM","4",57.7,180,"9684",2024-01-05,"2:45",165,"1:17",77,"3:08",188,"","RT-9","2024-01-11 RT-9",NA,"PH","NJ",""
"555","2024","Jan",2024-01-10,"Chinook Salmon","late-fall","BT-3","NJ","AP, PH, KB, KM","5",34.2,150,"9762",2024-01-05,"3:26",206,"1:31",91,"2:36",156,"","RT-9","2024-01-11 RT-9",NA,"PH","NJ",""
"556","2024","Jan",2024-01-10,"Chinook Salmon","late-fall","BT-3","NJ","AP, PH, KB, KM","6",51.9,175,"1DAB",2024-01-05,"2:46",166,"1:33",93,"1:15",75,"","RT-9","2024-01-11 RT-9",NA,"PH","NJ",""
"557","2024","Jan",2024-01-10,"Chinook Salmon","late-fall","BT-3","NJ","AP, PH, KB, KM","7",66.1,191,"9683",2024-01-05,"2:28",148,"1:28",88,"1:21",81,"","RT-9","2024-01-11 RT-9",NA,"PH","NJ",""
"558","2024","Jan",2024-01-10,"Chinook Salmon","late-fall","BT-3","NJ","AP, PH, KB, KM","8",40,160,"1AD1",2024-01-05,"2:30",150,"1:13",73,"1:45",105,"","RT-9","2024-01-11 RT-9",NA,"PH","NJ",""
"559","2024","Jan",2024-01-10,"Chinook Salmon","late-fall","BT-3","NJ","AP, PH, KB, KM","9",25.1,130,"1450",2024-01-05,"2:22",142,"1:19",79,"2:50",170,"","RT-9","2024-01-11 RT-9",NA,"PH","NJ",""
"560","2024","Jan",2024-01-10,"Chinook Salmon","late-fall","BT-3","NJ","AP, PH, KB, KM","10",47,169,"9728",2024-01-05,"2:41",161,"1:36",96,"3:43",223,"","RT-9","2024-01-11 RT-9",NA,"PH","NJ",""
"561","2024","Jan",2024-01-10,"Chinook Salmon","late-fall","BT-3","NJ","AP, PH, KB, KM","11",57,179,"96AE",2024-01-05,"3:20",200,"1:41",101,"1:18",78,"","RT-10","2024-01-11 RT-10",NA,"PH","NJ",""
"562","2024","Jan",2024-01-10,"Chinook Salmon","late-fall","BT-3","NJ","AP, PH, KB, KM","12",67.7,187,"173A",2024-01-05,"3:09",189,"1:23",83,"3:22",202,"","RT-10","2024-01-11 RT-10",NA,"PH","NJ",""
"563","2024","Jan",2024-01-10,"Chinook Salmon","late-fall","BT-3","NJ","AP, PH, KB, KM","13",43,157,"1416",2024-01-05,"2:21",141,"1:53",113,"2:00",120,"","RT-10","2024-01-11 RT-10",NA,"PH","NJ",""
"564","2024","Jan",2024-01-10,"Chinook Salmon","late-fall","BT-3","NJ","AP, PH, KB, KM","14",45.6,167,"1CAE",2024-01-05,"2:44",164,"1:33",93,"2:15",135,"","RT-10","2024-01-11 RT-10",NA,"PH","NJ",""
"565","2024","Jan",2024-01-10,"Chinook Salmon","late-fall","BT-3","NJ","AP, PH, KB, KM","15",41.5,164,"974E",2024-01-05,"2:26",146,"1:20",80,"1:21",81,"","RT-10","2024-01-11 RT-10",NA,"PH","NJ",""
"566","2024","Jan",2024-01-10,"Chinook Salmon","late-fall","BT-3","NJ","AP, PH, KB, KM","16",24,141,"1682",2024-01-05,"2:29",149,"1:27",87,"2:56",176,"","RT-10","2024-01-11 RT-10",NA,"PH","NJ",""
"567","2024","Jan",2024-01-10,"Chinook Salmon","late-fall","BT-3","NJ","AP, PH, KB, KM","17",16.8,126,"1658",2024-01-05,"3:10",190,"1:45",105,"2:04",124,"","RT-10","2024-01-11 RT-10",NA,"PH","NJ",""
"568","2024","Jan",2024-01-10,"Chinook Salmon","late-fall","BT-3","NJ","AP, PH, KB, KM","18",35.8,144,"1AEA",2024-01-05,"2:11",131,"1:34",94,"4:55",295,"","RT-10","2024-01-11 RT-10",NA,"PH","NJ",""
"569","2024","Jan",2024-01-10,"Chinook Salmon","late-fall","BT-3","NJ","AP, PH, KB, KM","19",58.6,170,"16CE",2024-01-05,"2:26",146,"1:55",115,"2:11",131,"","RT-10","2024-01-11 RT-10",NA,"PH","NJ",""
"570","2024","Jan",2024-01-10,"Chinook Salmon","late-fall","BT-3","NJ","AP, PH, KB, KM","20",69.6,179,"9682",2024-01-05,"2:52",172,"1:33",93,"2:30",150,"","RT-10","2024-01-11 RT-10",NA,"PH","NJ",""
"571","2024","Jan",2024-01-10,"Chinook Salmon","late-fall","BT-3","NJ","AP, PH, KB, KM","21",37.2,160,"15D0",2024-01-05,"2:36",156,"1:59",119,"1:55",115,"","RT-11","2024-01-11 RT-11",NA,"PH","NJ",""
"572","2024","Jan",2024-01-10,"Chinook Salmon","late-fall","BT-3","NJ","AP, PH, KB, KM","22",36.7,157,"96F9",2024-01-05,"2:37",157,"1:18",78,"1:02",62,"","RT-11","2024-01-11 RT-11",NA,"PH","NJ",""
"573","2024","Jan",2024-01-10,"Chinook Salmon","late-fall","BT-3","NJ","AP, PH, KB, KM","23",45.5,169,"A43A",2024-01-05,"2:39",159,"1:17",77,"2:59",179,"","RT-11","2024-01-11 RT-11",NA,"PH","NJ",""
"574","2024","Jan",2024-01-10,"Chinook Salmon","late-fall","BT-3","NJ","AP, PH, KB, KM","24",33.4,155,"1578",2024-01-05,"3:03",183,"1:16",76,"3:12",192,"","RT-11","2024-01-11 RT-11",NA,"PH","NJ",""
"575","2024","Jan",2024-01-10,"Chinook Salmon","late-fall","BT-3","NJ","AP, PH, KB, KM","25",29.4,144,"1530",2024-01-05,"2:26",146,"1:14",74,"1:00",60,"","RT-11","2024-01-11 RT-11",NA,"PH","NJ",""
"576","2024","Jan",2024-01-10,"Chinook Salmon","late-fall","BT-3","NJ","AP, PH, KB, KM","26",17.4,134,"A445",2024-01-05,"3:07",187,"1:25",85,"2:54",174,"","RT-11","2024-01-11 RT-11",NA,"PH","NJ",""
"577","2024","Jan",2024-01-10,"Chinook Salmon","late-fall","BT-3","NJ","AP, PH, KB, KM","27",33.2,155,"1590",2024-01-05,"2:19",139,"1:36",96,"3:48",228,"","RT-11","2024-01-11 RT-11",NA,"PH","NJ",""
"578","2024","Jan",2024-01-10,"Chinook Salmon","late-fall","BT-3","NJ","AP, PH, KB, KM","28",64.2,185,"A448",2024-01-05,"2:32",152,"1:18",78,"1:16",76,"","RT-11","2024-01-11 RT-11",NA,"PH","NJ",""
"579","2024","Jan",2024-01-10,"Chinook Salmon","late-fall","BT-3","NJ","AP, PH, KB, KM","29",41.4,150,"1716",2024-01-05,"2:48",168,"1:33",93,"4:17",257,"","RT-11","2024-01-11 RT-11",NA,"PH","NJ",""
"580","2024","Jan",2024-01-10,"Chinook Salmon","late-fall","BT-3","NJ","AP, PH, KB, KM","30",37.6,156,"1B36",2024-01-05,"3:18",198,"1:18",78,"2:23",143,"","RT-11","2024-01-11 RT-11",NA,"PH","NJ",""
"581","2024","Jan",2024-01-10,"Chinook Salmon","late-fall","BT-3","NJ","AP, PH, KB, KM","31",19,127,"16F6",2024-01-05,"3:06",186,"1:18",78,"3:33",213,"","RT-12","2024-01-11 RT-12",NA,"PH","NJ",""
"582","2024","Jan",2024-01-10,"Chinook Salmon","late-fall","BT-3","NJ","AP, PH, KB, KM","32",21.3,135,"1464",2024-01-05,"2:14",134,"1:40",100,"2:29",149,"","RT-12","2024-01-11 RT-12",NA,"PH","NJ",""
"583","2024","Jan",2024-01-10,"Chinook Salmon","late-fall","BT-3","NJ","AP, PH, KB, KM","33",21.4,124,"96B3",2024-01-05,"2:30",150,"1:32",92,"2:16",136,"","RT-12","2024-01-11 RT-12",NA,"PH","NJ",""
"584","2024","Jan",2024-01-10,"Chinook Salmon","late-fall","BT-3","NJ","AP, PH, KB, KM","34",42.6,155,"1518",2024-01-05,"2:25",145,"1:10",70,"4:05",245,"","RT-12","2024-01-11 RT-12",NA,"PH","NJ",""
"585","2024","Jan",2024-01-10,"Chinook Salmon","late-fall","BT-3","NJ","AP, PH, KB, KM","35",45.8,165,"1474",2024-01-05,"2:01",121,"1:29",89,"1:41",101,"","RT-12","2024-01-11 RT-12",NA,"PH","NJ",""
"586","2024","Jan",2024-01-10,"Chinook Salmon","late-fall","BT-3","NJ","AP, PH, KB, KM","36",38.1,155,"15C2",2024-01-05,"2:42",162,"1:25",85,"4:45",285,"","RT-12","2024-01-11 RT-12",NA,"PH","NJ",""
"587","2024","Jan",2024-01-10,"Chinook Salmon","late-fall","BT-3","NJ","AP, PH, KB, KM","37",46.5,160,"A417",2024-01-05,"2:47",167,"1:20",80,"1:55",115,"","RT-12","2024-01-11 RT-12",NA,"PH","NJ",""
"588","2024","Jan",2024-01-10,"Chinook Salmon","late-fall","BT-3","NJ","AP, PH, KB, KM","38",17,132,"144C",2024-01-05,"3:21",201,"1:24",84,"3:32",212,"","RT-12","2024-01-11 RT-12",NA,"PH","NJ",""
"589","2024","Jan",2024-01-10,"Chinook Salmon","late-fall","BT-3","NJ","AP, PH, KB, KM","39",35.6,150,"15C8",2024-01-05,"2:03",123,"1:16",76,"1:20",80,"","RT-12","2024-01-11 RT-12",NA,"PH","NJ",""
"590","2024","Jan",2024-01-10,"Chinook Salmon","late-fall","BT-3","NJ","AP, PH, KB, KM","40",53.4,173,"1D66",2024-01-05,"2:43",163,"1:21",81,"1:08",68,"","RT-12","2024-01-11 RT-12",NA,"PH","NJ",""
"591","2024","Jan",2024-01-10,"Chinook Salmon","late-fall","BT-4","AP","NJ, KB","41",28.9,147,"16C8",2024-01-05,"2:26",146,"1:38",98,"1:35",95,"","RT-13","2024-01-11 RT-13",NA,"PH","NJ",""
"592","2024","Jan",2024-01-10,"Chinook Salmon","late-fall","BT-4","AP","NJ, KB","42",58.7,174,"150C",2024-01-05,"2:20",140,"1:50",110,"1:05",65,"","RT-13","2024-01-11 RT-13",NA,"PH","NJ",""
"593","2024","Jan",2024-01-10,"Chinook Salmon","late-fall","BT-4","AP","NJ, KB","43",43.3,169,"96E1",2024-01-05,"2:39",159,"1:53",113,"1:58",118,"","RT-13","2024-01-11 RT-13",NA,"PH","NJ",""
"594","2024","Jan",2024-01-10,"Chinook Salmon","late-fall","BT-4","AP","NJ, KB","44",26.8,132,"A44E",2024-01-05,"2:25",145,"2:06",126,"4:50",290,"","RT-13","2024-01-11 RT-13",NA,"PH","NJ",""
"595","2024","Jan",2024-01-10,"Chinook Salmon","late-fall","BT-4","AP","NJ, KB","45",70.4,187,"9757",2024-01-05,"2:03",123,"2:17",137,"1:40",100,"","RT-13","2024-01-11 RT-13",NA,"PH","NJ",""
"596","2024","Jan",2024-01-10,"Chinook Salmon","late-fall","BT-4","AP","NJ, KB","46",15.5,125,"974B",2024-01-05,"3:30",210,"2:12",132,"4:44",284,"","RT-13","2024-01-11 RT-13",NA,"PH","NJ",""
"597","2024","Jan",2024-01-10,"Chinook Salmon","late-fall","BT-4","AP","NJ, KB","47",32.8,147,"1D46",2024-01-05,"2:30",150,"1:46",106,"1:21",81,"","RT-13","2024-01-11 RT-13",NA,"PH","NJ",""
"598","2024","Jan",2024-01-10,"Chinook Salmon","late-fall","BT-4","AP","NJ, KB","48",52.6,177,"14C2",2024-01-10,"3:32",212,"1:55",115,"2:49",169,"","RT-13","2024-01-11 RT-13",NA,"PH","NJ",""
"599","2024","Jan",2024-01-10,"Chinook Salmon","late-fall","BT-4","AP","NJ, KB","49",45.7,159,"1CAB",2024-01-05,"2:14",134,"1:55",115,"3:08",188,"","RT-13","2024-01-11 RT-13",NA,"PH","NJ",""
"600","2024","Jan",2024-01-10,"Chinook Salmon","late-fall","BT-4","AP","NJ, KB","50",60.6,174,"A468",2024-01-05,"2:00",120,"1:52",112,"3:31",211,"","RT-13","2024-01-11 RT-13",NA,"PH","NJ",""
"601","2024","Jan",2024-01-10,"Chinook Salmon","late-fall","BT-4","AP","NJ, KB","51",61.3,180,"15FA",2024-01-05,"2:26",146,"1:51",111,"1:29",89,"","RT-14","2024-01-11 RT-14",NA,"PH","NJ",""
"602","2024","Jan",2024-01-10,"Chinook Salmon","late-fall","BT-4","AP","NJ, KB","52",38.7,156,"1632",2024-01-05,"2:58",178,"1:45",105,"4:02",242,"","RT-14","2024-01-11 RT-14",NA,"PH","NJ",""
"603","2024","Jan",2024-01-10,"Chinook Salmon","late-fall","BT-4","AP","NJ, KB","53",30.6,149,"1ACD",2024-01-05,"2:40",160,"1:50",110,"3:12",192,"","RT-14","2024-01-11 RT-14",NA,"PH","NJ",""
"604","2024","Jan",2024-01-10,"Chinook Salmon","late-fall","BT-4","AP","NJ, KB","54",47.2,170,"149E",2024-01-05,"2:41",161,"1:51",111,"1:02",62,"","RT-14","2024-01-11 RT-14",NA,"PH","NJ",""
"605","2024","Jan",2024-01-10,"Chinook Salmon","late-fall","BT-4","AP","NJ, KB","55",43.2,167,"1A8C",2024-01-05,"2:27",147,"2:03",123,"1:00",60,"","RT-14","2024-01-11 RT-14",NA,"PH","NJ",""
"606","2024","Jan",2024-01-10,"Chinook Salmon","late-fall","BT-4","AP","NJ, KB","56",52.3,174,"1646",2024-01-05,"2:51",171,"2:12",132,"1:58",118,"","RT-14","2024-01-11 RT-14",NA,"PH","NJ",""
"607","2024","Jan",2024-01-10,"Chinook Salmon","late-fall","BT-4","AP","NJ, KB","57",11.2,124,"972E",2024-01-05,"2:49",169,"2:03",123,"3:33",213,"","RT-14","2024-01-11 RT-14",NA,"PH","NJ",""
"608","2024","Jan",2024-01-10,"Chinook Salmon","late-fall","BT-4","AP","NJ, KB","58",73.2,194,"A44C",2024-01-05,"3:26",206,"2:07",127,"1:03",63,"","RT-14","2024-01-11 RT-14",NA,"PH","NJ",""
"609","2024","Jan",2024-01-10,"Chinook Salmon","late-fall","BT-4","AP","NJ, KB","59",28.1,142,"14FA",2024-01-05,"2:49",169,"1:55",115,"1:01",61,"","RT-14","2024-01-11 RT-14",NA,"PH","NJ",""
"610","2024","Jan",2024-01-10,"Chinook Salmon","late-fall","BT-4","AP","NJ, KB","60",33.1,157,"1DA2",2024-01-05,"3:04",184,"1:50",110,"2:00",120,"","RT-14","2024-01-11 RT-14",NA,"PH","NJ",""
"611","2024","Jan",2024-01-10,"Chinook Salmon","late-fall","BT-4","AP","NJ, KB","61",33.6,145,"1B4A",2024-01-05,"2:38",158,"1:52",112,"1:07",67,"","RT-15","2024-01-11 RT-15",NA,"PH","NJ",""
"612","2024","Jan",2024-01-10,"Chinook Salmon","late-fall","BT-4","AP","NJ, KB","62",33.2,145,"A3BD",2024-01-05,"2:02",122,"1:42",102,"2:21",141,"","RT-15","2024-01-11 RT-15",NA,"PH","NJ",""
"613","2024","Jan",2024-01-10,"Chinook Salmon","late-fall","BT-4","AP","NJ, KB","63",49.8,175,"16DC",2024-01-05,"2:32",152,"1:48",108,"1:14",74,"","RT-15","2024-01-11 RT-15",NA,"PH","NJ",""
"614","2024","Jan",2024-01-10,"Chinook Salmon","late-fall","BT-4","AP","NJ, KB","64",17.4,132,"1AD6",2024-01-05,"2:31",151,"1:47",107,"1:00",60,"","RT-15","2024-01-11 RT-15",NA,"PH","NJ",""
"615","2024","Jan",2024-01-10,"Chinook Salmon","late-fall","BT-4","AP","NJ, KB","65",38.1,140,"A462",2024-01-05,"2:23",143,"2:02",122,"1:21",81,"Frayed Pectoral Fins","RT-15","2024-01-11 RT-15",NA,"PH","NJ",""
"616","2024","Jan",2024-01-10,"Chinook Salmon","late-fall","BT-4","AP","NJ, KB","66",24.3,142,"1B6A",2024-01-05,"2:27",147,"1:52",112,"2:41",161,"","RT-15","2024-01-11 RT-15",NA,"PH","NJ",""
"617","2024","Jan",2024-01-10,"Chinook Salmon","late-fall","BT-4","AP","NJ, KB","67",71.5,187,"A409",2024-01-05,"2:40",160,"2:17",137,"2:51",171,"","RT-15","2024-01-11 RT-15",NA,"PH","NJ",""
"618","2024","Jan",2024-01-10,"Chinook Salmon","late-fall","BT-4","AP","NJ, KB","68",45.1,165,"970D",2024-01-05,"2:36",156,"1:45",105,"1:30",90,"","RT-15","2024-01-11 RT-15",NA,"PH","NJ",""
"619","2024","Jan",2024-01-10,"Chinook Salmon","late-fall","BT-4","AP","NJ, KB","69",40.9,161,"159E",2024-01-05,"2:32",152,"1:57",117,"1:00",60,"","RT-15","2024-01-11 RT-15",NA,"PH","NJ",""
"620","2024","Jan",2024-01-10,"Chinook Salmon","late-fall","BT-4","AP","NJ, KB","70",42.8,165,"14C4",2024-01-05,"2:46",166,"1:44",104,"1:42",102,"","RT-15","2024-01-11 RT-15",NA,"PH","NJ",""
"621","2024","Jan",2024-01-10,"Chinook Salmon","late-fall","BT-4","AP","NJ, KB, KM","71",51.9,165,"A450",2024-01-05,"2:48",168,"1:55",115,"1:28",88,"","RT-16","2024-01-11 RT-16",NA,"PH","NJ",""
"622","2024","Jan",2024-01-10,"Chinook Salmon","late-fall","BT-4","AP","NJ, KB, KM","72",62.4,185,"1AB1",2024-01-05,"2:14",134,"1:51",111,"1:14",74,"","RT-16","2024-01-11 RT-16",NA,"PH","NJ",""
"623","2024","Jan",2024-01-10,"Chinook Salmon","late-fall","BT-4","AP","NJ, KB, KM","73",26.7,152,"1B6E",2024-01-05,"2:14",134,"2:06",126,"1:05",65,"","RT-16","2024-01-11 RT-16",NA,"PH","NJ",""
"624","2024","Jan",2024-01-10,"Chinook Salmon","late-fall","BT-4","AP","NJ, KB, KM","74",31.6,145,"14D0",2024-01-05,"2:51",171,"2:11",131,"1:00",60,"","RT-16","2024-01-11 RT-16",NA,"PH","NJ",""
"625","2024","Jan",2024-01-10,"Chinook Salmon","late-fall","BT-4","AP","NJ, KB, KM","75",36.9,149,"A45D",2024-01-05,"2:11",131,"2:00",120,"1:00",60,"","RT-16","2024-01-11 RT-16",NA,"PH","NJ",""
"626","2024","Jan",2024-01-10,"Chinook Salmon","late-fall","BT-4","AP","NJ, KB, KM","76",31.8,143,"14E2",2024-01-05,"2:06",126,"1:48",108,"1:35",95,"","RT-16","2024-01-11 RT-16",NA,"PH","NJ",""
"627","2024","Jan",2024-01-10,"Chinook Salmon","late-fall","BT-4","AP","NJ, KB, KM","77",36.4,164,"975D",2024-01-05,"2:45",165,"1:46",106,"1:00",60,"","RT-16","2024-01-11 RT-16",NA,"PH","NJ",""
"628","2024","Jan",2024-01-10,"Chinook Salmon","late-fall","BT-4","AP","NJ, KB, KM","78",34.3,156,"1D35",2024-01-05,"2:59",179,"1:45",105,"1:01",61,"","RT-16","2024-01-11 RT-16",NA,"PH","NJ",""
"629","2024","Jan",2024-01-10,"Chinook Salmon","late-fall","BT-4","AP","NJ, KB, KM","79",15.9,130,"1744",2024-01-05,"1:59",119,"1:42",102,"1:22",82,"","RT-16","2024-01-11 RT-16",NA,"PH","NJ",""
"630","2024","Jan",2024-01-10,"Chinook Salmon","late-fall","BT-4","AP","NJ, KB, KM","80",69.4,187,"A428",2024-01-05,"2:45",165,"1:53",113,"1:26",86,"","RT-16","2024-01-11 RT-16",NA,"PH","NJ",""
"631","2024","Jan",2024-01-11,"Chinook Salmon","late-fall","BT-5","NJ","AP, PH, EH, CR","1",44,167,"96A3",2024-01-05,"2:43",163,"1:13",73,"1:00",60,"","RT-17","2024-01-12 RT-17",NA,"JM","NJ",""
"632","2024","Jan",2024-01-11,"Chinook Salmon","late-fall","BT-5","NJ","AP, PH, EH, CR","2",49.3,172,"14CE",2024-01-05,"1:57",117,"1:11",71,"3:06",186,"","RT-17","2024-01-12 RT-17",NA,"JM","NJ",""
"633","2024","Jan",2024-01-11,"Chinook Salmon","late-fall","BT-5","NJ","AP, PH, EH, CR","3",16.4,122,"1BDA",2024-01-05,"2:06",126,"1:16",76,"1:00",60,"","RT-17","2024-01-12 RT-17",NA,"JM","NJ",""
"634","2024","Jan",2024-01-11,"Chinook Salmon","late-fall","BT-5","NJ","AP, PH, EH, CR","4",19.2,130,"1742",2024-01-05,"1:07",67,"1:20",80,"1:28",88,"","RT-17","2024-01-12 RT-17",NA,"JM","NJ",""
"635","2024","Jan",2024-01-11,"Chinook Salmon","late-fall","BT-5","NJ","AP, PH, EH, CR","5",29,147,"14BE",2024-01-05,"2:07",127,"1:19",79,"1:15",75,"","RT-17","2024-01-12 RT-17",NA,"JM","NJ",""
"636","2024","Jan",2024-01-11,"Chinook Salmon","late-fall","BT-5","NJ","AP, PH, EH, CR","6",30.3,146,"1476",2024-01-05,"2:12",132,"1:36",96,"1:36",96,"","RT-17","2024-01-12 RT-17",NA,"JM","NJ",""
"637","2024","Jan",2024-01-11,"Chinook Salmon","late-fall","BT-5","NJ","AP, PH, EH, CR","7",20.1,134,"A46B",2024-01-05,"2:40",160,"1:31",91,"1:17",77,"","RT-17","2024-01-12 RT-17",NA,"JM","NJ",""
"638","2024","Jan",2024-01-11,"Chinook Salmon","late-fall","BT-5","NJ","AP, PH, EH, CR","8",55.7,185,"9714",2024-01-05,"2:32",152,"1:26",86,"1:22",82,"","RT-17","2024-01-12 RT-17",NA,"JM","NJ",""
"639","2024","Jan",2024-01-11,"Chinook Salmon","late-fall","BT-5","NJ","AP, PH, EH, CR","9",52.4,178,"145C",2024-01-05,"2:23",143,"1:27",87,"2:08",128,"","RT-17","2024-01-12 RT-17",NA,"JM","NJ",""
"640","2024","Jan",2024-01-11,"Chinook Salmon","late-fall","BT-5","NJ","AP, PH, EH, CR","10",27.7,151,"159C",2024-01-05,"2:39",159,"1:28",88,"1:52",112,"","RT-17","2024-01-12 RT-17",NA,"JM","NJ",""
"641","2024","Jan",2024-01-11,"Chinook Salmon","late-fall","BT-5","NJ","AP, PH, EH, CR","11",59.4,180,"96BB",2024-01-05,"3:22",202,"1:17",77,"2:16",136,"","RT-18","2024-01-12 RT-18",NA,"JM","NJ",""
"642","2024","Jan",2024-01-11,"Chinook Salmon","late-fall","BT-5","NJ","AP, PH, EH, CR","12",40,161,"166E",2024-01-05,"2:53",173,"1:26",86,"2:02",122,"","RT-18","2024-01-12 RT-18",NA,"JM","NJ",""
"643","2024","Jan",2024-01-11,"Chinook Salmon","late-fall","BT-5","NJ","AP, PH, EH, CR","13",37.8,162,"975F",2024-01-05,"2:36",156,"1:22",82,"2:59",179,"","RT-18","2024-01-12 RT-18",NA,"JM","NJ",""
"644","2024","Jan",2024-01-11,"Chinook Salmon","late-fall","BT-5","NJ","AP, PH, EH, CR","14",62.4,184,"15F4",2024-01-05,"2:58",178,"1:34",94,"2:07",127,"","RT-18","2024-01-12 RT-18",NA,"JM","NJ",""
"645","2024","Jan",2024-01-11,"Chinook Salmon","late-fall","BT-5","NJ","AP, PH, EH, CR","15",64.2,185,"1634",2024-01-05,"2:40",160,"1:20",80,"1:50",110,"","RT-18","2024-01-12 RT-18",NA,"JM","NJ",""
"646","2024","Jan",2024-01-11,"Chinook Salmon","late-fall","BT-5","NJ","AP, PH, EH, CR","16",44.4,167,"A41B",2024-01-05,"2:22",142,"1:08",68,"1:38",98,"","RT-18","2024-01-12 RT-18",NA,"JM","NJ",""
"647","2024","Jan",2024-01-11,"Chinook Salmon","late-fall","BT-5","NJ","AP, PH, EH, CR","17",34,155,"16F2",2024-01-05,"2:29",149,"1:24",84,"3:55",235,"","RT-18","2024-01-12 RT-18",NA,"JM","NJ",""
"648","2024","Jan",2024-01-11,"Chinook Salmon","late-fall","BT-5","NJ","AP, PH, EH, CR","18",52.1,173,"1436",2024-01-05,"3:07",187,"1:21",81,"2:58",178,"","RT-18","2024-01-12 RT-18",NA,"JM","NJ",""
"649","2024","Jan",2024-01-11,"Chinook Salmon","late-fall","BT-5","NJ","AP, PH, EH, CR","19",45.3,160,"96F1",2024-01-05,"3:15",195,"1:51",111,"4:26",266,"","RT-18","2024-01-12 RT-18",NA,"JM","NJ",""
"650","2024","Jan",2024-01-11,"Chinook Salmon","late-fall","BT-5","NJ","AP, PH, EH, CR","20",38.4,146,"A3B7",2024-01-05,"2:14",134,"1:43",103,"0:30",30,"","RT-18","2024-01-12 RT-18",NA,"JM","NJ",""
"651","2024","Jan",2024-01-11,"Chinook Salmon","late-fall","BT-5","NJ","AP, PH, EH, CR","21",39.3,163,"9742",2024-01-05,"2:59",179,"1:27",87,"2:25",145,"","RT-19","2024-01-12 RT-19",NA,"JM","NJ",""
"652","2024","Jan",2024-01-11,"Chinook Salmon","late-fall","BT-5","NJ","AP, PH, EH, CR","22",65.2,175,"16DE",2024-01-05,"1:28",88,"1:05",65,"2:52",172,"","RT-19","2024-01-12 RT-19",NA,"JM","NJ",""
"653","2024","Jan",2024-01-11,"Chinook Salmon","late-fall","BT-5","NJ","AP, PH, EH, CR","23",19.6,131,"16C2",2024-01-05,"1:51",111,"1:18",78,"2:39",159,"","RT-19","2024-01-12 RT-19",NA,"JM","NJ",""
"654","2024","Jan",2024-01-11,"Chinook Salmon","late-fall","BT-5","NJ","AP, PH, EH, CR","24",17,127,"1768",2024-01-05,"1:45",105,"1:17",77,"1:17",77,"","RT-19","2024-01-12 RT-19",NA,"JM","NJ",""
"655","2024","Jan",2024-01-11,"Chinook Salmon","late-fall","BT-5","NJ","AP, PH, EH, CR","25",37,148,"A43D",2024-01-05,"1:50",110,"1:23",83,"2:14",134,"","RT-19","2024-01-12 RT-19",NA,"JM","NJ",""
"656","2024","Jan",2024-01-11,"Chinook Salmon","late-fall","BT-5","NJ","AP, PH, EH, CR","26",31.4,150,"971A",2024-01-05,"1:35",95,"1:16",76,"1:33",93,"","RT-19","2024-01-12 RT-19",NA,"JM","NJ",""
"657","2024","Jan",2024-01-11,"Chinook Salmon","late-fall","BT-5","NJ","AP, PH, EH, CR","27",58.4,180,"15C6",2024-01-05,"1:38",98,"1:19",79,"3:32",212,"","RT-19","2024-01-12 RT-19",NA,"JM","NJ",""
"658","2024","Jan",2024-01-11,"Chinook Salmon","late-fall","BT-5","NJ","AP, PH, EH, CR","28",18.9,116,"96D7",2024-01-05,"1:24",84,"1:37",97,"2:32",152,"","RT-19","2024-01-12 RT-19",NA,"JM","NJ",""
"659","2024","Jan",2024-01-11,"Chinook Salmon","late-fall","BT-5","NJ","AP, PH, EH, CR","29",37,163,"14EC",2024-01-05,"2:10",130,"1:33",93,"2:19",139,"","RT-19","2024-01-12 RT-19",NA,"JM","NJ",""
"660","2024","Jan",2024-01-11,"Chinook Salmon","late-fall","BT-5","NJ","AP, PH, EH, CR","30",51.5,173,"96FB",2024-01-05,"1:56",116,"1:35",95,"2:19",139,"","RT-19","2024-01-12 RT-19",NA,"JM","NJ",""
"661","2024","Jan",2024-01-11,"Chinook Salmon","late-fall","BT-5","NJ","AP, PH, EH, CR","31",54.2,167,"A42D",2024-01-05,"3:19",199,"1:43",103,"4:20",260,"","RT-20","2024-01-12 RT-20",NA,"JM","NJ",""
"662","2024","Jan",2024-01-11,"Chinook Salmon","late-fall","BT-5","NJ","AP, PH, EH, CR","32",44.5,170,"1624",2024-01-05,"2:13",133,"1:08",68,"3:20",200,"","RT-20","2024-01-12 RT-20",NA,"JM","NJ",""
"663","2024","Jan",2024-01-11,"Chinook Salmon","late-fall","BT-5","NJ","AP, PH, EH, CR","33",51.9,175,"968B",2024-01-05,"1:38",98,"1:22",82,"3:09",189,"","RT-20","2024-01-12 RT-20",NA,"JM","NJ",""
"664","2024","Jan",2024-01-11,"Chinook Salmon","late-fall","BT-5","NJ","AP, PH, EH, CR","34",50.8,173,"1D14",2024-01-05,"1:52",112,"1:32",92,"1:14",74,"","RT-20","2024-01-12 RT-20",NA,"JM","NJ",""
"665","2024","Jan",2024-01-11,"Chinook Salmon","late-fall","BT-5","NJ","AP, PH, EH, CR","35",52.2,177,"1D34",2024-01-05,"2:12",132,"1:30",90,"1:46",106,"","RT-20","2024-01-12 RT-20",NA,"JM","NJ",""
"666","2024","Jan",2024-01-11,"Chinook Salmon","late-fall","BT-5","NJ","AP, PH, EH, CR","36",46.5,170,"1582",2024-01-05,"1:49",109,"1:14",74,"2:44",164,"","RT-20","2024-01-12 RT-20",NA,"JM","NJ",""
"667","2024","Jan",2024-01-11,"Chinook Salmon","late-fall","BT-5","NJ","AP, PH, EH, CR","37",46.7,170,"1D56",2024-01-05,"1:38",98,"1:36",96,"1:27",87,"","RT-20","2024-01-12 RT-20",NA,"JM","NJ",""
"668","2024","Jan",2024-01-11,"Chinook Salmon","late-fall","BT-5","NJ","AP, PH, EH, CR","38",18.3,114,"143A",2024-01-05,"1:34",94,"1:33",93,"2:37",157,"","RT-20","2024-01-12 RT-20",NA,"JM","NJ",""
"669","2024","Jan",2024-01-11,"Chinook Salmon","late-fall","BT-5","NJ","AP, PH, EH, CR","39",30,150,"9732",2024-01-05,"1:59",119,"1:31",91,"3:42",222,"","RT-20","2024-01-12 RT-20",NA,"JM","NJ",""
"670","2024","Jan",2024-01-11,"Chinook Salmon","late-fall","BT-5","NJ","AP, PH, EH, CR","40",22.6,135,"968A",2024-01-05,"1:56",116,"1:17",77,"4:25",265,"","RT-20","2024-01-12 RT-20",NA,"JM","NJ",""
"671","2024","Jan",2024-01-11,"Chinook Salmon","late-fall","BT-6","AP","NJ, CR, EH","41",25.8,132,"9709",2024-01-05,"1:41",101,"1:40",100,"1:29",89,"","RT-21","2024-01-12 RT-21",NA,"JM","NJ",""
"672","2024","Jan",2024-01-11,"Chinook Salmon","late-fall","BT-6","AP","NJ, CR, EH","42",28.3,150,"15E2",2024-01-05,"3:01",181,"1:52",112,"0:50",50,"","RT-21","2024-01-12 RT-21",NA,"JM","NJ",""
"673","2024","Jan",2024-01-11,"Chinook Salmon","late-fall","BT-6","AP","NJ, CR, EH","43",27,145,"169C",2024-01-05,"3:11",191,"1:40",100,"4:39",279,"","RT-21","2024-01-12 RT-21",NA,"JM","NJ",""
"674","2024","Jan",2024-01-11,"Chinook Salmon","late-fall","BT-6","AP","NJ, CR, EH","44",31.8,152,"1758",2024-01-05,"3:08",188,"2:00",120,"3:41",221,"","RT-21","2024-01-12 RT-21",NA,"JM","NJ",""
"675","2024","Jan",2024-01-11,"Chinook Salmon","late-fall","BT-6","AP","NJ, CR, EH","45",39,158,"171A",2024-01-05,"3:02",182,"1:35",95,"1:01",61,"","RT-21","2024-01-12 RT-21",NA,"JM","NJ",""
"676","2024","Jan",2024-01-11,"Chinook Salmon","late-fall","BT-6","AP","NJ, CR, EH","46",39.7,162,"161A",2024-01-05,"2:27",147,"1:49",109,"1:08",68,"","RT-21","2024-01-12 RT-21",NA,"JM","NJ",""
"677","2024","Jan",2024-01-11,"Chinook Salmon","late-fall","BT-6","AP","NJ, CR, EH","47",50,174,"A3EB",2024-01-05,"2:19",139,"2:17",137,"1:05",65,"","RT-21","2024-01-12 RT-21",NA,"JM","NJ",""
"678","2024","Jan",2024-01-11,"Chinook Salmon","late-fall","BT-6","AP","NJ, CR, EH","48",46.2,155,"146E",2024-01-05,"3:09",189,"1:48",108,"3:40",220,"","RT-21","2024-01-12 RT-21",NA,"JM","NJ",""
"679","2024","Jan",2024-01-11,"Chinook Salmon","late-fall","BT-6","AP","NJ, CR, EH","49",39.8,163,"1504",2024-01-05,"2:27",147,"1:52",112,"1:04",64,"","RT-21","2024-01-12 RT-21",NA,"JM","NJ",""
"680","2024","Jan",2024-01-11,"Chinook Salmon","late-fall","BT-6","AP","NJ, CR, EH","50",31,150,"1648",2024-01-05,"3:15",195,"1:45",105,"1:35",95,"","RT-21","2024-01-12 RT-21",NA,"JM","NJ",""
"681","2024","Jan",2024-01-11,"Chinook Salmon","late-fall","BT-6","AP","NJ, CR, EH","51",26.2,150,"1584",2024-01-05,"2:05",125,"1:49",109,"3:02",182,"","RT-22","2024-01-12 RT-22",NA,"JM","NJ",""
"682","2024","Jan",2024-01-11,"Chinook Salmon","late-fall","BT-6","AP","NJ, CR, EH","52",36.3,165,"A46C",2024-01-05,"2:12",132,"1:25",85,"1:25",85,"","RT-22","2024-01-12 RT-22",NA,"JM","NJ",""
"683","2024","Jan",2024-01-11,"Chinook Salmon","late-fall","BT-6","AP","NJ, CR, EH","53",76.5,189,"9687",2024-01-05,"2:17",137,"1:30",90,"3:31",211,"","RT-22","2024-01-12 RT-22",NA,"JM","NJ",""
"684","2024","Jan",2024-01-11,"Chinook Salmon","late-fall","BT-6","AP","NJ, CR, EH","54",75.4,201,"1676",2024-01-05,"2:25",145,"1:36",96,"3:00",180,"","RT-22","2024-01-12 RT-22",NA,"JM","NJ",""
"685","2024","Jan",2024-01-11,"Chinook Salmon","late-fall","BT-6","AP","NJ, CR, EH","55",36.1,163,"96CC",2024-01-05,"2:25",145,"1:46",106,"0:52",52,"","RT-22","2024-01-12 RT-22",NA,"JM","NJ",""
"686","2024","Jan",2024-01-11,"Chinook Salmon","late-fall","BT-6","AP","NJ, CR, EH","56",25.3,133,"96F2",2024-01-05,"3:27",207,"1:54",114,"1:55",115,"","RT-22","2024-01-12 RT-22",NA,"JM","NJ",""
"687","2024","Jan",2024-01-11,"Chinook Salmon","late-fall","BT-6","AP","NJ, CR, EH","57",44,164,"1540",2024-01-05,"3:30",210,"1:31",91,"1:17",77,"","RT-22","2024-01-12 RT-22",NA,"JM","NJ",""
"688","2024","Jan",2024-01-11,"Chinook Salmon","late-fall","BT-6","AP","NJ, CR, EH","58",29.4,150,"1510",2024-01-05,"3:34",214,"1:49",109,"1:18",78,"","RT-22","2024-01-12 RT-22",NA,"JM","NJ",""
"689","2024","Jan",2024-01-11,"Chinook Salmon","late-fall","BT-6","AP","NJ, CR, EH","59",42.8,169,"976C",2024-01-05,"3:53",233,"1:42",102,"3:03",183,"","RT-22","2024-01-12 RT-22",NA,"JM","NJ",""
"690","2024","Jan",2024-01-11,"Chinook Salmon","late-fall","BT-6","AP","NJ, CR, EH","60",55.1,183,"9759",2024-01-05,"2:24",144,"2:05",125,"1:18",78,"","RT-22","2024-01-12 RT-22",NA,"JM","NJ",""
"691","2024","Jan",2024-01-11,"Chinook Salmon","late-fall","BT-6","AP","NJ, CR, EH","61",44.3,171,"1712",2024-01-05,"2:12",132,"2:45",165,"1:00",60,"","RT-23","2024-01-12 RT-23",NA,"JM","NJ",""
"692","2024","Jan",2024-01-11,"Chinook Salmon","late-fall","BT-6","AP","NJ, CR, EH","62",28.3,148,"1486",2024-01-05,"3:21",201,"2:16",136,"0:50",50,"","RT-23","2024-01-12 RT-23",NA,"JM","NJ",""
"693","2024","Jan",2024-01-11,"Chinook Salmon","late-fall","BT-6","AP","NJ, CR, EH","63",25.7,141,"15BC",2024-01-05,"2:58",178,"1:52",112,"1:47",107,"","RT-23","2024-01-12 RT-23",NA,"JM","NJ",""
"694","2024","Jan",2024-01-11,"Chinook Salmon","late-fall","BT-6","AP","NJ, CR, EH","64",47.2,178,"15E8",2024-01-05,"2:42",162,"2:20",140,"4:11",251,"","RT-23","2024-01-12 RT-23",NA,"JM","NJ",""
"695","2024","Jan",2024-01-11,"Chinook Salmon","late-fall","BT-6","AP","NJ, CR, EH","65",23.9,144,"15CC",2024-01-05,"3:33",213,"2:29",149,"1:25",85,"","RT-23","2024-01-12 RT-23",NA,"JM","NJ",""
"696","2024","Jan",2024-01-11,"Chinook Salmon","late-fall","BT-6","AP","NJ, CR, EH","66",37.3,160,"96D9",2024-01-05,"3:48",228,"1:35",95,"1:23",83,"","RT-23","2024-01-12 RT-23",NA,"JM","NJ",""
"697","2024","Jan",2024-01-11,"Chinook Salmon","late-fall","BT-6","AP","NJ, CR, EH","67",28.9,152,"1766",2024-01-05,"2:58",178,"1:58",118,"1:27",87,"","RT-23","2024-01-12 RT-23",NA,"JM","NJ",""
"698","2024","Jan",2024-01-11,"Chinook Salmon","late-fall","BT-6","AP","NJ, CR, EH","68",27.7,145,"9677",2024-01-05,"3:04",184,"3:08",188,"4:00",240,"","RT-23","2024-01-12 RT-23",NA,"JM","NJ",""
"699","2024","Jan",2024-01-11,"Chinook Salmon","late-fall","BT-6","AP","NJ, CR, EH","69",45.5,164,"9753",2024-01-05,"3:05",185,"2:00",120,"3:38",218,"","RT-23","2024-01-12 RT-23",NA,"JM","NJ",""
"700","2024","Jan",2024-01-11,"Chinook Salmon","late-fall","BT-6","AP","NJ, CR, EH","70",26.8,147,"969D",2024-01-05,"3:16",196,"1:28",88,"3:35",215,"","RT-23","2024-01-12 RT-23",NA,"JM","NJ",""
"701","2024","Jan",2024-01-11,"Chinook Salmon","late-fall","BT-6","AP","NJ, CR, EH","71",29.2,154,"9749",2024-01-05,"3:39",219,"1:57",117,"0:47",47,"","RT-24","2024-01-12 RT-24",NA,"JM","NJ",""
"702","2024","Jan",2024-01-11,"Chinook Salmon","late-fall","BT-6","AP","NJ, CR, EH","72",44.9,170,"16BE",2024-01-05,"3:01",181,"1:59",119,"0:47",47,"","RT-24","2024-01-12 RT-24",NA,"JM","NJ",""
"703","2024","Jan",2024-01-11,"Chinook Salmon","late-fall","BT-6","AP","NJ, CR, EH","73",44.2,167,"1746",2024-01-05,"2:42",162,"1:40",100,"0:40",40,"","RT-24","2024-01-12 RT-24",NA,"JM","NJ",""
"704","2024","Jan",2024-01-11,"Chinook Salmon","late-fall","BT-6","AP","NJ, CR, EH","74",39.1,163,"2510",2024-01-11,"3:28",208,"1:43",103,"0:55",55,"This tag from batch 1","RT-24","2024-01-12 RT-24",NA,"JM","NJ",""
"705","2024","Jan",2024-01-11,"Chinook Salmon","late-fall","BT-6","AP","NJ, CR, EH","75",36.9,164,"165E",2024-01-05,"2:28",148,"1:34",94,"4:45",285,"","RT-24","2024-01-12 RT-24",NA,"JM","NJ",""
"706","2024","Jan",2024-01-11,"Chinook Salmon","late-fall","BT-6","AP","NJ, CR, EH","76",48.7,180,"9694",2024-01-05,"2:58",178,"1:54",114,"1:02",62,"","RT-24","2024-01-12 RT-24",NA,"JM","NJ",""
"707","2024","Jan",2024-01-11,"Chinook Salmon","late-fall","BT-6","AP","NJ, CR, EH","77",23.8,145,"1D49",2024-01-05,"2:39",159,"1:30",90,"3:30",210,"","RT-24","2024-01-12 RT-24",NA,"JM","NJ",""
"708","2024","Jan",2024-01-11,"Chinook Salmon","late-fall","BT-6","AP","NJ, CR, EH","78",34.7,159,"A45B",2024-01-05,"2:45",165,"2:17",137,"1:00",60,"","RT-24","2024-01-12 RT-24",NA,"JM","NJ",""
"709","2024","Jan",2024-01-11,"Chinook Salmon","late-fall","BT-6","AP","NJ, CR, EH","79",36.9,168,"9671",2024-01-05,"2:56",176,"1:35",95,"1:00",60,"","RT-24","2024-01-12 RT-24",NA,"JM","NJ",""
"710","2024","Jan",2024-01-11,"Chinook Salmon","late-fall","BT-6","AP","NJ, CR, EH","80",40.3,164,"14DE",2024-01-05,"2:45",165,"1:45",105,"1:16",76,"","RT-24","2024-01-12 RT-24",NA,"JM","NJ",""
"711","2024","Jan",2024-01-16,"Chinook Salmon","late-fall","BT-1","NJ","AP, PH, KB","1",36.9,157,"168C",2024-01-12,"2:47",167,"1:27",87,"1:33",93,"","RT-1","2024-01-17 RT-1",NA,"PH","NJ",""
"712","2024","Jan",2024-01-16,"Chinook Salmon","late-fall","BT-1","NJ","AP, PH, KB","2",24,140,"16EC",2024-01-12,"2:12",132,"1:23",83,"2:36",156,"","RT-1","2024-01-17 RT-1",NA,"PH","NJ",""
"713","2024","Jan",2024-01-16,"Chinook Salmon","late-fall","BT-1","NJ","AP, PH, KB","3",25.9,148,"1779",2024-01-12,"2:14",134,"1:22",82,"1:50",110,"","RT-1","2024-01-17 RT-1",NA,"PH","NJ",""
"714","2024","Jan",2024-01-16,"Chinook Salmon","late-fall","BT-1","NJ","AP, PH, KB","4",36,162,"1A87",2024-01-12,"2:29",149,"1:17",77,"1:56",116,"","RT-1","2024-01-17 RT-1",NA,"PH","NJ",""
"715","2024","Jan",2024-01-16,"Chinook Salmon","late-fall","BT-1","NJ","AP, PH, KB","5",20,120,"1DAC",2024-01-12,"2:07",127,"1:26",86,"2:38",158,"","RT-1","2024-01-17 RT-1",NA,"PH","NJ",""
"716","2024","Jan",2024-01-16,"Chinook Salmon","late-fall","BT-1","NJ","AP, PH, KB","6",17.9,128,"1628",2024-01-12,"3:19",199,"1:37",97,"2:25",145,"","RT-1","2024-01-17 RT-1",NA,"PH","NJ",""
"717","2024","Jan",2024-01-16,"Chinook Salmon","late-fall","BT-1","NJ","AP, PH, KB","7",23.7,143,"166C",2024-01-12,"2:18",138,"1:36",96,"0:55",55,"","RT-1","2024-01-17 RT-1",NA,"PH","NJ",""
"718","2024","Jan",2024-01-16,"Chinook Salmon","late-fall","BT-1","NJ","AP, PH, KB","8",21.2,135,"1D2C",2024-01-12,"3:06",186,"1:32",92,"1:04",64,"","RT-1","2024-01-17 RT-1",NA,"PH","NJ",""
"719","2024","Jan",2024-01-16,"Chinook Salmon","late-fall","BT-1","NJ","AP, PH, KB","9",67.7,187,"1588",2024-01-12,"3:13",193,"1:36",96,"2:11",131,"","RT-1","2024-01-17 RT-1",NA,"PH","NJ",""
"720","2024","Jan",2024-01-16,"Chinook Salmon","late-fall","BT-1","NJ","AP, PH, KB","10",49.2,163,"96C2",2024-01-12,"2:42",162,"1:30",90,"1:24",84,"","RT-1","2024-01-17 RT-1",NA,"PH","NJ",""
"721","2024","Jan",2024-01-16,"Chinook Salmon","late-fall","BT-1","NJ","AP, PH, KB","11",43.9,167,"16E6",2024-01-12,"1:58",118,"2:21",141,"1:20",80,"","RT-2","2024-01-17 RT-2",NA,"PH","NJ",""
"722","2024","Jan",2024-01-16,"Chinook Salmon","late-fall","BT-1","NJ","AP, PH, KB","12",40.7,156,"968C",2024-01-12,"3:03",183,"1:10",70,"3:42",222,"","RT-2","2024-01-17 RT-2",NA,"PH","NJ",""
"723","2024","Jan",2024-01-16,"Chinook Salmon","late-fall","BT-1","NJ","AP, PH, KB","13",34.1,152,"1762",2024-01-12,"3:25",205,"1:34",94,"1:18",78,"","RT-2","2024-01-17 RT-2",NA,"PH","NJ",""
"724","2024","Jan",2024-01-16,"Chinook Salmon","late-fall","BT-1","NJ","AP, PH, KB","14",29.8,155,"1D2B",2024-01-12,"3:24",204,"1:13",73,"1:36",96,"","RT-2","2024-01-17 RT-2",NA,"PH","NJ",""
"725","2024","Jan",2024-01-16,"Chinook Salmon","late-fall","BT-1","NJ","AP, PH, KB","15",30.9,139,"96AA",2024-01-12,"2:34",154,"1:20",80,"1:56",116,"","RT-2","2024-01-17 RT-2",NA,"PH","NJ",""
"726","2024","Jan",2024-01-16,"Chinook Salmon","late-fall","BT-1","NJ","AP, PH, KB","16",13.8,121,"9692",2024-01-12,"3:15",195,"1:54",114,"1:53",113,"","RT-2","2024-01-17 RT-2",NA,"PH","NJ",""
"727","2024","Jan",2024-01-16,"Chinook Salmon","late-fall","BT-1","NJ","AP, PH, KB","17",29.8,152,"1432",2024-01-12,"2:44",164,"1:16",76,"1:56",116,"","RT-2","2024-01-17 RT-2",NA,"PH","NJ",""
"728","2024","Jan",2024-01-16,"Chinook Salmon","late-fall","BT-1","NJ","AP, PH, KB","18",48.3,165,"9769",2024-01-12,"2:36",156,"1:07",67,"1:18",78,"","RT-2","2024-01-17 RT-2",NA,"PH","NJ",""
"729","2024","Jan",2024-01-16,"Chinook Salmon","late-fall","BT-1","NJ","AP, PH, KB","19",45.8,163,"14BC",2024-01-12,"2:31",151,"1:19",79,"2:12",132,"","RT-2","2024-01-17 RT-2",NA,"PH","NJ",""
"730","2024","Jan",2024-01-16,"Chinook Salmon","late-fall","BT-1","NJ","AP, PH, KB","20",33.6,145,"1732",2024-01-12,"2:23",143,"1:24",84,"3:26",206,"","RT-2","2024-01-17 RT-2",NA,"PH","NJ",""
"731","2024","Jan",2024-01-16,"Chinook Salmon","late-fall","BT-1","NJ","AP, PH, KB","21",48.3,167,"1DAA",2024-01-12,"2:22",142,"1:20",80,"2:12",132,"","RT-3","2024-01-17 RT-3",NA,"PH","NJ",""
"732","2024","Jan",2024-01-16,"Chinook Salmon","late-fall","BT-1","NJ","AP, PH, KB","22",38.5,160,"96E5",2024-01-12,"1:52",112,"1:30",90,"1:08",68,"","RT-3","2024-01-17 RT-3",NA,"PH","NJ",""
"733","2024","Jan",2024-01-16,"Chinook Salmon","late-fall","BT-1","NJ","AP, PH, KB","23",28,147,"1498",2024-01-12,"2:18",138,"1:24",84,"1:21",81,"","RT-3","2024-01-17 RT-3",NA,"PH","NJ",""
"734","2024","Jan",2024-01-16,"Chinook Salmon","late-fall","BT-1","NJ","AP, PH, KB","24",27.4,149,"1D65",2024-01-12,"2:46",166,"1:08",68,"1:52",112,"","RT-3","2024-01-17 RT-3",NA,"PH","NJ",""
"735","2024","Jan",2024-01-16,"Chinook Salmon","late-fall","BT-1","NJ","AP, PH, KB","25",78,186,"1442",2024-01-12,"2:12",132,"1:29",89,"2:32",152,"","RT-3","2024-01-17 RT-3",NA,"PH","NJ",""
"736","2024","Jan",2024-01-16,"Chinook Salmon","late-fall","BT-1","NJ","AP, PH, KB","26",43.2,167,"9736",2024-01-12,"2:59",179,"2:13",133,"1:55",115,"","RT-3","2024-01-17 RT-3",NA,"PH","NJ",""
"737","2024","Jan",2024-01-16,"Chinook Salmon","late-fall","BT-1","NJ","AP, PH, KB","27",37.5,155,"1CA5",2024-01-12,"3:25",205,"1:45",105,"2:04",124,"","RT-3","2024-01-17 RT-3",NA,"PH","NJ",""
"738","2024","Jan",2024-01-16,"Chinook Salmon","late-fall","BT-1","NJ","AP, PH, KB","28",61,183,"A425",2024-01-12,"2:54",174,"1:23",83,"4:07",247,"","RT-3","2024-01-17 RT-3",NA,"PH","NJ",""
"739","2024","Jan",2024-01-16,"Chinook Salmon","late-fall","BT-1","NJ","AP, PH, KB","29",58.8,183,"150E",2024-01-12,"2:23",143,"1:30",90,"2:31",151,"","RT-3","2024-01-17 RT-3",NA,"PH","NJ",""
"740","2024","Jan",2024-01-16,"Chinook Salmon","late-fall","BT-1","NJ","AP, PH, KB","30",53.6,165,"A3BA",2024-01-12,"2:46",166,"1:10",70,"3:35",215,"","RT-3","2024-01-17 RT-3",NA,"PH","NJ",""
"741","2024","Jan",2024-01-16,"Chinook Salmon","late-fall","BT-1","NJ","AP, PH, KB","31",50.4,175,"1D12",2024-01-12,"2:56",176,"1:04",64,"0:52",52,"","RT-4","2024-01-17 RT-4",NA,"PH","NJ",""
"742","2024","Jan",2024-01-16,"Chinook Salmon","late-fall","BT-1","NJ","AP, PH, KB","32",47.1,167,"96A2",2024-01-12,"1:54",114,"1:08",68,"1:31",91,"","RT-4","2024-01-17 RT-4",NA,"PH","NJ",""
"743","2024","Jan",2024-01-16,"Chinook Salmon","late-fall","BT-1","NJ","AP, PH, KB","33",27.1,140,"1664",2024-01-12,"1:54",114,"0:58",58,"1:05",65,"","RT-4","2024-01-17 RT-4",NA,"PH","NJ",""
"744","2024","Jan",2024-01-16,"Chinook Salmon","late-fall","BT-1","NJ","AP, PH, KB","34",32.7,153,"1668",2024-01-12,"2:14",134,"1:10",70,"2:27",147,"","RT-4","2024-01-17 RT-4",NA,"PH","NJ",""
"745","2024","Jan",2024-01-16,"Chinook Salmon","late-fall","BT-1","NJ","AP, PH, KB","35",30.8,144,"96EF",2024-01-12,"2:17",137,"0:45",45,"2:37",157,"","RT-4","2024-01-17 RT-4",NA,"PH","NJ",""
"746","2024","Jan",2024-01-16,"Chinook Salmon","late-fall","BT-1","NJ","AP, PH, KB","36",38.6,147,"164E",2024-01-12,"2:21",141,"1:12",72,"1:38",98,"","RT-4","2024-01-17 RT-4",NA,"PH","NJ",""
"747","2024","Jan",2024-01-16,"Chinook Salmon","late-fall","BT-1","NJ","AP, PH, KB","37",37.8,149,"1448",2024-01-12,"1:36",96,"1:09",69,"1:21",81,"","RT-4","2024-01-17 RT-4",NA,"PH","NJ",""
"748","2024","Jan",2024-01-16,"Chinook Salmon","late-fall","BT-1","NJ","AP, PH, KB","38",47.9,173,"1726",2024-01-12,"2:25",145,"0:58",58,"2:10",130,"","RT-4","2024-01-17 RT-4",NA,"PH","NJ",""
"749","2024","Jan",2024-01-16,"Chinook Salmon","late-fall","BT-1","NJ","AP, PH, KB","39",88.4,192,"1AB4",2024-01-12,"2:03",123,"1:15",75,"2:27",147,"","RT-4","2024-01-17 RT-4",NA,"PH","NJ",""
"750","2024","Jan",2024-01-16,"Chinook Salmon","late-fall","BT-1","NJ","AP, PH, KB","40",42.1,155,"A3D1",2024-01-12,"2:58",178,"1:25",85,"1:24",84,"","RT-4","2024-01-17 RT-4",NA,"PH","NJ",""
"751","2024","Jan",2024-01-16,"Chinook Salmon","late-fall","BT-2","AP","NJ, PH, KB","41",23.1,141,"96B0",2024-01-12,"3:07",187,"1:45",105,"1:15",75,"","RT-5","2024-01-17 RT-5",NA,"PH","NJ",""
"752","2024","Jan",2024-01-16,"Chinook Salmon","late-fall","BT-2","AP","NJ, PH, KB","42",41.2,157,"1444",2024-01-12,"2:01",121,"2:05",125,"1:49",109,"","RT-5","2024-01-17 RT-5",NA,"PH","NJ",""
"753","2024","Jan",2024-01-16,"Chinook Salmon","late-fall","BT-2","AP","NJ, PH, KB","43",52.3,172,"1D92",2024-01-12,"2:28",148,"1:40",100,"0:50",50,"","RT-5","2024-01-17 RT-5",NA,"PH","NJ",""
"754","2024","Jan",2024-01-16,"Chinook Salmon","late-fall","BT-2","AP","NJ, PH, KB","44",62.2,192,"1482",2024-01-12,"3:00",180,"1:44",104,"0:41",41,"","RT-5","2024-01-17 RT-5",NA,"PH","NJ",""
"755","2024","Jan",2024-01-16,"Chinook Salmon","late-fall","BT-2","AP","NJ, PH, KB","45",47.3,171,"168E",2024-01-12,"3:27",207,"2:05",125,"1:15",75,"","RT-5","2024-01-17 RT-5",NA,"PH","NJ",""
"756","2024","Jan",2024-01-16,"Chinook Salmon","late-fall","BT-2","AP","NJ, PH, KB","46",42.1,167,"A416",2024-01-12,"3:22",202,"1:40",100,"0:46",46,"","RT-5","2024-01-17 RT-5",NA,"PH","NJ",""
"757","2024","Jan",2024-01-16,"Chinook Salmon","late-fall","BT-2","AP","NJ, PH, KB","47",82,200,"16EE",2024-01-12,"3:06",186,"1:57",117,"0:45",45,"","RT-5","2024-01-17 RT-5",NA,"PH","NJ",""
"758","2024","Jan",2024-01-16,"Chinook Salmon","late-fall","BT-2","AP","NJ, PH, KB","48",39.3,167,"1AF2",2024-01-12,"3:08",188,"1:45",105,"0:48",48,"","RT-5","2024-01-17 RT-5",NA,"PH","NJ",""
"759","2024","Jan",2024-01-16,"Chinook Salmon","late-fall","BT-2","AP","NJ, PH, KB","49",65.2,184,"15F2",2024-01-12,"2:51",171,"1:28",88,"1:07",67,"","RT-5","2024-01-17 RT-5",NA,"PH","NJ",""
"760","2024","Jan",2024-01-16,"Chinook Salmon","late-fall","BT-2","AP","NJ, PH, KB","50",35.4,147,"972D",2024-01-12,"2:18",138,"1:17",77,"0:57",57,"","RT-5","2024-01-17 RT-5",NA,"PH","NJ",""
"761","2024","Jan",2024-01-16,"Chinook Salmon","late-fall","BT-2","AP","NJ, PH, KB","51",35.3,148,"A447",2024-01-12,"2:30",150,"2:19",139,"1:01",61,"","RT-6","2024-01-17 RT-6",NA,"PH","NJ",""
"762","2024","Jan",2024-01-16,"Chinook Salmon","late-fall","BT-2","AP","NJ, PH, KB","52",38.5,165,"172C",2024-01-12,"3:09",189,"1:40",100,"1:16",76," ","RT-6","2024-01-17 RT-6",NA,"PH","NJ",""
"763","2024","Jan",2024-01-16,"Chinook Salmon","late-fall","BT-2","AP","NJ, PH, KB","53",44.5,160,"A44A",2024-01-12,"2:27",147,"1:40",100,"1:04",64,"","RT-6","2024-01-17 RT-6",NA,"PH","NJ",""
"764","2024","Jan",2024-01-16,"Chinook Salmon","late-fall","BT-2","AP","NJ, PH, KB","54",23.4,132,"9697",2024-01-12,"2:37",157,"1:26",86,"1:09",69,"","RT-6","2024-01-17 RT-6",NA,"PH","NJ",""
"765","2024","Jan",2024-01-16,"Chinook Salmon","late-fall","BT-2","AP","NJ, PH, KB","55",31.3,152,"A463",2024-01-12,"2:24",144,"1:28",88,"0:52",52,"","RT-6","2024-01-17 RT-6",NA,"PH","NJ",""
"766","2024","Jan",2024-01-16,"Chinook Salmon","late-fall","BT-2","AP","NJ, PH, KB","56",35.1,143,"1B66",2024-01-12,"2:07",127,"1:20",80,"1:10",70,"","RT-6","2024-01-17 RT-6",NA,"PH","NJ",""
"767","2024","Jan",2024-01-16,"Chinook Salmon","late-fall","BT-2","AP","NJ, PH, KB","57",22.6,135,"1466",2024-01-12,"3:53",233,"1:44",104,"0:50",50,"","RT-6","2024-01-17 RT-6",NA,"PH","NJ",""
"768","2024","Jan",2024-01-16,"Chinook Salmon","late-fall","BT-2","AP","NJ, PH, KB","58",20.3,125,"9758",2024-01-12,"3:14",194,"2:04",124,"0:56",56,"","RT-6","2024-01-17 RT-6",NA,"PH","NJ",""
"769","2024","Jan",2024-01-16,"Chinook Salmon","late-fall","BT-2","AP","NJ, PH, KB","59",29.6,155,"1714",2024-01-12,"3:13",193,"1:38",98,"1:00",60,"","RT-6","2024-01-17 RT-6",NA,"PH","NJ",""
"770","2024","Jan",2024-01-16,"Chinook Salmon","late-fall","BT-2","AP","NJ, PH, KB","60",58.3,180,"1D95",2024-01-12,"2:30",150,"1:45",105,"0:50",50,"","RT-6","2024-01-17 RT-6",NA,"PH","NJ",""
"771","2024","Jan",2024-01-16,"Chinook Salmon","late-fall","BT-2","AP","NJ, PH, KB","61",32.2,145,"1570",2024-01-12,"2:40",160,"2:10",130,"0:50",50,"","RT-7","2024-01-17 RT-7",NA,"PH","NJ",""
"772","2024","Jan",2024-01-16,"Chinook Salmon","late-fall","BT-2","AP","NJ, PH, KB","62",23,125,"160A",2024-01-12,"2:54",174,"1:40",100,"1:04",64,"","RT-7","2024-01-17 RT-7",NA,"PH","NJ",""
"773","2024","Jan",2024-01-16,"Chinook Salmon","late-fall","BT-2","AP","NJ, PH, KB","63",21.5,139,"1642",2024-01-12,"3:14",194,"1:58",118,"0:56",56,"","RT-7","2024-01-17 RT-7",NA,"PH","NJ",""
"774","2024","Jan",2024-01-16,"Chinook Salmon","late-fall","BT-2","AP","NJ, PH, KB","64",43.2,165,"A3B9",2024-01-12,"2:55",175,"1:47",107,"0:47",47,"","RT-7","2024-01-17 RT-7",NA,"PH","NJ",""
"775","2024","Jan",2024-01-16,"Chinook Salmon","late-fall","BT-2","AP","NJ, PH, KB","65",32.5,149,"14E8",2024-01-12,"2:52",172,"1:23",83,"0:47",47,"","RT-7","2024-01-17 RT-7",NA,"PH","NJ",""
"776","2024","Jan",2024-01-16,"Chinook Salmon","late-fall","BT-2","AP","NJ, PH, KB","66",57.1,187,"96A5",2024-01-12,"3:32",212,"1:42",102,"0:50",50,"","RT-7","2024-01-17 RT-7",NA,"PH","NJ",""
"777","2024","Jan",2024-01-16,"Chinook Salmon","late-fall","BT-2","AP","NJ, PH, KB","67",40.3,155,"A442",2024-01-12,"2:30",150,"1:15",75,"1:15",75,"","RT-7","2024-01-17 RT-7",NA,"PH","NJ",""
"778","2024","Jan",2024-01-16,"Chinook Salmon","late-fall","BT-2","AP","NJ, PH, KB","68",29,142,"9729",2024-01-12,"2:52",172,"1:35",95,"1:04",64,"","RT-7","2024-01-17 RT-7",NA,"PH","NJ",""
"779","2024","Jan",2024-01-16,"Chinook Salmon","late-fall","BT-2","AP","NJ, PH, KB","69",29.7,144,"96D0",2024-01-12,"2:51",171,"1:57",117,"1:11",71,"","RT-7","2024-01-17 RT-7",NA,"PH","NJ",""
"780","2024","Jan",2024-01-16,"Chinook Salmon","late-fall","BT-2","AP","NJ, PH, KB","70",28.1,149,"1D5B",2024-01-12,"4:02",242,"1:29",89,"1:04",64,"","RT-7","2024-01-17 RT-7",NA,"PH","NJ",""
"781","2024","Jan",2024-01-16,"Chinook Salmon","late-fall","BT-2","AP","NJ, PH, KB","71",41,157,"A464",2024-01-12,"2:47",167,"1:39",99,"1:03",63,"","RT-8","2024-01-17 RT-8",NA,"PH","NJ",""
"782","2024","Jan",2024-01-16,"Chinook Salmon","late-fall","BT-2","AP","NJ, PH, KB","72",41.3,161,"1662",2024-01-12,"2:42",162,"1:20",80,"1:05",65,"","RT-8","2024-01-17 RT-8",NA,"PH","NJ",""
"783","2024","Jan",2024-01-16,"Chinook Salmon","late-fall","BT-2","AP","NJ, PH, KB","73",25.1,134,"1B32",2024-01-12,"2:47",167,"1:27",87,"1:02",62,"","RT-8","2024-01-17 RT-8",NA,"PH","NJ",""
"784","2024","Jan",2024-01-16,"Chinook Salmon","late-fall","BT-2","AP","NJ, PH, KB","74",26.2,145,"1CAD",2024-01-12,"2:10",130,"1:24",84,"1:02",62,"","RT-8","2024-01-17 RT-8",NA,"PH","NJ",""
"785","2024","Jan",2024-01-16,"Chinook Salmon","late-fall","BT-2","AP","NJ, PH, KB","75",53,167,"15EC",2024-01-12,"2:21",141,"1:28",88,"1:24",84,"","RT-8","2024-01-17 RT-8",NA,"PH","NJ",""
"786","2024","Jan",2024-01-16,"Chinook Salmon","late-fall","BT-2","AP","NJ, PH, KB","76",52.8,185,"1DA8",2024-01-12,"2:23",143,"1:11",71,"1:37",97,"","RT-8","2024-01-17 RT-8",NA,"PH","NJ",""
"787","2024","Jan",2024-01-16,"Chinook Salmon","late-fall","BT-2","AP","NJ, PH, KB","77",26.8,135,"14EE",2024-01-12,"2:35",155,"1:35",95,"1:09",69,"","RT-8","2024-01-17 RT-8",NA,"PH","NJ",""
"788","2024","Jan",2024-01-16,"Chinook Salmon","late-fall","BT-2","AP","NJ, PH, KB","78",27.8,140,"969B",2024-01-12,"3:41",221,"1:15",75,"2:05",125,"","RT-8","2024-01-17 RT-8",NA,"PH","NJ",""
"789","2024","Jan",2024-01-16,"Chinook Salmon","late-fall","BT-2","AP","NJ, PH, KB","79",20,124,"1736",2024-01-12,"3:04",184,"3:41",221,"1:20",80,"","RT-8","2024-01-17 RT-8",NA,"PH","NJ",""
"790","2024","Jan",2024-01-16,"Chinook Salmon","late-fall","BT-2","AP","NJ, PH, KB","80",28.1,140,"1B46",2024-01-12,"3:36",216,"2:44",164,"1:40",100,"","RT-8","2024-01-17 RT-8",NA,"PH","NJ",""
"791","2024","Jan",2024-01-17,"Chinook Salmon","late-fall","BT-3","NJ","AP, TA, CR, NL","1",9.7,113,"969E",2024-01-12,"2:52",172,"1:42",102,"3:02",182,"Recovery time estimated due to high turbidity","RT-9","2024-01-18 RT-9",NA,"JM","AC",""
"792","2024","Jan",2024-01-17,"Chinook Salmon","late-fall","BT-3","NJ","AP, TA, CR, NL","2",46.9,177,"2215",2024-01-17,"2:58",178,"1:17",77,"1:59",119,"Recovery time estimated due to high turbidity","RT-9","2024-01-18 RT-9",NA,"JM","AC",""
"793","2024","Jan",2024-01-17,"Chinook Salmon","late-fall","BT-3","NJ","AP, TA, CR, NL","3",14.8,126,"975B",2024-01-12,"1:52",112,"1:28",88,"1:00",60,"Recovery time estimated due to high turbidity","RT-9","2024-01-18 RT-9",NA,"JM","AC",""
"794","2024","Jan",2024-01-17,"Chinook Salmon","late-fall","BT-3","NJ","AP, TA, CR, NL","4",23.5,134,"9711",2024-01-12,"2:43",163,"1:30",90,"1:11",71,"Recovery time estimated due to high turbidity","RT-9","2024-01-18 RT-9",NA,"JM","AC",""
"795","2024","Jan",2024-01-17,"Chinook Salmon","late-fall","BT-3","NJ","AP, TA, CR, NL","5",56.2,183,"A40D",2024-01-12,"2:22",142,"1:57",117,"1:01",61,"Recovery time estimated due to high turbidity","RT-9","2024-01-18 RT-9",NA,"JM","AC",""
"796","2024","Jan",2024-01-17,"Chinook Salmon","late-fall","BT-3","NJ","AP, TA, CR, NL","6",40.2,168,"A414",2024-01-12,"2:42",162,"1:55",115,"1:14",74,"Recovery time estimated due to high turbidity","RT-9","2024-01-18 RT-9",NA,"JM","AC",""
"797","2024","Jan",2024-01-17,"Chinook Salmon","late-fall","BT-3","NJ","AP, TA, CR, NL","7",73.7,190,"158C",2024-01-12,"2:39",159,"1:35",95,"1:11",71,"Recovery time estimated due to high turbidity","RT-9","2024-01-18 RT-9",NA,"JM","AC",""
"798","2024","Jan",2024-01-17,"Chinook Salmon","late-fall","BT-3","NJ","AP, TA, CR, NL","8",18.3,132,"1688",2024-01-12,"2:32",152,"2:27",147,"1:33",93,"Recovery time estimated due to high turbidity","RT-9","2024-01-18 RT-9",NA,"JM","AC",""
"799","2024","Jan",2024-01-17,"Chinook Salmon","late-fall","BT-3","NJ","AP, TA, CR, NL","9",9.9,111,"968D",2024-01-12,"2:39",159,"1:42",102,"1:05",65,"Recovery time estimated due to high turbidity","RT-9","2024-01-18 RT-9",NA,"JM","AC",""
"800","2024","Jan",2024-01-17,"Chinook Salmon","late-fall","BT-3","NJ","AP, TA, CR, NL","10",32.1,147,"1AA5",2024-01-12,"2:32",152,"2:03",123,"1:00",60,"Recovery time estimated due to high turbidity","RT-9","2024-01-18 RT-9",NA,"JM","AC",""
"801","2024","Jan",2024-01-17,"Chinook Salmon","late-fall","BT-3","NJ","AP, TA, CR, NL","11",15.2,123,"A3F5",2024-01-12,"2:09",129,"1:40",100,"1:04",64,"Recovery time estimated due to high turbidity","RT-10","2024-01-18 RT-10",NA,"EH","AC",""
"802","2024","Jan",2024-01-17,"Chinook Salmon","late-fall","BT-3","NJ","AP, TA, CR, NL","12",28.1,146,"1D32",2024-01-12,"2:06",126,"1:23",83,"1:07",67,"Recovery time estimated due to high turbidity","RT-10","2024-01-18 RT-10",NA,"EH","AC",""
"803","2024","Jan",2024-01-17,"Chinook Salmon","late-fall","BT-3","NJ","AP, TA, CR, NL","13",23.3,140,"A3C5",2024-01-12,"2:41",161,"1:29",89,"1:05",65,"Recovery time estimated due to high turbidity","RT-10","2024-01-18 RT-10",NA,"EH","AC",""
"804","2024","Jan",2024-01-17,"Chinook Salmon","late-fall","BT-3","NJ","AP, TA, CR, NL","14",32.7,155,"9698",2024-01-12,"3:23",203,"1:12",72,"3:15",195,"Recovery time estimated due to high turbidity","RT-10","2024-01-18 RT-10",NA,"EH","AC",""
"805","2024","Jan",2024-01-17,"Chinook Salmon","late-fall","BT-3","NJ","AP, TA, CR, NL","15",19.4,135,"165C",2024-01-12,"2:42",162,"1:12",72,"1:13",73,"Recovery time estimated due to high turbidity","RT-10","2024-01-18 RT-10",NA,"EH","AC",""
"806","2024","Jan",2024-01-17,"Chinook Salmon","late-fall","BT-3","NJ","AP, TA, CR, NL","16",24.6,144,"1D72",2024-01-12,"2:24",144,"1:11",71,"2:34",154,"Recovery time estimated due to high turbidity","RT-10","2024-01-18 RT-10",NA,"EH","AC",""
"807","2024","Jan",2024-01-17,"Chinook Salmon","late-fall","BT-3","NJ","AP, TA, CR, NL","17",14.3,123,"15BE",2024-01-12,"2:41",161,"1:34",94,"2:37",157,"Recovery time estimated due to high turbidity","RT-10","2024-01-18 RT-10",NA,"EH","AC",""
"808","2024","Jan",2024-01-17,"Chinook Salmon","late-fall","BT-3","NJ","AP, TA, CR, NL","18",15,111,"974F",2024-01-12,"2:52",172,"1:28",88,"1:20",80,"Recovery time estimated due to high turbidity","RT-10","2024-01-18 RT-10",NA,"EH","AC",""
"809","2024","Jan",2024-01-17,"Chinook Salmon","late-fall","BT-3","NJ","AP, TA, CR, NL","19",31.1,152,"975E",2024-01-12,"2:13",133,"1:09",69,"2:23",143,"Recovery time estimated due to high turbidity","RT-10","2024-01-18 RT-10",NA,"EH","AC",""
"810","2024","Jan",2024-01-17,"Chinook Salmon","late-fall","BT-3","NJ","AP, TA, CR, NL","20",29.5,155,"2553",2024-01-17,"2:12",132,"1:16",76,"1:08",68,"Recovery time estimated due to high turbidity","RT-10","2024-01-18 RT-10",NA,"EH","AC",""
"811","2024","Jan",2024-01-17,"Chinook Salmon","late-fall","BT-3","NJ","AP, TA, CR, NL","21",18.4,135,"1598",2024-01-12,"2:02",122,"1:21",81,"1:16",76,"Recovery time estimated due to high turbidity","RT-11","2024-01-18 RT-11",NA,"EH","AC",""
"812","2024","Jan",2024-01-17,"Chinook Salmon","late-fall","BT-3","NJ","AP, TA, CR, NL","22",30.6,143,"14C8",2024-01-12,"2:25",145,"1:28",88,"1:56",116,"Recovery time estimated due to high turbidity","RT-11","2024-01-18 RT-11",NA,"EH","AC",""
"813","2024","Jan",2024-01-17,"Chinook Salmon","late-fall","BT-3","NJ","AP, TA, CR, NL","23",24.9,147,"174C",2024-01-12,"2:15",135,"1:21",81,"1:08",68,"Recovery time estimated due to high turbidity","RT-11","2024-01-18 RT-11",NA,"EH","AC",""
"814","2024","Jan",2024-01-17,"Chinook Salmon","late-fall","BT-3","NJ","AP, TA, CR, NL","24",34.8,153,"1D1A",2024-01-12,"2:09",129,"1:22",82,"1:03",63,"Recovery time estimated due to high turbidity","RT-11","2024-01-18 RT-11",NA,"EH","AC",""
"815","2024","Jan",2024-01-17,"Chinook Salmon","late-fall","BT-3","NJ","AP, TA, CR, NL","25",24.6,135,"1428",2024-01-12,"2:15",135,"1:42",102,"1:06",66,"Recovery time estimated due to high turbidity","RT-11","2024-01-18 RT-11",NA,"EH","AC",""
"816","2024","Jan",2024-01-17,"Chinook Salmon","late-fall","BT-3","NJ","AP, TA, CR, NL","26",17.6,133,"967D",2024-01-12,"3:02",182,"1:32",92,"1:08",68,"Recovery time estimated due to high turbidity","RT-11","2024-01-18 RT-11",NA,"EH","AC","Time in surgery incorrect. 1:31 was entered but correct time is 1:32"
"817","2024","Jan",2024-01-17,"Chinook Salmon","late-fall","BT-3","NJ","AP, TA, CR, NL","27",24.4,135,"966F",2024-01-12,"3:10",190,"1:42",102,"1:10",70,"Recovery time estimated due to high turbidity","RT-11","2024-01-18 RT-11",NA,"EH","AC",""
"818","2024","Jan",2024-01-17,"Chinook Salmon","late-fall","BT-3","NJ","AP, TA, CR, NL","28",50,179,"96AF",2024-01-12,"3:27",207,"1:30",90,"1:06",66,"Recovery time estimated due to high turbidity","RT-11","2024-01-18 RT-11",NA,"EH","AC",""
"819","2024","Jan",2024-01-17,"Chinook Salmon","late-fall","BT-3","NJ","AP, TA, CR, NL","29",14.8,124,"A3D6",2024-01-12,"3:32",212,"1:32",92,"1:07",67,"Recovery time estimated due to high turbidity","RT-11","2024-01-18 RT-11",NA,"EH","AC",""
"820","2024","Jan",2024-01-17,"Chinook Salmon","late-fall","BT-3","NJ","AP, TA, CR, NL","30",34,149,"157E",2024-01-12,"2:29",149,"1:32",92,"1:08",68,"Recovery time estimated due to high turbidity","RT-11","2024-01-18 RT-11",NA,"EH","AC",""
"821","2024","Jan",2024-01-17,"Chinook Salmon","late-fall","BT-3","NJ","AP, TA, CR, NL","31",20.6,126,"1BA6",2024-01-12,"3:05",185,"1:41",101,"1:07",67,"Recovery time estimated due to high turbidity","RT-12","2024-01-18 RT-12",NA,"EH","AC",""
"822","2024","Jan",2024-01-17,"Chinook Salmon","late-fall","BT-3","NJ","AP, TA, CR, NL","32",26.3,147,"9724",2024-01-12,"3:12",192,"1:18",78,"1:07",67,"Recovery time estimated due to high turbidity","RT-12","2024-01-18 RT-12",NA,"EH","AC",""
"823","2024","Jan",2024-01-17,"Chinook Salmon","late-fall","BT-3","NJ","AP, TA, CR, NL","33",30.6,150,"9685",2024-01-12,"2:21",141,"1:18",78,"1:11",71,"Recovery time estimated due to high turbidity","RT-12","2024-01-18 RT-12",NA,"EH","AC",""
"824","2024","Jan",2024-01-17,"Chinook Salmon","late-fall","BT-3","NJ","AP, TA, CR, NL","34",17.3,130,"1AF6",2024-01-12,"3:03",183,"1:43",103,"1:08",68,"Recovery time estimated due to high turbidity","RT-12","2024-01-18 RT-12",NA,"EH","AC",""
"825","2024","Jan",2024-01-17,"Chinook Salmon","late-fall","BT-3","NJ","AP, TA, CR, NL","35",34.1,158,"A441",2024-01-12,"3:07",187,"1:19",79,"1:08",68,"Recovery time estimated due to high turbidity","RT-12","2024-01-18 RT-12",NA,"EH","AC",""
"826","2024","Jan",2024-01-17,"Chinook Salmon","late-fall","BT-3","NJ","AP, TA, CR, NL","36",55,180,"14CC",2024-01-12,"2:50",170,"1:26",86,"1:09",69,"Recovery time estimated due to high turbidity","RT-12","2024-01-18 RT-12",NA,"EH","AC",""
"827","2024","Jan",2024-01-17,"Chinook Salmon","late-fall","BT-3","NJ","AP, TA, CR, NL","37",12,109,"16A0",2024-01-12,"2:45",165,"1:50",110,"1:05",65,"Recovery time estimated due to high turbidity","RT-12","2024-01-18 RT-12",NA,"EH","AC",""
"828","2024","Jan",2024-01-17,"Chinook Salmon","late-fall","BT-3","NJ","AP, TA, CR, NL","38",54.9,167,"1764",2024-01-12,"3:07",187,"1:34",94,"1:06",66,"Recovery time estimated due to high turbidity","RT-12","2024-01-18 RT-12",NA,"EH","AC",""
"829","2024","Jan",2024-01-17,"Chinook Salmon","late-fall","BT-3","NJ","AP, TA, CR, NL","39",21.3,145,"A423",2024-01-12,"2:56",176,"1:09",69,"1:03",63,"Recovery time estimated due to high turbidity","RT-12","2024-01-18 RT-12",NA,"EH","AC",""
"830","2024","Jan",2024-01-17,"Chinook Salmon","late-fall","BT-3","NJ","AP, TA, CR, NL","40",40.3,153,"A431",2024-01-12,"2:31",151,"1:12",72,"1:08",68,"Recovery time estimated due to high turbidity","RT-12","2024-01-18 RT-12",NA,"EH","AC",""
"831","2024","Jan",2024-01-17,"Chinook Salmon","late-fall","BT-4","AP","NJ, TA, NL, CR","41",40.1,168,"16E8",2024-01-12,"2:36",156,"2:14",134,"1:03",63,"Recovery time estimated due to high turbidity","RT-13","2024-01-18 RT-13",NA,"EH","AC",""
"832","2024","Jan",2024-01-17,"Chinook Salmon","late-fall","BT-4","AP","NJ, TA, NL, CR","42",21.3,123,"9745",2024-01-12,"3:29",209,"1:43",103,"1:07",67,"Recovery time estimated due to high turbidity","RT-13","2024-01-18 RT-13",NA,"EH","AC",""
"833","2024","Jan",2024-01-17,"Chinook Salmon","late-fall","BT-4","AP","NJ, TA, NL, CR","43",47.6,180,"164C",2024-01-12,"2:30",150,"1:47",107,"1:05",65,"Recovery time estimated due to high turbidity","RT-13","2024-01-18 RT-13",NA,"EH","AC",""
"834","2024","Jan",2024-01-17,"Chinook Salmon","late-fall","BT-4","AP","NJ, TA, NL, CR","44",31.2,155,"14F4",2024-01-12,"3:15",195,"1:39",99,"1:08",68,"Recovery time estimated due to high turbidity","RT-13","2024-01-18 RT-13",NA,"EH","AC",""
"835","2024","Jan",2024-01-17,"Chinook Salmon","late-fall","BT-4","AP","NJ, TA, NL, CR","45",28.8,151,"1CA6",2024-01-12,"2:32",152,"1:27",87,"1:02",62,"Recovery time estimated due to high turbidity","RT-13","2024-01-18 RT-13",NA,"EH","AC",""
"836","2024","Jan",2024-01-17,"Chinook Salmon","late-fall","BT-4","AP","NJ, TA, NL, CR","46",19.4,130,"144E",2024-01-12,"3:20",200,"1:39",99,"1:05",65,"Recovery time estimated due to high turbidity","RT-13","2024-01-18 RT-13",NA,"EH","AC",""
"837","2024","Jan",2024-01-17,"Chinook Salmon","late-fall","BT-4","AP","NJ, TA, NL, CR","47",22.7,140,"96ED",2024-01-12,"2:37",157,"1:22",82,"1:03",63,"Recovery time estimated due to high turbidity","RT-13","2024-01-18 RT-13",NA,"EH","AC",""
"838","2024","Jan",2024-01-17,"Chinook Salmon","late-fall","BT-4","AP","NJ, TA, NL, CR","48",28.3,137,"96A4",2024-01-12,"2:48",168,"1:42",102,"1:02",62,"Recovery time estimated due to high turbidity","RT-13","2024-01-18 RT-13",NA,"EH","AC",""
"839","2024","Jan",2024-01-17,"Chinook Salmon","late-fall","BT-4","AP","NJ, TA, NL, CR","49",50.7,178,"9705",2024-01-12,"3:25",205,"1:29",89,"1:05",65,"Recovery time estimated due to high turbidity","RT-13","2024-01-18 RT-13",NA,"EH","AC",""
"840","2024","Jan",2024-01-17,"Chinook Salmon","late-fall","BT-4","AP","NJ, TA, NL, CR","50",23.4,148,"1672",2024-01-12,"3:00",180,"1:46",106,"1:04",64,"Recovery time estimated due to high turbidity","RT-13","2024-01-18 RT-13",NA,"EH","AC",""
"841","2024","Jan",2024-01-17,"Chinook Salmon","late-fall","BT-4","AP","NJ, TA, NL, CR","51",49.1,177,"149C",2024-01-12,"2:48",168,"2:32",152,"1:04",64,"Recovery time estimated due to high turbidity","RT-14","2024-01-18 RT-14",NA,"EH","AC",""
"842","2024","Jan",2024-01-17,"Chinook Salmon","late-fall","BT-4","AP","NJ, TA, NL, CR","52",15.7,129,"1458",2024-01-12,"2:30",150,"2:54",174,"1:02",62,"Recovery time estimated due to high turbidity","RT-14","2024-01-18 RT-14",NA,"EH","AC",""
"843","2024","Jan",2024-01-17,"Chinook Salmon","late-fall","BT-4","AP","NJ, TA, NL, CR","53",75.2,191,"96F4",2024-01-12,"3:04",184,"2:47",167,"1:04",64,"Recovery time estimated due to high turbidity","RT-14","2024-01-18 RT-14",NA,"EH","AC",""
"844","2024","Jan",2024-01-17,"Chinook Salmon","late-fall","BT-4","AP","NJ, TA, NL, CR","54",48.3,182,"970A",2024-01-12,"2:36",156,"1:45",105,"1:00",60,"Recovery time estimated due to high turbidity","RT-14","2024-01-18 RT-14",NA,"EH","AC",""
"845","2024","Jan",2024-01-17,"Chinook Salmon","late-fall","BT-4","AP","NJ, TA, NL, CR","55",40.2,168,"1424",2024-01-12,"2:00",120,"1:54",114,"1:01",61,"Recovery time estimated due to high turbidity","RT-14","2024-01-18 RT-14",NA,"EH","AC",""
"846","2024","Jan",2024-01-17,"Chinook Salmon","late-fall","BT-4","AP","NJ, TA, NL, CR","56",37.6,157,"976E",2024-01-12,"2:39",159,"2:07",127,"1:05",65,"Recovery time estimated due to high turbidity","RT-14","2024-01-18 RT-14",NA,"EH","AC",""
"847","2024","Jan",2024-01-17,"Chinook Salmon","late-fall","BT-4","AP","NJ, TA, NL, CR","57",32.6,148,"A3CB",2024-01-12,"2:38",158,"1:33",93,"1:02",62,"Recovery time estimated due to high turbidity","RT-14","2024-01-18 RT-14",NA,"EH","AC",""
"848","2024","Jan",2024-01-17,"Chinook Salmon","late-fall","BT-4","AP","NJ, TA, NL, CR","58",27,136,"148C",2024-01-12,"2:24",144,"1:38",98,"1:01",61,"Recovery time estimated due to high turbidity","RT-14","2024-01-18 RT-14",NA,"EH","AC",""
"849","2024","Jan",2024-01-17,"Chinook Salmon","late-fall","BT-4","AP","NJ, TA, NL, CR","59",66.7,193,"A424",2024-01-12,"3:08",188,"2:14",134,"1:21",81,"Recovery time estimated due to high turbidity","RT-14","2024-01-18 RT-14",NA,"EH","AC",""
"850","2024","Jan",2024-01-17,"Chinook Salmon","late-fall","BT-4","AP","NJ, TA, NL, CR","60",26.9,148,"1644",2024-01-12,"2:25",145,"1:41",101,"1:22",82,"Recovery time estimated due to high turbidity","RT-14","2024-01-18 RT-14",NA,"EH","AC",""
"851","2024","Jan",2024-01-17,"Chinook Salmon","late-fall","BT-4","AP","NJ, TA, NL, CR","61",23.6,145,"96A7",2024-01-12,"2:18",138,"1:48",108,"1:01",61,"Recovery time estimated due to high turbidity","RT-15","2024-01-18 RT-15",NA,"EH","AC",""
"852","2024","Jan",2024-01-17,"Chinook Salmon","late-fall","BT-4","AP","NJ, TA, NL, CR","62",19.2,135,"1D94",2024-01-12,"2:18",138,"2:27",147,"1:09",69,"Recovery time estimated due to high turbidity","RT-15","2024-01-18 RT-15",NA,"EH","AC",""
"853","2024","Jan",2024-01-17,"Chinook Salmon","late-fall","BT-4","AP","NJ, TA, NL, CR","63",24.8,137,"1D36",2024-01-12,"2:48",168,"1:35",95,"1:02",62,"Recovery time estimated due to high turbidity","RT-15","2024-01-18 RT-15",NA,"EH","AC",""
"854","2024","Jan",2024-01-17,"Chinook Salmon","late-fall","BT-4","AP","NJ, TA, NL, CR","64",25.6,143,"9751",2024-01-12,"2:16",136,"1:43",103,"1:02",62,"Recovery time estimated due to high turbidity","RT-15","2024-01-18 RT-15",NA,"EH","AC",""
"855","2024","Jan",2024-01-17,"Chinook Salmon","late-fall","BT-4","AP","NJ, TA, NL, CR","65",24.6,137,"1CEA",2024-01-12,"3:06",186,"1:46",106,"1:00",60,"Recovery time estimated due to high turbidity","RT-15","2024-01-18 RT-15",NA,"EH","AC",""
"856","2024","Jan",2024-01-17,"Chinook Salmon","late-fall","BT-4","AP","NJ, TA, NL, CR","66",20.8,142,"1690",2024-01-12,"2:25",145,"1:30",90,"1:03",63,"Recovery time estimated due to high turbidity","RT-15","2024-01-18 RT-15",NA,"EH","AC",""
"857","2024","Jan",2024-01-17,"Chinook Salmon","late-fall","BT-4","AP","NJ, TA, NL, CR","67",63.9,196,"15C4",2024-01-12,"2:44",164,"2:08",128,"1:00",60,"Recovery time estimated due to high turbidity","RT-15","2024-01-18 RT-15",NA,"EH","AC",""
"858","2024","Jan",2024-01-17,"Chinook Salmon","late-fall","BT-4","AP","NJ, TA, NL, CR","68",17.3,128,"1616",2024-01-12,"3:04",184,"1:48",108,"1:02",62,"Recovery time estimated due to high turbidity","RT-15","2024-01-18 RT-15",NA,"EH","AC",""
"859","2024","Jan",2024-01-17,"Chinook Salmon","late-fall","BT-4","AP","NJ, TA, NL, CR","69",39.7,168,"15B0",2024-01-12,"2:58",178,"1:58",118,"1:43",103,"Recovery time estimated due to high turbidity","RT-15","2024-01-18 RT-15",NA,"EH","AC",""
"860","2024","Jan",2024-01-17,"Chinook Salmon","late-fall","BT-4","AP","NJ, TA, NL, CR","70",27.5,150,"1A96",2024-01-12,"3:10",190,"1:35",95,"1:04",64,"Recovery time estimated due to high turbidity","RT-15","2024-01-18 RT-15",NA,"EH","AC",""
"861","2024","Jan",2024-01-17,"Chinook Salmon","late-fall","BT-4","AP","NJ, TA, NL, CR","71",19,130,"96C7",2024-01-12,"2:04",124,"1:35",95,"1:08",68,"Recovery time estimated due to high turbidity","RT-16","2024-01-18 RT-16",NA,"EH","AC",""
"862","2024","Jan",2024-01-17,"Chinook Salmon","late-fall","BT-4","AP","NJ, TA, NL, CR","72",20,137,"14D8",2024-01-12,"2:18",138,"1:44",104,"1:06",66,"Recovery time estimated due to high turbidity","RT-16","2024-01-18 RT-16",NA,"EH","AC",""
"863","2024","Jan",2024-01-17,"Chinook Salmon","late-fall","BT-4","AP","NJ, TA, NL, CR","73",73.5,192,"1422",2024-01-12,"2:41",161,"2:09",129,"1:02",62,"Recovery time estimated due to high turbidity","RT-16","2024-01-18 RT-16",NA,"EH","AC",""
"864","2024","Jan",2024-01-17,"Chinook Salmon","late-fall","BT-4","AP","NJ, TA, NL, CR","74",47.5,175,"1CD4",2024-01-12,"3:05",185,"2:11",131,"1:02",62,"Recovery time estimated due to high turbidity","RT-16","2024-01-18 RT-16",NA,"EH","AC",""
"865","2024","Jan",2024-01-17,"Chinook Salmon","late-fall","BT-4","AP","NJ, TA, NL, CR","75",32.5,156,"9723",2024-01-12,"2:52",172,"1:39",99,"1:03",63,"Recovery time estimated due to high turbidity","RT-16","2024-01-18 RT-16",NA,"EH","AC",""
"866","2024","Jan",2024-01-17,"Chinook Salmon","late-fall","BT-4","AP","NJ, TA, NL, CR","76",8.6,95,"A437",2024-01-12,"2:29",149,"2:29",149,"1:05",65,"Recovery time estimated due to high turbidity","RT-16","2024-01-18 RT-16",NA,"EH","AC",""
"867","2024","Jan",2024-01-17,"Chinook Salmon","late-fall","BT-4","AP","NJ, TA, NL, CR","77",15.6,132,"1B2A",2024-01-12,"3:59",239,"1:39",99,"1:02",62,"Recovery time estimated due to high turbidity","RT-16","2024-01-18 RT-16",NA,"EH","AC",""
"868","2024","Jan",2024-01-17,"Chinook Salmon","late-fall","BT-4","AP","NJ, TA, NL, CR","78",21.3,140,"146C",2024-01-12,"2:51",171,"1:52",112,"1:05",65,"Recovery time estimated due to high turbidity","RT-16","2024-01-18 RT-16",NA,"EH","AC",""
"869","2024","Jan",2024-01-17,"Chinook Salmon","late-fall","BT-4","AP","NJ, TA, NL, CR","79",31.8,160,"9691",2024-01-12,"2:47",167,"2:06",126,"1:03",63,"Recovery time estimated due to high turbidity","RT-16","2024-01-18 RT-16",NA,"EH","AC",""
"870","2024","Jan",2024-01-17,"Chinook Salmon","late-fall","BT-4","AP","NJ, TA, NL, CR","80",25.7,150,"968E",2024-01-12,"3:38",218,"1:44",104,"1:01",61,"Recovery time estimated due to high turbidity","RT-16","2024-01-18 RT-16",NA,"EH","AC",""
"871","2024","Jan",2024-01-18,"Chinook Salmon","late-fall","BT-5","NJ","AP, AC, TA, CR","1",13.8,120,"1560",2024-01-12,"2:26",146,"2:01",121,"1:14",74,"Recovery time estimated due to high turbidity","RT-17","2024-01-19 RT-17",NA,"EH","NJ",""
"872","2024","Jan",2024-01-18,"Chinook Salmon","late-fall","BT-5","NJ","AP, AC, TA, CR","2",35.2,164,"15A0",2024-01-12,"2:50",170,"1:25",85,"1:08",68,"Recovery time estimated due to high turbidity","RT-17","2024-01-19 RT-17",NA,"EH","NJ",""
"873","2024","Jan",2024-01-18,"Chinook Salmon","late-fall","BT-5","NJ","AP, AC, TA, CR","3",15.4,125,"A3B1",2024-01-12,"2:36",156,"1:38",98,"1:12",72,"Recovery time estimated due to high turbidity","RT-17","2024-01-19 RT-17",NA,"EH","NJ",""
"874","2024","Jan",2024-01-18,"Chinook Salmon","late-fall","BT-5","NJ","AP, AC, TA, CR","4",18.2,130,"1734",2024-01-12,"2:54",174,"1:34",94,"1:10",70,"Recovery time estimated due to high turbidity","RT-17","2024-01-19 RT-17",NA,"EH","NJ",""
"875","2024","Jan",2024-01-18,"Chinook Salmon","late-fall","BT-5","NJ","AP, AC, TA, CR","5",11,117,"15EE",2024-01-12,"2:45",165,"1:34",94,"1:07",67,"Recovery time estimated due to high turbidity","RT-17","2024-01-19 RT-17",NA,"EH","NJ",""
"876","2024","Jan",2024-01-18,"Chinook Salmon","late-fall","BT-5","NJ","AP, AC, TA, CR","6",35.1,150,"9693",2024-01-12,"2:59",179,"1:35",95,"2:09",129,"Recovery time estimated due to high turbidity","RT-17","2024-01-19 RT-17",NA,"EH","NJ",""
"877","2024","Jan",2024-01-18,"Chinook Salmon","late-fall","BT-5","NJ","AP, AC, TA, CR","7",29.7,152,"1CA2",2024-01-12,"2:36",156,"1:49",109,"1:18",78,"Recovery time estimated due to high turbidity","RT-17","2024-01-19 RT-17",NA,"EH","NJ",""
"878","2024","Jan",2024-01-18,"Chinook Salmon","late-fall","BT-5","NJ","AP, AC, TA, CR","8",36.1,160,"9761",2024-01-12,"3:10",190,"1:41",101,"1:11",71,"Recovery time estimated due to high turbidity","RT-17","2024-01-19 RT-17",NA,"EH","NJ",""
"879","2024","Jan",2024-01-18,"Chinook Salmon","late-fall","BT-5","NJ","AP, AC, TA, CR","9",16.6,126,"1612",2024-01-12,"2:37",157,"1:43",103,"1:05",65,"Recovery time estimated due to high turbidity","RT-17","2024-01-19 RT-17",NA,"EH","NJ",""
"880","2024","Jan",2024-01-18,"Chinook Salmon","late-fall","BT-5","NJ","AP, AC, TA, CR","10",51.9,174,"A451",2024-01-12,"2:33",153,"1:14",74,"2:18",138,"Recovery time estimated due to high turbidity","RT-17","2024-01-19 RT-17",NA,"EH","NJ",""
"881","2024","Jan",2024-01-18,"Chinook Salmon","late-fall","BT-5","NJ","AP, AC, TA, CR","11",21.8,137,"170A",2024-01-12,"2:30",150,"1:26",86,"2:01",121,"Recovery time estimated due to high turbidity","RT-18","2024-01-19 RT-18",NA,"EH","NJ",""
"882","2024","Jan",2024-01-18,"Chinook Salmon","late-fall","BT-5","NJ","AP, AC, TA, CR","12",40.5,164,"1D5A",2024-01-12,"2:31",151,"1:33",93,"1:07",67,"Recovery time estimated due to high turbidity","RT-18","2024-01-19 RT-18",NA,"EH","NJ",""
"883","2024","Jan",2024-01-18,"Chinook Salmon","late-fall","BT-5","NJ","AP, AC, TA, CR","13",35,158,"96E3",2024-01-12,"2:32",152,"1:39",99,"1:10",70,"Recovery time estimated due to high turbidity","RT-18","2024-01-19 RT-18",NA,"EH","NJ",""
"884","2024","Jan",2024-01-18,"Chinook Salmon","late-fall","BT-5","NJ","AP, AC, TA, CR","14",18.5,134,"142C",2024-01-12,"2:41",161,"1:17",77,"1:04",64,"Recovery time estimated due to high turbidity","RT-18","2024-01-19 RT-18",NA,"EH","NJ",""
"885","2024","Jan",2024-01-18,"Chinook Salmon","late-fall","BT-5","NJ","AP, AC, TA, CR","15",34.4,147,"1AA8",2024-01-12,"2:39",159,"1:16",76,"1:06",66,"Recovery time estimated due to high turbidity","RT-18","2024-01-19 RT-18",NA,"EH","NJ",""
"886","2024","Jan",2024-01-18,"Chinook Salmon","late-fall","BT-5","NJ","AP, AC, TA, CR","16",22.2,137,"A435",2024-01-12,"2:37",157,"1:13",73,"1:08",68,"Recovery time estimated due to high turbidity","RT-18","2024-01-19 RT-18",NA,"EH","NJ",""
"887","2024","Jan",2024-01-18,"Chinook Salmon","late-fall","BT-5","NJ","AP, AC, TA, CR","17",55,173,"1698",2024-01-12,"2:08",128,"1:29",89,"1:05",65,"Recovery time estimated due to high turbidity","RT-18","2024-01-19 RT-18",NA,"EH","NJ",""
"888","2024","Jan",2024-01-18,"Chinook Salmon","late-fall","BT-5","NJ","AP, AC, TA, CR","18",54.9,173,"15F6",2024-01-12,"2:03",123,"1:38",98,"1:02",62,"Recovery time estimated due to high turbidity","RT-18","2024-01-19 RT-18",NA,"EH","NJ",""
"889","2024","Jan",2024-01-18,"Chinook Salmon","late-fall","BT-5","NJ","AP, AC, TA, CR","19",60.8,188,"148E",2024-01-12,"2:27",147,"1:26",86,"1:06",66,"Recovery time estimated due to high turbidity","RT-18","2024-01-19 RT-18",NA,"EH","NJ",""
"890","2024","Jan",2024-01-18,"Chinook Salmon","late-fall","BT-5","NJ","AP, AC, TA, CR","20",24.2,144,"1D52",2024-01-12,"2:40",160,"1:15",75,"1:11",71,"Recovery time estimated due to high turbidity","RT-18","2024-01-19 RT-18",NA,"EH","NJ",""
"891","2024","Jan",2024-01-18,"Chinook Salmon","late-fall","BT-5","NJ","AP, AC, TA, CR","21",45.1,171,"162E",2024-01-12,"3:00",180,"1:58",118,"1:06",66,"Recovery time estimated due to high turbidity","RT-19","2024-01-19 RT-19",NA,"EH","NJ",""
"892","2024","Jan",2024-01-18,"Chinook Salmon","late-fall","BT-5","NJ","AP, AC, TA, CR","22",38.8,168,"153C",2024-01-12,"3:09",189,"1:28",88,"1:00",60,"Recovery time estimated due to high turbidity","RT-19","2024-01-19 RT-19",NA,"EH","NJ",""
"893","2024","Jan",2024-01-18,"Chinook Salmon","late-fall","BT-5","NJ","AP, AC, TA, CR","23",49.2,173,"169E",2024-01-12,"3:46",226,"1:23",83,"1:03",63,"Recovery time estimated due to high turbidity","RT-19","2024-01-19 RT-19",NA,"EH","NJ",""
"894","2024","Jan",2024-01-18,"Chinook Salmon","late-fall","BT-5","NJ","AP, AC, TA, CR","24",40.7,167,"96FA",2024-01-12,"3:06",186,"1:25",85,"1:09",69,"Recovery time estimated due to high turbidity","RT-19","2024-01-19 RT-19",NA,"EH","NJ","Surgery time corrected from 1:33 to 1:25"
"895","2024","Jan",2024-01-18,"Chinook Salmon","late-fall","BT-5","NJ","AP, AC, TA, CR","25",14,120,"1636",2024-01-12,"2:36",156,"1:33",93,"1:01",61,"Recovery time estimated due to high turbidity","RT-19","2024-01-19 RT-19",NA,"EH","NJ","Surgery time corrected from 1:43 to 1:33"
"896","2024","Jan",2024-01-18,"Chinook Salmon","late-fall","BT-5","NJ","AP, AC, TA, CR","26",35.9,161,"96CF",2024-01-12,"2:40",160,"1:43",103,"1:05",65,"Recovery time estimated due to high turbidity","RT-19","2024-01-19 RT-19",NA,"EH","NJ","Surgery time corrected from 1:28 to 1:43"
"897","2024","Jan",2024-01-18,"Chinook Salmon","late-fall","BT-5","NJ","AP, AC, TA, CR","27",35.5,160,"9716",2024-01-12,"2:51",171,"1:28",88,"1:01",61,"Recovery time estimated due to high turbidity","RT-19","2024-01-19 RT-19",NA,"EH","NJ","Surgery time corrected from 1:37 to 1:28"
"898","2024","Jan",2024-01-18,"Chinook Salmon","late-fall","BT-5","NJ","AP, AC, TA, CR","28",46.9,173,"1BA9",2024-01-12,"3:02",182,"1:37",97,"1:03",63,"Recovery time estimated due to high turbidity","RT-19","2024-01-19 RT-19",NA,"EH","NJ","Surgery time corrected from 1:14 to 1:37"
"899","2024","Jan",2024-01-18,"Chinook Salmon","late-fall","BT-5","NJ","AP, AC, TA, CR","29",25.6,147,"A3DD",2024-01-12,"3:00",180,"1:14",74,"1:05",65,"Recovery time estimated due to high turbidity","RT-19","2024-01-19 RT-19",NA,"EH","NJ","Surgery time corrected from 1:20 to 1:14"
"900","2024","Jan",2024-01-18,"Chinook Salmon","late-fall","BT-5","NJ","AP, AC, TA, CR","30",33.3,156,"1666",2024-01-12,"2:56",176,"1:20",80,"1:03",63,"Recovery time estimated due to high turbidity","RT-19","2024-01-19 RT-19",NA,"EH","NJ","Surgery time corrected from 1:28 to 1:20"
"901","2024","Jan",2024-01-18,"Chinook Salmon","late-fall","BT-5","NJ","AP, AC, TA, CR","31",32.7,151,"A44D",2024-01-12,"3:59",239,"1:22",82,"1:15",75,"Recovery time estimated due to high turbidity","RT-20","2024-01-19 RT-20",NA,"EH","NJ",""
"902","2024","Jan",2024-01-18,"Chinook Salmon","late-fall","BT-5","NJ","AP, AC, TA, CR","32",35.6,160,"9690",2024-01-12,"3:12",192,"1:15",75,"1:06",66,"Recovery time estimated due to high turbidity","RT-20","2024-01-19 RT-20",NA,"EH","NJ",""
"903","2024","Jan",2024-01-18,"Chinook Salmon","late-fall","BT-5","NJ","AP, AC, TA, CR","33",24.2,141,"A453",2024-01-12,"3:01",181,"1:28",88,"1:01",61,"Recovery time estimated due to high turbidity","RT-20","2024-01-19 RT-20",NA,"EH","NJ",""
"904","2024","Jan",2024-01-18,"Chinook Salmon","late-fall","BT-5","NJ","AP, AC, TA, CR","34",28.7,141,"1506",2024-01-12,"2:56",176,"1:41",101,"1:07",67,"Recovery time estimated due to high turbidity","RT-20","2024-01-19 RT-20",NA,"EH","NJ",""
"905","2024","Jan",2024-01-18,"Chinook Salmon","late-fall","BT-5","NJ","AP, AC, TA, CR","35",19.8,135,"16BC",2024-01-12,"3:35",215,"1:19",79,"1:06",66,"Recovery time estimated due to high turbidity","RT-20","2024-01-19 RT-20",NA,"EH","NJ",""
"906","2024","Jan",2024-01-18,"Chinook Salmon","late-fall","BT-5","NJ","AP, AC, TA, CR","36",27.8,150,"96DB",2024-01-12,"3:15",195,"1:15",75,"1:05",65,"Recovery time estimated due to high turbidity","RT-20","2024-01-19 RT-20",NA,"EH","NJ",""
"907","2024","Jan",2024-01-18,"Chinook Salmon","late-fall","BT-5","NJ","AP, AC, TA, CR","37",37.4,148,"9721",2024-01-12,"3:00",180,"1:14",74,"1:11",71,"Recovery time estimated due to high turbidity","RT-20","2024-01-19 RT-20",NA,"EH","NJ",""
"908","2024","Jan",2024-01-18,"Chinook Salmon","late-fall","BT-5","NJ","AP, AC, TA, CR","38",40.2,167,"14C6",2024-01-12,"2:43",163,"1:44",104,"1:03",63,"Recovery time estimated due to high turbidity","RT-20","2024-01-19 RT-20",NA,"EH","NJ",""
"909","2024","Jan",2024-01-18,"Chinook Salmon","late-fall","BT-5","NJ","AP, AC, TA, CR","39",16.1,122,"14A0",2024-01-12,"3:17",197,"1:17",77,"1:16",76,"Recovery time estimated due to high turbidity","RT-20","2024-01-19 RT-20",NA,"EH","NJ",""
"910","2024","Jan",2024-01-18,"Chinook Salmon","late-fall","BT-5","NJ","AP, AC, TA, CR","40",39.4,155,"A44B",2024-01-12,"2:50",170,"1:54",114,"1:05",65,"Recovery time estimated due to high turbidity","RT-20","2024-01-19 RT-20",NA,"EH","NJ",""
"911","2024","Jan",2024-01-18,"Chinook Salmon","late-fall","BT-6","AP","NJ, AC, CR, TA","41",32.9,158,"176C",2024-01-12,"3:10",190,"1:45",105,"1:09",69,"Recovery time estimated due to high turbidity","RT-21","2024-01-19 RT-21",NA,"EH","NJ",""
"912","2024","Jan",2024-01-18,"Chinook Salmon","late-fall","BT-6","AP","NJ, AC, CR, TA","42",45.1,180,"9713",2024-01-12,"2:00",120,"1:20",80,"1:02",62,"Recovery time estimated due to high turbidity","RT-21","2024-01-19 RT-21",NA,"EH","NJ",""
"913","2024","Jan",2024-01-18,"Chinook Salmon","late-fall","BT-6","AP","NJ, AC, CR, TA","43",45.9,168,"1DAE",2024-01-12,"1:53",113,"1:50",110,"1:11",71,"Recovery time estimated due to high turbidity","RT-21","2024-01-19 RT-21",NA,"EH","NJ",""
"914","2024","Jan",2024-01-18,"Chinook Salmon","late-fall","BT-6","AP","NJ, AC, CR, TA","44",26,145,"96F7",2024-01-12,"2:50",170,"1:24",84,"1:06",66,"Recovery time estimated due to high turbidity","RT-21","2024-01-19 RT-21",NA,"EH","NJ","Recovery time corrected from 1:08 to 1:06"
"915","2024","Jan",2024-01-18,"Chinook Salmon","late-fall","BT-6","AP","NJ, AC, CR, TA","45",46,178,"1508",2024-01-12,"3:00",180,"1:42",102,"1:07",67,"Recovery time estimated due to high turbidity","RT-21","2024-01-19 RT-21",NA,"EH","NJ",""
"916","2024","Jan",2024-01-18,"Chinook Salmon","late-fall","BT-6","AP","NJ, AC, CR, TA","46",48.4,175,"16D0",2024-01-12,"2:52",172,"2:01",121,"1:09",69,"Recovery time estimated due to high turbidity","RT-21","2024-01-19 RT-21",NA,"EH","NJ",""
"917","2024","Jan",2024-01-18,"Chinook Salmon","late-fall","BT-6","AP","NJ, AC, CR, TA","47",36.6,150,"A444",2024-01-12,"3:07",187,"1:16",76,"1:02",62,"Recovery time estimated due to high turbidity","RT-21","2024-01-19 RT-21",NA,"EH","NJ",""
"918","2024","Jan",2024-01-18,"Chinook Salmon","late-fall","BT-6","AP","NJ, AC, CR, TA","48",25.8,143,"1434",2024-01-12,"2:32",152,"2:00",120,"1:01",61,"Recovery time estimated due to high turbidity","RT-21","2024-01-19 RT-21",NA,"EH","NJ",""
"919","2024","Jan",2024-01-18,"Chinook Salmon","late-fall","BT-6","AP","NJ, AC, CR, TA","49",33.1,157,"1674",2024-01-12,"2:25",145,"1:44",104,"1:04",64,"Recovery time estimated due to high turbidity","RT-21","2024-01-19 RT-21",NA,"EH","NJ",""
"920","2024","Jan",2024-01-18,"Chinook Salmon","late-fall","BT-6","AP","NJ, AC, CR, TA","50",24.1,144,"9696",2024-01-12,"2:32",152,"1:56",116,"1:03",63,"Recovery time estimated due to high turbidity. Tag already pinging when activated.","RT-21","2024-01-19 RT-21",NA,"EH","NJ",""
"921","2024","Jan",2024-01-18,"Chinook Salmon","late-fall","BT-6","AP","NJ, AC, CR, TA","51",23.3,147,"A41D",2024-01-12,"2:43",163,"2:03",123,"1:04",64,"Recovery time estimated due to high turbidity","RT-22","2024-01-19 RT-22",NA,"EH","NJ",""
"922","2024","Jan",2024-01-18,"Chinook Salmon","late-fall","BT-6","AP","NJ, AC, CR, TA","52",61.3,190,"9766",2024-01-12,"2:50",170,"2:02",122,"1:01",61,"Recovery time estimated due to high turbidity","RT-22","2024-01-19 RT-22",NA,"EH","NJ",""
"923","2024","Jan",2024-01-18,"Chinook Salmon","late-fall","BT-6","AP","NJ, AC, CR, TA","53",37,166,"974C",2024-01-12,"2:51",171,"1:45",105,"1:05",65,"Recovery time estimated due to high turbidity","RT-22","2024-01-19 RT-22",NA,"EH","NJ",""
"924","2024","Jan",2024-01-18,"Chinook Salmon","late-fall","BT-6","AP","NJ, AC, CR, TA","54",19.4,130,"1C5A",2024-01-12,"2:11",131,"1:40",100,"1:04",64,"Recovery time estimated due to high turbidity","RT-22","2024-01-19 RT-22",NA,"EH","NJ",""
"925","2024","Jan",2024-01-18,"Chinook Salmon","late-fall","BT-6","AP","NJ, AC, CR, TA","55",26.2,155,"976B",2024-01-12,"3:10",190,"2:10",130,"1:06",66,"Recovery time estimated due to high turbidity","RT-22","2024-01-19 RT-22",NA,"EH","NJ",""
"926","2024","Jan",2024-01-18,"Chinook Salmon","late-fall","BT-6","AP","NJ, AC, CR, TA","56",42.7,163,"1AA0",2024-01-12,"2:48",168,"1:32",92,"1:05",65,"Recovery time estimated due to high turbidity","RT-22","2024-01-19 RT-22",NA,"EH","NJ",""
"927","2024","Jan",2024-01-18,"Chinook Salmon","late-fall","BT-6","AP","NJ, AC, CR, TA","57",27.2,139,"1C9A",2024-01-12,"1:38",98,"1:46",106,"1:03",63,"Recovery time estimated due to high turbidity","RT-22","2024-01-19 RT-22",NA,"EH","NJ",""
"928","2024","Jan",2024-01-18,"Chinook Salmon","late-fall","BT-6","AP","NJ, AC, CR, TA","58",41.2,163,"1A81",2024-01-12,"1:55",115,"1:53",113,"1:03",63,"Recovery time estimated due to high turbidity","RT-22","2024-01-19 RT-22",NA,"EH","NJ",""
"929","2024","Jan",2024-01-18,"Chinook Salmon","late-fall","BT-6","AP","NJ, AC, CR, TA","59",45.9,170,"1D51",2024-01-12,"2:28",148,"1:36",96,"1:04",64,"Recovery time estimated due to high turbidity","RT-22","2024-01-19 RT-22",NA,"EH","NJ",""
"930","2024","Jan",2024-01-18,"Chinook Salmon","late-fall","BT-6","AP","NJ, AC, CR, TA","60",37.1,155,"16C4",2024-01-12,"2:40",160,"1:42",102,"1:06",66,"Recovery time estimated due to high turbidity","RT-22","2024-01-19 RT-22",NA,"EH","NJ",""
"931","2024","Jan",2024-01-18,"Chinook Salmon","late-fall","BT-6","AP","NJ, AC, CR, TA","61",43.7,171,"A3B3",2024-01-12,"2:44",164,"1:32",92,"1:06",66,"Recovery time estimated due to high turbidity","RT-23","2024-01-19 RT-23",NA,"EH","NJ","recovery time corrected from 1:08 to 1:06"
"932","2024","Jan",2024-01-18,"Chinook Salmon","late-fall","BT-6","AP","NJ, AC, CR, TA","62",48.6,176,"1468",2024-01-12,"3:20",200,"1:31",91,"1:05",65,"Recovery time estimated due to high turbidity","RT-23","2024-01-19 RT-23",NA,"EH","NJ",""
"933","2024","Jan",2024-01-18,"Chinook Salmon","late-fall","BT-6","AP","NJ, AC, CR, TA","63",30.8,155,"16D8",2024-01-12,"2:29",149,"1:34",94,"1:04",64,"Recovery time estimated due to high turbidity","RT-23","2024-01-19 RT-23",NA,"EH","NJ",""
"934","2024","Jan",2024-01-18,"Chinook Salmon","late-fall","BT-6","AP","NJ, AC, CR, TA","64",49,174,"1650",2024-01-12,"2:45",165,"1:43",103,"1:05",65,"Recovery time estimated due to high turbidity","RT-23","2024-01-19 RT-23",NA,"EH","NJ",""
"935","2024","Jan",2024-01-18,"Chinook Salmon","late-fall","BT-6","AP","NJ, AC, CR, TA","65",22.2,144,"1484",2024-01-12,"2:07",127,"1:26",86,"1:06",66,"Recovery time estimated due to high turbidity","RT-23","2024-01-19 RT-23",NA,"EH","NJ",""
"936","2024","Jan",2024-01-18,"Chinook Salmon","late-fall","BT-6","AP","NJ, AC, CR, TA","66",26.3,145,"96D3",2024-01-12,"3:00",180,"0:59",59,"1:08",68,"Recovery time estimated due to high turbidity","RT-23","2024-01-19 RT-23",NA,"EH","NJ",""
"937","2024","Jan",2024-01-18,"Chinook Salmon","late-fall","BT-6","AP","NJ, AC, CR, TA","67",41.2,162,"1614",2024-01-12,"2:29",149,"1:45",105,"1:04",64,"Recovery time estimated due to high turbidity","RT-23","2024-01-19 RT-23",NA,"EH","NJ",""
"938","2024","Jan",2024-01-18,"Chinook Salmon","late-fall","BT-6","AP","NJ, AC, CR, TA","68",42.8,175,"16CC",2024-01-12,"3:29",209,"1:34",94,"1:09",69,"Recovery time estimated due to high turbidity","RT-23","2024-01-19 RT-23",NA,"EH","NJ",""
"939","2024","Jan",2024-01-18,"Chinook Salmon","late-fall","BT-6","AP","NJ, AC, CR, TA","69",22.1,138,"15E6",2024-01-12,"2:50",170,"2:02",122,"1:06",66,"Recovery time estimated due to high turbidity","RT-23","2024-01-19 RT-23",NA,"EH","NJ",""
"940","2024","Jan",2024-01-18,"Chinook Salmon","late-fall","BT-6","AP","NJ, AC, CR, TA","70",42.6,169,"1776",2024-01-12,"3:29",209,"1:20",80,NA,NA,"Recovery time estimated due to high turbidity","RT-23","2024-01-19 RT-23",NA,"EH","NJ",""
"941","2024","Jan",2024-01-18,"Chinook Salmon","late-fall","BT-6","AP","NJ, AC, CR, TA","71",21.4,140,"1D7A",2024-01-12,"2:38",158,"1:59",119,"1:01",61,"Recovery time estimated due to high turbidity","RT-24","2024-01-19 RT-24",NA,"EH","NJ",""
"942","2024","Jan",2024-01-18,"Chinook Salmon","late-fall","BT-6","AP","NJ, AC, CR, TA","72",44.3,167,"1490",2024-01-12,"2:30",150,"1:27",87,"1:02",62,"Recovery time estimated due to high turbidity","RT-24","2024-01-19 RT-24",NA,"EH","NJ",""
"943","2024","Jan",2024-01-18,"Chinook Salmon","late-fall","BT-6","AP","NJ, AC, CR, TA","73",37.6,163,"A3BB",2024-01-12,"3:03",183,"1:38",98,"1:00",60,"Recovery time estimated due to high turbidity","RT-24","2024-01-19 RT-24",NA,"EH","NJ",""
"944","2024","Jan",2024-01-18,"Chinook Salmon","late-fall","BT-6","AP","NJ, AC, CR, TA","74",37.7,162,"973A",2024-01-12,"3:18",198,"1:38",98,"1:01",61,"Recovery time estimated due to high turbidity","RT-24","2024-01-19 RT-24",NA,"EH","NJ",""
"945","2024","Jan",2024-01-18,"Chinook Salmon","late-fall","BT-6","AP","NJ, AC, CR, TA","75",27.2,144,"1D4E",2024-01-12,"2:49",169,"2:00",120,"1:07",67,"Recovery time estimated due to high turbidity","RT-24","2024-01-19 RT-24",NA,"EH","NJ",""
"946","2024","Jan",2024-01-18,"Chinook Salmon","late-fall","BT-6","AP","NJ, AC, CR, TA","76",23.1,145,"9748",2024-01-12,"2:46",166,"1:45",105,"1:04",64,"Recovery time estimated due to high turbidity","RT-24","2024-01-19 RT-24",NA,"EH","NJ",""
"947","2024","Jan",2024-01-18,"Chinook Salmon","late-fall","BT-6","AP","NJ, AC, CR, TA","77",31,162,"972B",2024-01-12,"2:24",144,"1:36",96,"1:03",63,"Recovery time estimated due to high turbidity","RT-24","2024-01-19 RT-24",NA,"EH","NJ",""
"948","2024","Jan",2024-01-18,"Chinook Salmon","late-fall","BT-6","AP","NJ, AC, CR, TA","78",20.3,135,"265A",2024-01-12,"3:42",222,"1:47",107,"1:04",64,"Recovery time estimated due to high turbidity","RT-24","2024-01-19 RT-24",NA,"EH","NJ",""
"949","2024","Jan",2024-01-18,"Chinook Salmon","late-fall","BT-6","AP","NJ, AC, CR, TA","79",33.8,158,"2159",2024-01-12,"3:19",199,"1:28",88,"1:05",65,"Recovery time estimated due to high turbidity","RT-24","2024-01-19 RT-24",NA,"EH","NJ",""
"950","2024","Jan",2024-01-18,"Chinook Salmon","late-fall","BT-6","AP","NJ, AC, CR, TA","80",38,165,"2691",2024-01-12,"2:48",168,"1:30",90,"2:00",120,"Recovery time estimated due to high turbidity","RT-24","2024-01-19 RT-24",NA,"EH","NJ",""
"951","2024","Feb",2024-02-13,"Chinook Salmon","late-fall","BT-1","NJ","AP, AC, KB","1",14.7,125,"9543",2024-02-09,"2:37",157,"1:14",74,"2:07",127,"Recovery time estimated due to high turbidity","RT-1","2024-02-14 RT-1",NA,"PH","NJ",""
"952","2024","Feb",2024-02-13,"Chinook Salmon","late-fall","BT-1","NJ","AP, AC, KB","2",42.5,171,"9539",2024-02-09,"2:10",130,"1:34",94,"3:00",180,"Recovery time estimated due to high turbidity","RT-1","2024-02-14 RT-1",NA,"PH","NJ",""
"953","2024","Feb",2024-02-13,"Chinook Salmon","late-fall","BT-1","NJ","AP, AC, KB","3",32.7,145,"94F7",2024-02-09,"2:29",149,"1:28",88,"2:32",152,"Recovery time estimated due to high turbidity","RT-1","2024-02-14 RT-1",NA,"PH","NJ",""
"954","2024","Feb",2024-02-13,"Chinook Salmon","late-fall","BT-1","NJ","AP, AC, KB","4",79.7,193,"9535",2024-02-09,"2:39",159,"1:50",110,"1:58",118,"Recovery time estimated due to high turbidity","RT-1","2024-02-14 RT-1",NA,"PH","NJ",""
"955","2024","Feb",2024-02-13,"Chinook Salmon","late-fall","BT-1","NJ","AP, AC, KB","5",19.1,127,"95B1",2024-02-09,"3:28",208,"1:48",108,"1:02",62,"Recovery time estimated due to high turbidity","RT-1","2024-02-14 RT-1",NA,"PH","NJ",""
"956","2024","Feb",2024-02-13,"Chinook Salmon","late-fall","BT-1","NJ","AP, AC, KB","6",19.1,137,"957A",2024-02-09,"2:54",174,"1:15",75,"1:32",92,"Recovery time estimated due to high turbidity","RT-1","2024-02-14 RT-1",NA,"PH","NJ",""
"957","2024","Feb",2024-02-13,"Chinook Salmon","late-fall","BT-1","NJ","AP, AC, KB","7",15.3,130,"95D1",2024-02-09,"2:23",143,"1:22",82,"1:07",67,"Recovery time estimated due to high turbidity","RT-1","2024-02-14 RT-1",NA,"PH","NJ",""
"958","2024","Feb",2024-02-13,"Chinook Salmon","late-fall","BT-1","NJ","AP, AC, KB","8",18.8,130,"9576",2024-02-09,"2:39",159,"1:20",80,"1:23",83,"Recovery time estimated due to high turbidity","RT-1","2024-02-14 RT-1",NA,"PH","NJ",""
"959","2024","Feb",2024-02-13,"Chinook Salmon","late-fall","BT-1","NJ","AP, AC, KB","9",56.3,171,"94FB",2024-02-09,"3:12",192,"1:06",66,"1:15",75,"Recovery time estimated due to high turbidity","RT-1","2024-02-14 RT-1",NA,"PH","NJ",""
"960","2024","Feb",2024-02-13,"Chinook Salmon","late-fall","BT-1","NJ","AP, AC, KB","10",15.1,117,"9504",2024-02-09,"3:00",180,"1:19",79,"4:30",270,"Recovery time estimated due to high turbidity","RT-1","2024-02-14 RT-1",NA,"PH","NJ",""
"961","2024","Feb",2024-02-13,"Chinook Salmon","late-fall","BT-1","NJ","AP, AC, KB","11",27.1,152,"950B",2024-02-09,"3:17",197,"1:25",85,"1:02",62,"Recovery time estimated due to high turbidity","RT-2","2024-02-14 RT-2",NA,"PH","NJ",""
"962","2024","Feb",2024-02-13,"Chinook Salmon","late-fall","BT-1","NJ","AP, AC, KB","12",11.8,107,"94DE",2024-02-09,"2:40",160,"1:21",81,"1:23",83,"Recovery time estimated due to high turbidity","RT-2","2024-02-14 RT-2",NA,"PH","NJ",""
"963","2024","Feb",2024-02-13,"Chinook Salmon","late-fall","BT-1","NJ","AP, AC, KB","13",27.3,145,"957F",2024-02-09,"2:25",145,"1:14",74,"1:16",76,"Recovery time estimated due to high turbidity","RT-2","2024-02-14 RT-2",NA,"PH","NJ",""
"964","2024","Feb",2024-02-13,"Chinook Salmon","late-fall","BT-1","NJ","AP, AC, KB","14",19.8,137,"958E",2024-02-09,"2:12",132,"1:19",79,"2:42",162,"Recovery time estimated due to high turbidity","RT-2","2024-02-14 RT-2",NA,"PH","NJ",""
"965","2024","Feb",2024-02-13,"Chinook Salmon","late-fall","BT-1","NJ","AP, AC, KB","15",16,122,"95C8",2024-02-09,"2:58",178,"1:07",67,"1:30",90,"Recovery time estimated due to high turbidity","RT-2","2024-02-14 RT-2",NA,"PH","NJ",""
"966","2024","Feb",2024-02-13,"Chinook Salmon","late-fall","BT-1","NJ","AP, AC, KB","16",32.4,160,"95D8",2024-02-09,"3:11",191,"1:34",94,"2:00",120,"Recovery time estimated due to high turbidity","RT-2","2024-02-14 RT-2",NA,"PH","NJ",""
"967","2024","Feb",2024-02-13,"Chinook Salmon","late-fall","BT-1","NJ","AP, AC, KB","17",24,158,"95C2",2024-02-09,"2:47",167,"1:20",80,"1:06",66,"Recovery time estimated due to high turbidity","RT-2","2024-02-14 RT-2",NA,"PH","NJ",""
"968","2024","Feb",2024-02-13,"Chinook Salmon","late-fall","BT-1","NJ","AP, AC, KB","18",18.3,127,"95B8",2024-02-09,"3:03",183,"1:21",81,"1:52",112,"Recovery time estimated due to high turbidity","RT-2","2024-02-14 RT-2",NA,"PH","NJ",""
"969","2024","Feb",2024-02-13,"Chinook Salmon","late-fall","BT-1","NJ","AP, AC, KB","19",66.8,184,"9533",2024-02-09,"2:39",159,"1:35",95,"3:21",201,"Recovery time estimated due to high turbidity","RT-2","2024-02-14 RT-2",NA,"PH","NJ",""
"970","2024","Feb",2024-02-13,"Chinook Salmon","late-fall","BT-1","NJ","AP, AC, KB","20",34.1,160,"9534",2024-02-09,"4:24",264,"1:41",101,"4:20",260,"Recovery time estimated due to high turbidity","RT-2","2024-02-14 RT-2",NA,"PH","NJ",""
"971","2024","Feb",2024-02-13,"Chinook Salmon","late-fall","BT-1","NJ","AP, AC, KB","21",13.3,115,"95D6",2024-02-09,"2:27",147,"1:33",93,"1:22",82,"Recovery time estimated due to high turbidity","RT-3","2024-02-14 RT-3",NA,"PH","NJ",""
"972","2024","Feb",2024-02-13,"Chinook Salmon","late-fall","BT-1","NJ","AP, AC, KB","22",21.1,145,"9548",2024-02-09,"3:04",184,"1:44",104,"1:15",75,"Recovery time estimated due to high turbidity","RT-3","2024-02-14 RT-3",NA,"PH","NJ",""
"973","2024","Feb",2024-02-13,"Chinook Salmon","late-fall","BT-1","NJ","AP, AC, KB","23",9.1,105,"9517",2024-02-09,"3:19",199,"1:36",96,"1:52",112,"Recovery time estimated due to high turbidity","RT-3","2024-02-14 RT-3",NA,"PH","NJ",""
"974","2024","Feb",2024-02-13,"Chinook Salmon","late-fall","BT-1","NJ","AP, AC, KB","24",16.1,123,"9592",2024-02-09,"2:43",163,"1:29",89,"1:03",63,"Recovery time estimated due to high turbidity","RT-3","2024-02-14 RT-3",NA,"PH","NJ",""
"975","2024","Feb",2024-02-13,"Chinook Salmon","late-fall","BT-1","NJ","AP, AC, KB","25",44.5,155,"959D",2024-02-09,"2:49",169,"1:28",88,"1:07",67,"Recovery time estimated due to high turbidity","RT-3","2024-02-14 RT-3",NA,"PH","NJ",""
"976","2024","Feb",2024-02-13,"Chinook Salmon","late-fall","BT-1","NJ","AP, AC, KB","26",56.4,175,"94F4",2024-02-09,"2:42",162,"1:46",106,"1:12",72,"Recovery time estimated due to high turbidity","RT-3","2024-02-14 RT-3",NA,"PH","NJ",""
"977","2024","Feb",2024-02-13,"Chinook Salmon","late-fall","BT-1","NJ","AP, AC, KB","27",22.5,150,"958A",2024-02-09,"3:17",197,"1:15",75,"1:36",96,"Recovery time estimated due to high turbidity","RT-3","2024-02-14 RT-3",NA,"PH","NJ",""
"978","2024","Feb",2024-02-13,"Chinook Salmon","late-fall","BT-1","NJ","AP, AC, KB","28",10.8,103,"9552",2024-02-09,"2:24",144,"1:15",75,"1:23",83,"Recovery time estimated due to high turbidity","RT-3","2024-02-14 RT-3",NA,"PH","NJ",""
"979","2024","Feb",2024-02-13,"Chinook Salmon","late-fall","BT-1","NJ","AP, AC, KB","29",31.4,145,"95E8",2024-02-09,"2:28",148,"1:06",66,"1:37",97,"Recovery time estimated due to high turbidity","RT-3","2024-02-14 RT-3",NA,"PH","NJ",""
"980","2024","Feb",2024-02-13,"Chinook Salmon","late-fall","BT-1","NJ","AP, AC, KB","30",42.5,162,"94F6",2024-02-09,"3:17",197,"1:16",76,"4:15",255,"Recovery time estimated due to high turbidity","RT-3","2024-02-14 RT-3",NA,"PH","NJ",""
"981","2024","Feb",2024-02-13,"Chinook Salmon","late-fall","BT-1","NJ","AP, AC, KB","31",17.7,134,"94EF",2024-02-09,"2:18",138,"1:14",74,"1:55",115,"Recovery time estimated due to high turbidity","RT-4","2024-02-14 RT-4",NA,"PH","NJ",""
"982","2024","Feb",2024-02-13,"Chinook Salmon","late-fall","BT-1","NJ","AP, AC, KB","32",40.7,155,"94FA",2024-02-09,"3:25",205,"1:29",89,"2:05",125,"Recovery time estimated due to high turbidity","RT-4","2024-02-14 RT-4",NA,"PH","NJ",""
"983","2024","Feb",2024-02-13,"Chinook Salmon","late-fall","BT-1","NJ","AP, AC, KB","33",22.3,134,"9513",2024-02-09,"2:03",123,"1:19",79,"1:03",63,"Recovery time estimated due to high turbidity","RT-4","2024-02-14 RT-4",NA,"PH","NJ",""
"984","2024","Feb",2024-02-13,"Chinook Salmon","late-fall","BT-1","NJ","AP, AC, KB","34",32.9,152,"95CC",2024-02-09,"1:52",112,"1:32",92,"3:22",202,"Recovery time estimated due to high turbidity","RT-4","2024-02-14 RT-4",NA,"PH","NJ",""
"985","2024","Feb",2024-02-13,"Chinook Salmon","late-fall","BT-1","NJ","AP, AC, KB","35",31.6,142,"9556",2024-02-09,"2:02",122,"1:27",87,"1:06",66,"Recovery time estimated due to high turbidity","RT-4","2024-02-14 RT-4",NA,"PH","NJ",""
"986","2024","Feb",2024-02-13,"Chinook Salmon","late-fall","BT-1","NJ","AP, AC, KB","36",16.5,114,"95C4",2024-02-09,"2:27",147,"1:06",66,"1:00",60,"Recovery time estimated due to high turbidity","RT-4","2024-02-14 RT-4",NA,"PH","NJ",""
"987","2024","Feb",2024-02-13,"Chinook Salmon","late-fall","BT-1","NJ","AP, AC, KB","37",20.3,124,"9594",2024-02-09,"1:52",112,"1:26",86,"1:14",74,"Recovery time estimated due to high turbidity","RT-4","2024-02-14 RT-4",NA,"PH","NJ",""
"988","2024","Feb",2024-02-13,"Chinook Salmon","late-fall","BT-1","NJ","AP, AC, KB","38",18.6,122,"95DC",2024-02-09,"1:56",116,"1:24",84,"1:06",66,"Recovery time estimated due to high turbidity","RT-4","2024-02-14 RT-4",NA,"PH","NJ",""
"989","2024","Feb",2024-02-13,"Chinook Salmon","late-fall","BT-1","NJ","AP, AC, KB","39",20.2,123,"9518",2024-02-09,"2:14",134,"1:21",81,"1:36",96,"Recovery time estimated due to high turbidity","RT-4","2024-02-14 RT-4",NA,"PH","NJ",""
"990","2024","Feb",2024-02-13,"Chinook Salmon","late-fall","BT-1","NJ","AP, AC, KB","40",20.9,121,"95C3",2024-02-09,"2:28",148,"1:16",76,"4:02",242,"Recovery time estimated due to high turbidity","RT-4","2024-02-14 RT-4",NA,"PH","NJ",""
"991","2024","Feb",2024-02-13,"Chinook Salmon","late-fall","BT-2","AP","NJ, AC, KB","41",26.5,139,"95C1",2024-02-09,"2:54",174,"1:37",97,"1:38",98,"Recovery time estimated due to high turbidity","RT-5","2024-02-14 RT-5",NA,"PH","NJ",""
"992","2024","Feb",2024-02-13,"Chinook Salmon","late-fall","BT-2","AP","NJ, AC, KB","42",50.3,181,"95ED",2024-02-09,"2:45",165,"1:57",117,"1:41",101,"Recovery time estimated due to high turbidity","RT-5","2024-02-14 RT-5",NA,"PH","NJ",""
"993","2024","Feb",2024-02-13,"Chinook Salmon","late-fall","BT-2","AP","NJ, AC, KB","43",56.8,178,"95D9",2024-02-09,"3:10",190,"1:41",101,"1:33",93,"Recovery time estimated due to high turbidity","RT-5","2024-02-14 RT-5",NA,"PH","NJ",""
"994","2024","Feb",2024-02-13,"Chinook Salmon","late-fall","BT-2","AP","NJ, AC, KB","44",45.5,175,"9585",2024-02-09,"3:13",193,"2:04",124,"1:44",104,"Recovery time estimated due to high turbidity","RT-5","2024-02-14 RT-5",NA,"PH","NJ",""
"995","2024","Feb",2024-02-13,"Chinook Salmon","late-fall","BT-2","AP","NJ, AC, KB","45",40.3,155,"954E",2024-02-09,"2:31",151,"1:36",96,"1:16",76,"Recovery time estimated due to high turbidity","RT-5","2024-02-14 RT-5",NA,"PH","NJ",""
"996","2024","Feb",2024-02-13,"Chinook Salmon","late-fall","BT-2","AP","NJ, AC, KB","46",19.2,138,"952A",2024-02-09,"3:40",220,"2:17",137,"1:55",115,"Recovery time estimated due to high turbidity","RT-5","2024-02-14 RT-5",NA,"PH","NJ",""
"997","2024","Feb",2024-02-13,"Chinook Salmon","late-fall","BT-2","AP","NJ, AC, KB","47",32.7,156,"959B",2024-02-09,"2:29",149,"2:05",125,"1:17",77,"Recovery time estimated due to high turbidity","RT-5","2024-02-14 RT-5",NA,"PH","NJ",""
"998","2024","Feb",2024-02-13,"Chinook Salmon","late-fall","BT-2","AP","NJ, AC, KB","48",43.1,170,"94D7",2024-02-09,"3:22",202,"1:52",112,"1:37",97,"Recovery time estimated due to high turbidity","RT-5","2024-02-14 RT-5",NA,"PH","NJ","tag code corrected from 9407 to 94D7"
"999","2024","Feb",2024-02-13,"Chinook Salmon","late-fall","BT-2","AP","NJ, AC, KB","49",46.7,178,"95CA",2024-02-09,"2:47",167,"2:01",121,"1:20",80,"Recovery time estimated due to high turbidity","RT-5","2024-02-14 RT-5",NA,"PH","NJ",""
"1000","2024","Feb",2024-02-13,"Chinook Salmon","late-fall","BT-2","AP","NJ, AC, KB","50",16.9,143,"9582",2024-02-09,"2:50",170,"2:21",141,"1:47",107,"Recovery time estimated due to high turbidity","RT-5","2024-02-14 RT-5",NA,"PH","NJ",""
"1001","2024","Feb",2024-02-13,"Chinook Salmon","late-fall","BT-2","AP","NJ, AC, KB","51",44,175,"953D",2024-02-09,"3:17",197,"1:28",88,"1:39",99,"Recovery time estimated due to high turbidity","RT-6","2024-02-14 RT-6",NA,"PH","NJ",""
"1002","2024","Feb",2024-02-13,"Chinook Salmon","late-fall","BT-2","AP","NJ, AC, KB","52",20.4,145,"94E9",2024-02-09,"2:26",146,"1:28",88,"1:16",76,"Recovery time estimated due to high turbidity","RT-6","2024-02-14 RT-6",NA,"PH","NJ",""
"1003","2024","Feb",2024-02-13,"Chinook Salmon","late-fall","BT-2","AP","NJ, AC, KB","53",40.7,159,"959E",2024-02-09,"2:41",161,"1:26",86,"2:04",124,"Recovery time estimated due to high turbidity","RT-6","2024-02-14 RT-6",NA,"PH","NJ",""
"1004","2024","Feb",2024-02-13,"Chinook Salmon","late-fall","BT-2","AP","NJ, AC, KB","54",33.6,148,"952C",2024-02-09,"2:13",133,"1:31",91,"1:10",70,"Recovery time estimated due to high turbidity","RT-6","2024-02-14 RT-6",NA,"PH","NJ",""
"1005","2024","Feb",2024-02-13,"Chinook Salmon","late-fall","BT-2","AP","NJ, AC, KB","55",35.9,154,"955E",2024-02-09,"2:15",135,"1:21",81,"1:47",107,"Recovery time estimated due to high turbidity","RT-6","2024-02-14 RT-6",NA,"PH","NJ",""
"1006","2024","Feb",2024-02-13,"Chinook Salmon","late-fall","BT-2","AP","NJ, AC, KB","56",53.8,187,"9599",2024-02-09,"2:38",158,"1:54",114,"1:15",75,"Recovery time estimated due to high turbidity","RT-6","2024-02-14 RT-6",NA,"PH","NJ",""
"1007","2024","Feb",2024-02-13,"Chinook Salmon","late-fall","BT-2","AP","NJ, AC, KB","57",54.7,187,"9583",2024-02-09,"2:47",167,"1:52",112,"1:37",97,"Recovery time estimated due to high turbidity","RT-6","2024-02-14 RT-6",NA,"PH","NJ",""
"1008","2024","Feb",2024-02-13,"Chinook Salmon","late-fall","BT-2","AP","NJ, AC, KB","58",24.3,145,"9546",2024-02-09,"3:06",186,"1:28",88,"1:18",78,"Recovery time estimated due to high turbidity","RT-6","2024-02-14 RT-6",NA,"PH","NJ",""
"1009","2024","Feb",2024-02-13,"Chinook Salmon","late-fall","BT-2","AP","NJ, AC, KB","59",61.2,178,"950F",2024-02-09,"2:28",148,"1:14",74,"1:37",97,"Recovery time estimated due to high turbidity","RT-6","2024-02-14 RT-6",NA,"PH","NJ",""
"1010","2024","Feb",2024-02-13,"Chinook Salmon","late-fall","BT-2","AP","NJ, AC, KB","60",78,196,"954B",2024-02-09,"2:16",136,"1:51",111,"1:14",74,"Recovery time estimated due to high turbidity, tag coating has bump","RT-6","2024-02-14 RT-6",NA,"PH","NJ",""
"1011","2024","Feb",2024-02-13,"Chinook Salmon","late-fall","BT-2","AP","NJ, AC, KB","61",55.7,180,"9516",2024-02-09,"3:54",234,"1:47",107,"1:18",78,"Recovery time estimated due to high turbidity","RT-7","2024-02-14 RT-7",NA,"PH","NJ",""
"1012","2024","Feb",2024-02-13,"Chinook Salmon","late-fall","BT-2","AP","NJ, AC, KB","62",22.1,124,"9536",2024-02-09,"3:05",185,"1:45",105,"1:37",97,"Recovery time estimated due to high turbidity","RT-7","2024-02-14 RT-7",NA,"PH","NJ",""
"1013","2024","Feb",2024-02-13,"Chinook Salmon","late-fall","BT-2","AP","NJ, AC, KB","63",52.8,179,"9562",2024-02-09,"3:28",208,"1:55",115,"1:42",102,"Recovery time estimated due to high turbidity","RT-7","2024-02-14 RT-7",NA,"PH","NJ",""
"1014","2024","Feb",2024-02-13,"Chinook Salmon","late-fall","BT-2","AP","NJ, AC, KB","64",46.2,164,"9558",2024-02-09,"2:18",138,"1:40",100,"1:16",76,"Recovery time estimated due to high turbidity","RT-7","2024-02-14 RT-7",NA,"PH","NJ",""
"1015","2024","Feb",2024-02-13,"Chinook Salmon","late-fall","BT-2","AP","NJ, AC, KB","65",70.6,184,"95E1",2024-02-09,"2:32",152,"1:50",110,"1:27",87,"Recovery time estimated due to high turbidity","RT-7","2024-02-14 RT-7",NA,"PH","NJ",""
"1016","2024","Feb",2024-02-13,"Chinook Salmon","late-fall","BT-2","AP","NJ, AC, KB","66",71.3,185,"9540",2024-02-09,"2:18",138,"1:47",107,"1:31",91,"Recovery time estimated due to high turbidity","RT-7","2024-02-14 RT-7",NA,"PH","NJ",""
"1017","2024","Feb",2024-02-13,"Chinook Salmon","late-fall","BT-2","AP","NJ, AC, KB","67",39.1,169,"951E",2024-02-09,"3:53",233,"1:42",102,"1:52",112,"Recovery time estimated due to high turbidity","RT-7","2024-02-14 RT-7",NA,"PH","NJ",""
"1018","2024","Feb",2024-02-13,"Chinook Salmon","late-fall","BT-2","AP","NJ, AC, KB","68",61.5,182,"94ED",2024-02-09,"2:15",135,"1:19",79,"1:13",73,"Recovery time estimated due to high turbidity","RT-7","2024-02-14 RT-7",NA,"PH","NJ",""
"1019","2024","Feb",2024-02-13,"Chinook Salmon","late-fall","BT-2","AP","NJ, AC, KB","69",29.9,138,"956E",2024-02-09,"2:16",136,"1:43",103,"1:22",82,"Recovery time estimated due to high turbidity","RT-7","2024-02-14 RT-7",NA,"PH","NJ",""
"1020","2024","Feb",2024-02-13,"Chinook Salmon","late-fall","BT-2","AP","NJ, AC, KB","70",34.3,145,"958D",2024-02-09,"2:04",124,"1:21",81,"1:27",87,"Recovery time estimated due to high turbidity","RT-7","2024-02-14 RT-7",NA,"PH","NJ",""
"1021","2024","Feb",2024-02-13,"Chinook Salmon","late-fall","BT-2","AP","NJ, AC, KB","71",43.7,170,"9577",2024-02-09,"2:24",144,"1:42",102,"1:33",93,"Recovery time estimated due to high turbidity","RT-8","2024-02-14 RT-8",NA,"PH","NJ",""
"1022","2024","Feb",2024-02-13,"Chinook Salmon","late-fall","BT-2","AP","NJ, AC, KB","72",32.1,150,"95AF",2024-02-09,"2:43",163,"1:47",107,"1:16",76,"Recovery time estimated due to high turbidity","RT-8","2024-02-14 RT-8",NA,"PH","NJ",""
"1023","2024","Feb",2024-02-13,"Chinook Salmon","late-fall","BT-2","AP","NJ, AC, KB","73",33.9,163,"955F",2024-02-09,"2:45",165,"1:34",94,"1:27",87,"Recovery time estimated due to high turbidity","RT-8","2024-02-14 RT-8",NA,"PH","NJ",""
"1024","2024","Feb",2024-02-13,"Chinook Salmon","late-fall","BT-2","AP","NJ, AC, KB","74",26.3,136,"94EE",2024-02-09,"1:45",105,"1:30",90,"1:45",105,"Recovery time estimated due to high turbidity","RT-8","2024-02-14 RT-8",NA,"PH","NJ",""
"1025","2024","Feb",2024-02-13,"Chinook Salmon","late-fall","BT-2","AP","NJ, AC, KB","75",44.2,164,"9507",2024-02-09,"2:13",133,"1:30",90,"1:32",92,"Recovery time estimated due to high turbidity","RT-8","2024-02-14 RT-8",NA,"PH","NJ",""
"1026","2024","Feb",2024-02-13,"Chinook Salmon","late-fall","BT-2","AP","NJ, AC, KB","76",55.4,169,"951F",2024-02-09,"2:26",146,"1:57",117,"1:05",65,"Recovery time estimated due to high turbidity","RT-8","2024-02-14 RT-8",NA,"PH","NJ",""
"1027","2024","Feb",2024-02-13,"Chinook Salmon","late-fall","BT-2","AP","NJ, AC, KB","77",53.1,173,"9514",2024-02-09,"2:33",153,"1:55",115,"1:52",112,"Recovery time estimated due to high turbidity","RT-8","2024-02-14 RT-8",NA,"PH","NJ",""
"1028","2024","Feb",2024-02-13,"Chinook Salmon","late-fall","BT-2","AP","NJ, AC, KB","78",84.4,197,"953E",2024-02-09,"2:27",147,"2:04",124,"1:26",86,"Recovery time estimated due to high turbidity","RT-8","2024-02-14 RT-8",NA,"PH","NJ",""
"1029","2024","Feb",2024-02-13,"Chinook Salmon","late-fall","BT-2","AP","NJ, AC, KB","79",81.1,196,"9561",2024-02-09,"2:51",171,"1:40",100,"1:06",66,"Recovery time estimated due to high turbidity","RT-8","2024-02-14 RT-8",NA,"PH","NJ",""
"1030","2024","Feb",2024-02-13,"Chinook Salmon","late-fall","BT-2","AP","NJ, AC, KB","80",23.5,145,"95BB",2024-02-09,"2:22",142,"1:38",98,"1:37",97,"Recovery time estimated due to high turbidity","RT-8","2024-02-14 RT-8",NA,"PH","NJ",""
"1031","2024","Feb",2024-02-14,"Chinook Salmon","late-fall","BT-3","NJ","AP, PH, CY, BK","1",26.7,154,"950E",2024-02-09,"3:50",230,"2:16",136,"1:15",75,"Recovery time estimated due to high turbidity","RT-9","2024-02-15 RT-9",NA,"EH","AC",""
"1032","2024","Feb",2024-02-14,"Chinook Salmon","late-fall","BT-3","NJ","AP, PH, CY, BK","2",63.2,187,"94DB",2024-02-09,"2:34",154,"2:11",131,"1:42",102,"Recovery time estimated due to high turbidity","RT-9","2024-02-15 RT-9",NA,"EH","AC",""
"1033","2024","Feb",2024-02-14,"Chinook Salmon","late-fall","BT-3","NJ","AP, PH, CY, BK","3",49.7,163,"94EA",2024-02-09,"2:28",148,"1:30",90,"2:01",121,"Recovery time estimated due to high turbidity","RT-9","2024-02-15 RT-9",NA,"EH","AC",""
"1034","2024","Feb",2024-02-14,"Chinook Salmon","late-fall","BT-3","NJ","AP, PH, CY, BK","4",24.6,134,"9502",2024-02-09,"3:26",206,"2:03",123,"1:06",66,"Recovery time estimated due to high turbidity","RT-9","2024-02-15 RT-9",NA,"EH","AC",""
"1035","2024","Feb",2024-02-14,"Chinook Salmon","late-fall","BT-3","NJ","AP, PH, CY, BK","5",50.6,165,"956A",2024-02-09,"1:53",113,"1:17",77,"1:11",71,"Recovery time estimated due to high turbidity","RT-9","2024-02-15 RT-9",NA,"EH","AC",""
"1036","2024","Feb",2024-02-14,"Chinook Salmon","late-fall","BT-3","NJ","AP, PH, CY, BK","6",90,200,"95EF",2024-02-09,"3:53",233,"1:21",81,"2:05",125,"Recovery time estimated due to high turbidity","RT-9","2024-02-15 RT-9",NA,"EH","AC",""
"1037","2024","Feb",2024-02-14,"Chinook Salmon","late-fall","BT-3","NJ","AP, PH, CY, BK","7",48.5,175,"94D4",2024-02-09,"3:42",222,"1:14",74,"1:20",80,"Recovery time estimated due to high turbidity, Caught in trawl and taken for CWT extraction","RT-9","2024-02-15 RT-9",NA,"EH","AC",""
"1038","2024","Feb",2024-02-14,"Chinook Salmon","late-fall","BT-3","NJ","AP, PH, CY, BK","8",22.1,140,"953B",2024-02-09,"2:34",154,"1:30",90,"1:06",66,"Recovery time estimated due to high turbidity","RT-9","2024-02-15 RT-9",NA,"EH","AC",""
"1039","2024","Feb",2024-02-14,"Chinook Salmon","late-fall","BT-3","NJ","AP, PH, CY, BK","9",38.5,172,"9532",2024-02-09,"2:27",147,"1:19",79,"1:01",61,"Recovery time estimated due to high turbidity","RT-9","2024-02-15 RT-9",NA,"EH","AC",""
"1040","2024","Feb",2024-02-14,"Chinook Salmon","late-fall","BT-3","NJ","AP, PH, CY, BK","10",76.3,189,"9588",2024-02-09,"2:48",168,"1:19",79,"4:40",280,"Recovery time estimated due to high turbidity","RT-9","2024-02-15 RT-9",NA,"EH","AC",""
"1041","2024","Feb",2024-02-14,"Chinook Salmon","late-fall","BT-3","NJ","AP, PH, CY, BK","11",69.4,182,"953F",2024-02-09,"4:20",260,"1:33",93,"1:24",84,"Recovery time estimated due to high turbidity","RT-10","2024-02-15 RT-10",NA,"EH","AC",""
"1042","2024","Feb",2024-02-14,"Chinook Salmon","late-fall","BT-3","NJ","AP, PH, CY, BK","12",41,156,"95F1",2024-02-09,"2:27",147,"1:44",104,"1:03",63,"Recovery time estimated due to high turbidity","RT-10","2024-02-15 RT-10",NA,"EH","AC",""
"1043","2024","Feb",2024-02-14,"Chinook Salmon","late-fall","BT-3","NJ","AP, PH, CY, BK","13",30.2,153,"94D6",2024-02-09,"2:57",177,"1:17",77,"1:05",65,"Recovery time estimated due to high turbidity","RT-10","2024-02-15 RT-10",NA,"EH","AC",""
"1044","2024","Feb",2024-02-14,"Chinook Salmon","late-fall","BT-3","NJ","AP, PH, CY, BK","14",38.8,162,"9566",2024-02-09,"3:16",196,"1:17",77,"1:13",73,"Recovery time estimated due to high turbidity","RT-10","2024-02-15 RT-10",NA,"EH","AC",""
"1045","2024","Feb",2024-02-14,"Chinook Salmon","late-fall","BT-3","NJ","AP, PH, CY, BK","15",69.6,178,"95D2",2024-02-09,"2:14",134,"1:16",76,"3:30",210,"Recovery time estimated due to high turbidity","RT-10","2024-02-15 RT-10",NA,"EH","AC",""
"1046","2024","Feb",2024-02-14,"Chinook Salmon","late-fall","BT-3","NJ","AP, PH, CY, BK","16",53.2,177,"94FD",2024-02-09,"3:23",203,"1:31",91,"1:02",62,"Recovery time estimated due to high turbidity","RT-10","2024-02-15 RT-10",NA,"EH","AC",""
"1047","2024","Feb",2024-02-14,"Chinook Salmon","late-fall","BT-3","NJ","AP, PH, CY, BK","17",34.3,143,"95E2",2024-02-09,"2:03",123,"1:26",86,"1:31",91,"Recovery time estimated due to high turbidity","RT-10","2024-02-15 RT-10",NA,"EH","AC",""
"1048","2024","Feb",2024-02-14,"Chinook Salmon","late-fall","BT-3","NJ","AP, PH, CY, BK","18",37,165,"958C",2024-02-09,"2:12",132,"1:31",91,"1:15",75,"Recovery time estimated due to high turbidity","RT-10","2024-02-15 RT-10",NA,"EH","AC",""
"1049","2024","Feb",2024-02-14,"Chinook Salmon","late-fall","BT-3","NJ","AP, PH, CY, BK","19",36.2,145,"9584",2024-02-09,"2:15",135,"1:10",70,"1:06",66,"Recovery time estimated due to high turbidity","RT-10","2024-02-15 RT-10",NA,"EH","AC",""
"1050","2024","Feb",2024-02-14,"Chinook Salmon","late-fall","BT-3","NJ","AP, PH, CY, BK","20",94.3,197,"95AA",2024-02-09,"3:20",200,"1:16",76,"4:30",270,"Recovery time estimated due to high turbidity","RT-10","2024-02-15 RT-10",NA,"EH","AC",""
"1051","2024","Feb",2024-02-14,"Chinook Salmon","late-fall","BT-3","NJ","AP, PH, CY, BK","21",43.2,167,"9554",2024-02-09,"2:51",171,"1:26",86,"1:23",83,"Recovery time estimated due to high turbidity","RT-11","2024-02-15 RT-11",NA,"EH","AC",""
"1052","2024","Feb",2024-02-14,"Chinook Salmon","late-fall","BT-3","NJ","AP, PH, CY, BK","22",22,130,"9522",2024-02-09,"2:25",145,"1:24",84,"1:10",70,"Recovery time estimated due to high turbidity","RT-11","2024-02-15 RT-11",NA,"EH","AC",""
"1053","2024","Feb",2024-02-14,"Chinook Salmon","late-fall","BT-3","NJ","AP, PH, CY, BK","23",48.6,161,"95D7",2024-02-09,"2:11",131,"1:20",80,"2:02",122,"Recovery time estimated due to high turbidity","RT-11","2024-02-15 RT-11",NA,"EH","AC",""
"1054","2024","Feb",2024-02-14,"Chinook Salmon","late-fall","BT-3","NJ","AP, PH, CY, BK","24",41.2,172,"956F",2024-02-09,"2:58",178,"1:24",84,"1:32",92,"Recovery time estimated due to high turbidity","RT-11","2024-02-15 RT-11",NA,"EH","AC",""
"1055","2024","Feb",2024-02-14,"Chinook Salmon","late-fall","BT-3","NJ","AP, PH, CY, BK","25",48.7,161,"9544",2024-02-09,"3:07",187,"1:24",84,"1:51",111,"Recovery time estimated due to high turbidity","RT-11","2024-02-15 RT-11",NA,"EH","AC",""
"1056","2024","Feb",2024-02-14,"Chinook Salmon","late-fall","BT-3","NJ","AP, PH, CY, BK","26",20.2,136,"95C5",2024-02-09,"3:30",210,"2:43",163,"1:12",72,"Recovery time estimated due to high turbidity","RT-11","2024-02-15 RT-11",NA,"EH","AC",""
"1057","2024","Feb",2024-02-14,"Chinook Salmon","late-fall","BT-3","NJ","AP, PH, CY, BK","27",118.2,211,"95E5",2024-02-09,"2:18",138,"1:43",103,"1:06",66,"Recovery time estimated due to high turbidity","RT-11","2024-02-15 RT-11",NA,"EH","AC",""
"1058","2024","Feb",2024-02-14,"Chinook Salmon","late-fall","BT-3","NJ","AP, PH, CY, BK","28",74.1,181,"95EC",2024-02-09,"2:41",161,"1:33",93,"2:15",135,"Recovery time estimated due to high turbidity","RT-11","2024-02-15 RT-11",NA,"EH","AC",""
"1059","2024","Feb",2024-02-14,"Chinook Salmon","late-fall","BT-3","NJ","AP, PH, CY, BK","29",82.9,194,"95D3",2024-02-09,"3:04",184,"1:27",87,"1:05",65,"Recovery time estimated due to high turbidity","RT-11","2024-02-15 RT-11",NA,"EH","AC",""
"1060","2024","Feb",2024-02-14,"Chinook Salmon","late-fall","BT-3","NJ","AP, PH, CY, BK","30",83.8,191,"958B",2024-02-09,"2:39",159,"1:38",98,"4:27",267,"Recovery time estimated due to high turbidity","RT-11","2024-02-15 RT-11",NA,"EH","AC",""
"1061","2024","Feb",2024-02-14,"Chinook Salmon","late-fall","BT-3","NJ","AP, PH, CY, BK","31",19.4,145,"9530",2024-02-09,"2:53",173,"1:20",80,"1:16",76,"Recovery time estimated due to high turbidity","RT-12","2024-02-15 RT-12",NA,"EH","AC",""
"1062","2024","Feb",2024-02-14,"Chinook Salmon","late-fall","BT-3","NJ","AP, PH, CY, BK","32",83.7,187,"95B7",2024-02-09,"3:08",188,"1:26",86,"1:30",90,"Recovery time estimated due to high turbidity","RT-12","2024-02-15 RT-12",NA,"EH","AC",""
"1063","2024","Feb",2024-02-14,"Chinook Salmon","late-fall","BT-3","NJ","AP, PH, CY, BK","33",26.4,144,"9564",2024-02-09,"3:10",190,"1:37",97,"1:15",75,"Recovery time estimated due to high turbidity","RT-12","2024-02-15 RT-12",NA,"EH","AC",""
"1064","2024","Feb",2024-02-14,"Chinook Salmon","late-fall","BT-3","NJ","AP, PH, CY, BK","34",33,141,"95A7",2024-02-09,"2:32",152,"1:31",91,"1:00",60,"Recovery time estimated due to high turbidity","RT-12","2024-02-15 RT-12",NA,"EH","AC",""
"1065","2024","Feb",2024-02-14,"Chinook Salmon","late-fall","BT-3","NJ","AP, PH, CY, BK","35",26.5,149,"954C",2024-02-09,"2:12",132,"1:19",79,"1:12",72,"Recovery time estimated due to high turbidity","RT-12","2024-02-15 RT-12",NA,"EH","AC",""
"1066","2024","Feb",2024-02-14,"Chinook Salmon","late-fall","BT-3","NJ","AP, PH, CY, BK","36",64.8,180,"955A",2024-02-09,"2:35",155,"1:16",76,"1:02",62,"Recovery time estimated due to high turbidity","RT-12","2024-02-15 RT-12",NA,"EH","AC",""
"1067","2024","Feb",2024-02-14,"Chinook Salmon","late-fall","BT-3","NJ","AP, PH, CY, BK","37",52.1,160,"9512",2024-02-09,"1:48",108,"1:43",103,"1:32",92,"Recovery time estimated due to high turbidity","RT-12","2024-02-15 RT-12",NA,"EH","AC",""
"1068","2024","Feb",2024-02-14,"Chinook Salmon","late-fall","BT-3","NJ","AP, PH, CY, BK","38",66.8,172,"95A6",2024-02-09,"3:09",189,"1:33",93,"1:03",63,"Recovery time estimated due to high turbidity","RT-12","2024-02-15 RT-12",NA,"EH","AC",""
"1069","2024","Feb",2024-02-14,"Chinook Salmon","late-fall","BT-3","NJ","AP, PH, CY, BK","39",47,155,"94E7",2024-02-09,"2:09",129,"1:08",68,"1:06",66,"Recovery time estimated due to high turbidity","RT-12","2024-02-15 RT-12",NA,"EH","AC",""
"1070","2024","Feb",2024-02-14,"Chinook Salmon","late-fall","BT-3","NJ","AP, PH, CY, BK","40",34.7,152,"9574",2024-02-09,"1:59",119,"1:30",90,"4:27",267,"Recovery time estimated due to high turbidity","RT-12","2024-02-15 RT-12",NA,"EH","AC",""
"1071","2024","Feb",2024-02-14,"Chinook Salmon","late-fall","BT-4","AP","NJ, PH, CY, BK","41",18.6,153,"9587",2024-02-09,"1:50",110,"2:22",142,"3:24",204,"","RT-13","2024-02-15 RT-13",NA,"EH","AC",""
"1072","2024","Feb",2024-02-14,"Chinook Salmon","late-fall","BT-4","AP","NJ, PH, CY, BK","42",47.3,173,"9597",2024-02-09,"3:10",190,"1:45",105,"1:00",60,"","RT-13","2024-02-15 RT-13",NA,"EH","AC",""
"1073","2024","Feb",2024-02-14,"Chinook Salmon","late-fall","BT-4","AP","NJ, PH, CY, BK","43",40,158,"959A",2024-02-09,"2:52",172,"1:50",110,"3:41",221,"","RT-13","2024-02-15 RT-13",NA,"EH","AC",""
"1074","2024","Feb",2024-02-14,"Chinook Salmon","late-fall","BT-4","AP","NJ, PH, CY, BK","44",56.2,173,"9501",2024-02-09,"3:32",212,"1:32",92,"4:00",240,"","RT-13","2024-02-15 RT-13",NA,"EH","AC","Corrected fork length from 123 to 173."
"1075","2024","Feb",2024-02-14,"Chinook Salmon","late-fall","BT-4","AP","NJ, PH, CY, BK","45",82.9,195,"953C",2024-02-09,"2:46",166,"2:31",151,"3:28",208,"","RT-13","2024-02-15 RT-13",NA,"EH","AC",""
"1076","2024","Feb",2024-02-14,"Chinook Salmon","late-fall","BT-4","AP","NJ, PH, CY, BK","46",60.1,176,"957E",2024-02-09,"1:27",87,"1:33",93,"2:00",120,"","RT-13","2024-02-15 RT-13",NA,"EH","AC",""
"1077","2024","Feb",2024-02-14,"Chinook Salmon","late-fall","BT-4","AP","NJ, PH, CY, BK","47",46.1,165,"95A2",2024-02-09,"1:59",119,"1:59",119,"1:33",93,"","RT-13","2024-02-15 RT-13",NA,"EH","AC",""
"1078","2024","Feb",2024-02-14,"Chinook Salmon","late-fall","BT-4","AP","NJ, PH, CY, BK","48",23.3,149,"9567",2024-02-09,"3:00",180,"2:02",122,"3:30",210,"","RT-13","2024-02-15 RT-13",NA,"EH","AC",""
"1079","2024","Feb",2024-02-14,"Chinook Salmon","late-fall","BT-4","AP","NJ, PH, CY, BK","49",57.9,185,"95E4",2024-02-09,"3:10",190,"1:46",106,"3:00",180,"","RT-13","2024-02-15 RT-13",NA,"EH","AC",""
"1080","2024","Feb",2024-02-14,"Chinook Salmon","late-fall","BT-4","AP","NJ, PH, CY, BK","50",22.3,147,"9572",2024-02-09,"3:00",180,"2:13",133,"2:50",170,"","RT-13","2024-02-15 RT-13",NA,"EH","AC",""
"1081","2024","Feb",2024-02-14,"Chinook Salmon","late-fall","BT-4","AP","NJ, PH, CY, BK","51",42.6,167,"95A4",2024-02-09,"3:33",213,"1:52",112,"1:01",61,"","RT-14","2024-02-15 RT-14",NA,"EH","AC",""
"1082","2024","Feb",2024-02-14,"Chinook Salmon","late-fall","BT-4","AP","NJ, PH, CY, BK","52",41.4,159,"9508",2024-02-09,"2:37",157,"1:41",101,"3:26",206,"","RT-14","2024-02-15 RT-14",NA,"EH","AC",""
"1083","2024","Feb",2024-02-14,"Chinook Salmon","late-fall","BT-4","AP","NJ, PH, CY, BK","53",59.2,182,"94F3",2024-02-09,"2:28",148,"2:03",123,"1:06",66,"","RT-14","2024-02-15 RT-14",NA,"EH","AC",""
"1084","2024","Feb",2024-02-14,"Chinook Salmon","late-fall","BT-4","AP","NJ, PH, CY, BK","54",100.2,210,"95B9",2024-02-09,"3:01",181,"2:41",161,"1:00",60,"","RT-14","2024-02-15 RT-14",NA,"EH","AC",""
"1085","2024","Feb",2024-02-14,"Chinook Salmon","late-fall","BT-4","AP","NJ, PH, CY, BK","55",65.2,182,"9560",2024-02-09,"2:39",159,"3:44",224,"2:38",158,"","RT-14","2024-02-15 RT-14",NA,"EH","AC","Corrected recovery time from 2:39 to 2:38."
"1086","2024","Feb",2024-02-14,"Chinook Salmon","late-fall","BT-4","AP","NJ, PH, CY, BK","56",40,166,"958F",2024-02-09,"2:57",177,"1:49",109,"1:00",60,"","RT-14","2024-02-15 RT-14",NA,"EH","AC",""
"1087","2024","Feb",2024-02-14,"Chinook Salmon","late-fall","BT-4","AP","NJ, PH, CY, BK","57",26,158,"95EE",2024-02-09,"2:54",174,"1:41",101,"2:00",120,"","RT-14","2024-02-15 RT-14",NA,"EH","AC",""
"1088","2024","Feb",2024-02-14,"Chinook Salmon","late-fall","BT-4","AP","NJ, PH, CY, BK","58",23.6,150,"94E3",2024-02-09,"2:10",130,"1:59",119,"2:55",175,"","RT-14","2024-02-15 RT-14",NA,"EH","AC","Corrected surgery time from 2:59 to 1:59."
"1089","2024","Feb",2024-02-14,"Chinook Salmon","late-fall","BT-4","AP","NJ, PH, CY, BK","59",64.3,180,"95CB",2024-02-09,"2:47",167,"1:41",101,"3:30",210,"","RT-14","2024-02-15 RT-14",NA,"EH","AC",""
"1090","2024","Feb",2024-02-14,"Chinook Salmon","late-fall","BT-4","AP","NJ, PH, CY, BK","60",71.5,189,"9550",2024-02-09,"2:14",134,"2:07",127,"1:18",78,"","RT-14","2024-02-15 RT-14",NA,"EH","AC",""
"1091","2024","Feb",2024-02-14,"Chinook Salmon","late-fall","BT-4","AP","NJ, PH, CY, BK","61",49.9,173,"957B",2024-02-09,"2:18",138,"1:54",114,"1:00",60,"","RT-15","2024-02-15 RT-15",NA,"EH","AC",""
"1092","2024","Feb",2024-02-14,"Chinook Salmon","late-fall","BT-4","AP","NJ, PH, CY, BK","62",25.1,146,"95C6",2024-02-09,"3:05",185,"1:45",105,"1:00",60,"","RT-15","2024-02-15 RT-15",NA,"EH","AC",""
"1093","2024","Feb",2024-02-14,"Chinook Salmon","late-fall","BT-4","AP","NJ, PH, CY, BK","63",36.1,163,"9505",2024-02-09,"2:35",155,"1:54",114,"1:01",61,"","RT-15","2024-02-15 RT-15",NA,"EH","AC",""
"1094","2024","Feb",2024-02-14,"Chinook Salmon","late-fall","BT-4","AP","NJ, PH, CY, BK","64",92.1,204,"959F",2024-02-09,"2:54",174,"1:56",116,"1:16",76,"","RT-15","2024-02-15 RT-15",NA,"EH","AC",""
"1095","2024","Feb",2024-02-14,"Chinook Salmon","late-fall","BT-4","AP","NJ, PH, CY, BK","65",99.6,210,"95C7",2024-02-09,"2:34",154,"2:07",127,"1:12",72,"","RT-15","2024-02-15 RT-15",NA,"EH","AC",""
"1096","2024","Feb",2024-02-14,"Chinook Salmon","late-fall","BT-4","AP","NJ, PH, CY, BK","66",52.5,189,"952E",2024-02-09,"2:48",168,"1:45",105,"1:00",60,"","RT-15","2024-02-15 RT-15",NA,"EH","AC",""
"1097","2024","Feb",2024-02-14,"Chinook Salmon","late-fall","BT-4","AP","NJ, PH, CY, BK","67",52.2,183,"954A",2024-02-09,"2:16",136,"1:35",95,"2:10",130,"","RT-15","2024-02-15 RT-15",NA,"EH","AC",""
"1098","2024","Feb",2024-02-14,"Chinook Salmon","late-fall","BT-4","AP","NJ, PH, CY, BK","68",97.3,204,"953A",2024-02-09,"3:03",183,"1:52",112,"2:30",150,"","RT-15","2024-02-15 RT-15",NA,"EH","AC",""
"1099","2024","Feb",2024-02-14,"Chinook Salmon","late-fall","BT-4","AP","NJ, PH, CY, BK","69",20.3,140,"956C",2024-02-09,"2:26",146,"1:38",98,"4:00",240,"","RT-15","2024-02-15 RT-15",NA,"EH","AC",""
"1100","2024","Feb",2024-02-14,"Chinook Salmon","late-fall","BT-4","AP","NJ, PH, CY, BK","70",108,212,"95DD",2024-02-09,"2:38",158,"2:05",125,"2:52",172,"","RT-15","2024-02-15 RT-15",NA,"EH","AC",""
"1101","2024","Feb",2024-02-14,"Chinook Salmon","late-fall","BT-4","AP","NJ, PH, CY, BK","71",25.7,135,"9570",2024-02-09,"3:13",193,"2:30",150,"1:00",60,"","RT-16","2024-02-15 RT-16",NA,"EH","AC",""
"1102","2024","Feb",2024-02-14,"Chinook Salmon","late-fall","BT-4","AP","NJ, PH, CY, BK","72",52.2,164,"95B6",2024-02-09,"2:18",138,"1:41",101,"1:55",115,"","RT-16","2024-02-15 RT-16",NA,"EH","AC",""
"1103","2024","Feb",2024-02-14,"Chinook Salmon","late-fall","BT-4","AP","NJ, PH, CY, BK","73",54,167,"9531",2024-02-09,"2:22",142,"2:01",121,"1:00",60,"","RT-16","2024-02-15 RT-16",NA,"EH","AC",""
"1104","2024","Feb",2024-02-14,"Chinook Salmon","late-fall","BT-4","AP","NJ, PH, CY, BK","74",55.3,170,"9511",2024-02-09,"2:22",142,"1:43",103,"1:00",60,"","RT-16","2024-02-15 RT-16",NA,"EH","AC",""
"1105","2024","Feb",2024-02-14,"Chinook Salmon","late-fall","BT-4","AP","NJ, PH, CY, BK","75",55.2,190,"94D8",2024-02-09,"2:02",122,"2:47",167,"1:00",60,"","RT-16","2024-02-15 RT-16",NA,"EH","AC",""
"1106","2024","Feb",2024-02-14,"Chinook Salmon","late-fall","BT-4","AP","NJ, PH, CY, BK","76",33.4,160,"95D0",2024-02-09,"2:45",165,"1:10",70,"4:00",240,"","RT-16","2024-02-15 RT-16",NA,"EH","AC",""
"1107","2024","Feb",2024-02-14,"Chinook Salmon","late-fall","BT-4","AP","NJ, PH, CY, BK","77",45.2,163,"9541",2024-02-09,"2:43",163,"1:44",104,"2:50",170,"","RT-16","2024-02-15 RT-16",NA,"EH","AC",""
"1108","2024","Feb",2024-02-14,"Chinook Salmon","late-fall","BT-4","AP","NJ, PH, CY, BK","78",40.9,160,"95D4",2024-02-09,"2:24",144,"1:10",70,"3:36",216,"","RT-16","2024-02-15 RT-16",NA,"EH","AC",""
"1109","2024","Feb",2024-02-14,"Chinook Salmon","late-fall","BT-4","AP","NJ, PH, CY, BK","79",36.5,164,"94F9",2024-02-09,"2:36",156,"1:13",73,"4:01",241,"","RT-16","2024-02-15 RT-16",NA,"EH","AC",""
"1110","2024","Feb",2024-02-14,"Chinook Salmon","late-fall","BT-4","AP","NJ, PH, CY, BK","80",31.8,170,"9506",2024-02-09,"3:00",180,"1:43",103,"2:33",153,"","RT-16","2024-02-15 RT-16",NA,"EH","AC",""
"1111","2024","Feb",2024-02-15,"Chinook Salmon","late-fall","BT-5","NJ","AP, BK, CJ, OJ","1",41.5,168,"95BC",2024-02-09,"3:03",183,"1:23",83,"1:45",105,"","RT-17","2024-02-16 RT-17",NA,"EH","NJ",""
"1112","2024","Feb",2024-02-15,"Chinook Salmon","late-fall","BT-5","NJ","AP, BK, CJ, OJ","2",41.6,152,"9596",2024-02-09,"1:47",107,"1:11",71,"3:28",208,"","RT-17","2024-02-16 RT-17",NA,"EH","NJ",""
"1113","2024","Feb",2024-02-15,"Chinook Salmon","late-fall","BT-5","NJ","AP, BK, CJ, OJ","3",30.9,140,"95E7",2024-02-09,"2:45",165,"1:28",88,"2:35",155,"","RT-17","2024-02-16 RT-17",NA,"EH","NJ",""
"1114","2024","Feb",2024-02-15,"Chinook Salmon","late-fall","BT-5","NJ","AP, BK, CJ, OJ","4",30.4,155,"95B3",2024-02-09,"2:22",142,"1:15",75,"1:22",82,"","RT-17","2024-02-16 RT-17",NA,"EH","NJ",""
"1115","2024","Feb",2024-02-15,"Chinook Salmon","late-fall","BT-5","NJ","AP, BK, CJ, OJ","5",14.1,120,"94DF",2024-02-09,"1:48",108,"1:13",73,"1:42",102,"","RT-17","2024-02-16 RT-17",NA,"EH","NJ",""
"1116","2024","Feb",2024-02-15,"Chinook Salmon","late-fall","BT-5","NJ","AP, BK, CJ, OJ","6",38,167,"9538",2024-02-09,"2:22",142,"1:27",87,"2:10",130,"","RT-17","2024-02-16 RT-17",NA,"EH","NJ",""
"1117","2024","Feb",2024-02-15,"Chinook Salmon","late-fall","BT-5","NJ","AP, BK, CJ, OJ","7",44.7,169,"951D",2024-02-09,"2:54",174,"1:26",86,"1:46",106,"","RT-17","2024-02-16 RT-17",NA,"EH","NJ",""
"1118","2024","Feb",2024-02-15,"Chinook Salmon","late-fall","BT-5","NJ","AP, BK, CJ, OJ","8",27.9,152,"9542",2024-02-09,"2:29",149,"1:17",77,"1:38",98,"","RT-17","2024-02-16 RT-17",NA,"EH","NJ",""
"1119","2024","Feb",2024-02-15,"Chinook Salmon","late-fall","BT-5","NJ","AP, BK, CJ, OJ","9",112.7,211,"9589",2024-02-09,"2:51",171,"1:50",110,"1:30",90,"","RT-17","2024-02-16 RT-17",NA,"EH","NJ",""
"1120","2024","Feb",2024-02-15,"Chinook Salmon","late-fall","BT-5","NJ","AP, BK, CJ, OJ","10",42.6,155,"95DE",2024-02-09,"2:36",156,"1:32",92,"1:18",78,"","RT-17","2024-02-16 RT-17",NA,"EH","NJ",""
"1121","2024","Feb",2024-02-15,"Chinook Salmon","late-fall","BT-5","NJ","AP, BK, CJ, OJ","11",48.3,170,"959C",2024-02-09,"4:50",290,"1:11",71,"3:16",196,"","RT-18","2024-02-16 RT-18",NA,"EH","NJ",""
"1122","2024","Feb",2024-02-15,"Chinook Salmon","late-fall","BT-5","NJ","AP, BK, CJ, OJ","12",40.4,154,"95DB",2024-02-09,"3:36",216,"1:11",71,"1:26",86,"","RT-18","2024-02-16 RT-18",NA,"EH","NJ",""
"1123","2024","Feb",2024-02-15,"Chinook Salmon","late-fall","BT-5","NJ","AP, BK, CJ, OJ","13",61.4,171,"95BF",2024-02-09,"2:09",129,"1:20",80,"1:37",97,"","RT-18","2024-02-16 RT-18",NA,"EH","NJ",""
"1124","2024","Feb",2024-02-15,"Chinook Salmon","late-fall","BT-5","NJ","AP, BK, CJ, OJ","14",49.2,163,"9586",2024-02-09,"2:50",170,"1:17",77,"1:00",60,"","RT-18","2024-02-16 RT-18",NA,"EH","NJ",""
"1125","2024","Feb",2024-02-15,"Chinook Salmon","late-fall","BT-5","NJ","AP, BK, CJ, OJ","15",40.3,168,"95C9",2024-02-09,"2:47",167,"1:42",102,"1:01",61,"","RT-18","2024-02-16 RT-18",NA,"EH","NJ",""
"1126","2024","Feb",2024-02-15,"Chinook Salmon","late-fall","BT-5","NJ","AP, BK, CJ, OJ","16",39.1,163,"95E3",2024-02-09,"3:30",210,"1:03",63,"1:25",85,"","RT-18","2024-02-16 RT-18",NA,"EH","NJ",""
"1127","2024","Feb",2024-02-15,"Chinook Salmon","late-fall","BT-5","NJ","AP, BK, CJ, OJ","17",37.5,152,"955C",2024-02-09,"2:28",148,"1:30",90,"1:20",80,"","RT-18","2024-02-16 RT-18",NA,"EH","NJ",""
"1128","2024","Feb",2024-02-15,"Chinook Salmon","late-fall","BT-5","NJ","AP, BK, CJ, OJ","18",22.4,148,"95CF",2024-02-09,"2:03",123,"1:21",81,"2:11",131,"","RT-18","2024-02-16 RT-18",NA,"EH","NJ",""
"1129","2024","Feb",2024-02-15,"Chinook Salmon","late-fall","BT-5","NJ","AP, BK, CJ, OJ","19",56.2,165,"95BE",2024-02-09,"2:08",128,"1:23",83,"1:12",72,"","RT-18","2024-02-16 RT-18",NA,"EH","NJ",""
"1130","2024","Feb",2024-02-15,"Chinook Salmon","late-fall","BT-5","NJ","AP, BK, CJ, OJ","20",38.6,166,"95CE",2024-02-09,"2:12",132,"1:18",78,"1:17",77,"","RT-18","2024-02-16 RT-18",NA,"EH","NJ",""
"1131","2024","Feb",2024-02-15,"Chinook Salmon","late-fall","BT-5","NJ","AP, BK, CJ, OJ","21",44.4,160,"A28D",2024-02-12,"4:33",273,"1:13",73,"4:16",256,"","RT-19","2024-02-16 RT-19",NA,"EH","NJ","Tag activation date corrected from 2/9/2024 to 2/12/2024"
"1132","2024","Feb",2024-02-15,"Chinook Salmon","late-fall","BT-5","NJ","AP, BK, CJ, OJ","22",48.6,178,"A373",2024-02-12,"4:07",247,"1:38",98,"1:30",90,"","RT-19","2024-02-16 RT-19",NA,"EH","NJ","Tag activation date corrected from 2/9/2024 to 2/12/2024"
"1133","2024","Feb",2024-02-15,"Chinook Salmon","late-fall","BT-5","NJ","AP, BK, CJ, OJ","23",49.4,175,"A2A1",2024-02-12,"2:57",177,"1:05",65,"1:32",92,"","RT-19","2024-02-16 RT-19",NA,"EH","NJ","Tag activation date corrected from 2/9/2024 to 2/12/2024"
"1134","2024","Feb",2024-02-15,"Chinook Salmon","late-fall","BT-5","NJ","AP, BK, CJ, OJ","24",21,145,"9668",2024-02-12,"1:54",114,"1:13",73,"1:04",64,"","RT-19","2024-02-16 RT-19",NA,"EH","NJ","Tag activation date corrected from 2/9/2024 to 2/12/2024"
"1135","2024","Feb",2024-02-15,"Chinook Salmon","late-fall","BT-5","NJ","AP, BK, CJ, OJ","25",28.8,152,"963D",2024-02-12,"2:09",129,"1:14",74,"1:02",62,"","RT-19","2024-02-16 RT-19",NA,"EH","NJ","Tag activation date corrected from 2/9/2024 to 2/12/2024"
"1136","2024","Feb",2024-02-15,"Chinook Salmon","late-fall","BT-5","NJ","AP, BK, CJ, OJ","26",31.5,156,"A1A9",2024-02-12,"2:13",133,"1:18",78,"2:20",140,"","RT-19","2024-02-16 RT-19",NA,"EH","NJ","Tag activation date corrected from 2/9/2024 to 2/12/2024"
"1137","2024","Feb",2024-02-15,"Chinook Salmon","late-fall","BT-5","NJ","AP, BK, CJ, OJ","27",24.8,148,"A358",2024-02-12,"4:00",240,"1:20",80,"1:11",71,"","RT-19","2024-02-16 RT-19",NA,"EH","NJ","Tag activation date corrected from 2/9/2024 to 2/12/2024"
"1138","2024","Feb",2024-02-15,"Chinook Salmon","late-fall","BT-5","NJ","AP, BK, CJ, OJ","28",111.2,209,"9665",2024-02-12,"3:01",181,"1:28",88,"2:01",121,"","RT-19","2024-02-16 RT-19",NA,"EH","NJ","Tag activation date corrected from 2/9/2024 to 2/12/2024"
"1139","2024","Feb",2024-02-15,"Chinook Salmon","late-fall","BT-5","NJ","AP, BK, CJ, OJ","29",32.2,164,"A091",2024-02-12,"3:28",208,"1:32",92,"1:57",117,"","RT-19","2024-02-16 RT-19",NA,"EH","NJ","Tag activation date corrected from 2/9/2024 to 2/12/2024"
"1140","2024","Feb",2024-02-15,"Chinook Salmon","late-fall","BT-5","NJ","AP, BK, CJ, OJ","30",64,177,"A209",2024-02-12,"1:59",119,"1:25",85,"1:47",107,"","RT-19","2024-02-16 RT-19",NA,"EH","NJ","Tag activation date corrected from 2/9/2024 to 2/12/2024"
"1141","2024","Feb",2024-02-15,"Chinook Salmon","late-fall","BT-5","NJ","AP, BK, CJ, OJ","31",50.6,163,"A0AD",2024-02-12,"3:07",187,"1:00",60,"2:43",163,"","RT-20","2024-02-16 RT-20",NA,"EH","NJ","Tag activation date corrected from 2/9/2024 to 2/12/2024"
"1142","2024","Feb",2024-02-15,"Chinook Salmon","late-fall","BT-5","NJ","AP, BK, CJ, OJ","32",62,175,"9624",2024-02-12,"1:57",117,"1:42",102,"1:20",80,"","RT-20","2024-02-16 RT-20",NA,"EH","NJ","Tag activation date corrected from 2/9/2024 to 2/12/2024"
"1143","2024","Feb",2024-02-15,"Chinook Salmon","late-fall","BT-5","NJ","AP, BK, CJ, OJ","33",29.1,139,"962C",2024-02-12,"1:54",114,"1:10",70,"1:50",110,"","RT-20","2024-02-16 RT-20",NA,"EH","NJ","Tag activation date corrected from 2/9/2024 to 2/12/2024"
"1144","2024","Feb",2024-02-15,"Chinook Salmon","late-fall","BT-5","NJ","AP, BK, CJ, OJ","34",32.4,154,"A244",2024-02-12,"2:20",140,"1:42",102,"1:39",99,"","RT-20","2024-02-16 RT-20",NA,"EH","NJ","Tag activation date corrected from 2/9/2024 to 2/12/2024"
"1145","2024","Feb",2024-02-15,"Chinook Salmon","late-fall","BT-5","NJ","AP, BK, CJ, OJ","35",34.1,159,"A375",2024-02-12,"2:25",145,"1:20",80,"4:30",270,"","RT-20","2024-02-16 RT-20",NA,"EH","NJ","Tag activation date corrected from 2/9/2024 to 2/12/2024"
"1146","2024","Feb",2024-02-15,"Chinook Salmon","late-fall","BT-5","NJ","AP, BK, CJ, OJ","36",64.3,172,"299A",2024-02-12,"2:51",171,"1:29",89,"1:48",108,"","RT-20","2024-02-16 RT-20",NA,"EH","NJ","Tag activation date corrected from 2/9/2024 to 2/12/2024"
"1147","2024","Feb",2024-02-15,"Chinook Salmon","late-fall","BT-5","NJ","AP, BK, CJ, OJ","37",46.4,170,"A334",2024-02-12,"1:53",113,"1:06",66,"1:36",96,"","RT-20","2024-02-16 RT-20",NA,"EH","NJ","Tag activation date corrected from 2/9/2024 to 2/12/2024"
"1148","2024","Feb",2024-02-15,"Chinook Salmon","late-fall","BT-5","NJ","AP, BK, CJ, OJ","38",32.6,143,"A377",2024-02-12,"2:10",130,"1:20",80,"2:20",140,"","RT-20","2024-02-16 RT-20",NA,"EH","NJ","Tag activation date corrected from 2/9/2024 to 2/12/2024"
"1149","2024","Feb",2024-02-15,"Chinook Salmon","late-fall","BT-5","NJ","AP, BK, CJ, OJ","39",27.9,135,"A0D2",2024-02-12,"1:49",109,"1:05",65,"2:25",145,"","RT-20","2024-02-16 RT-20",NA,"EH","NJ","Tag activation date corrected from 2/9/2024 to 2/12/2024"
"1150","2024","Feb",2024-02-15,"Chinook Salmon","late-fall","BT-5","NJ","AP, BK, CJ, OJ","40",87.4,195,"29AE",2024-02-12,"2:55",175,"1:53",113,"1:33",93,"","RT-20","2024-02-16 RT-20",NA,"EH","NJ","Tag activation date corrected from 2/9/2024 to 2/12/2024"
"1151","2024","Feb",2024-02-15,"Chinook Salmon","late-fall","BT-6","AP","NJ, BK, CJ, OJ","41",19.4,150,"9F75",2024-02-12,"2:11",131,"2:14",134,"0:56",56,"","RT-21","2024-02-16 RT-21",NA,"EH","NJ","Tag activation date corrected from 2/9/2024 to 2/12/2024"
"1152","2024","Feb",2024-02-15,"Chinook Salmon","late-fall","BT-6","AP","NJ, BK, CJ, OJ","42",17.4,136,"A3AD",2024-02-12,"2:54",174,"1:50",110,"1:49",109,"","RT-21","2024-02-16 RT-21",NA,"EH","NJ","Tag activation date corrected from 2/9/2024 to 2/12/2024"
"1153","2024","Feb",2024-02-15,"Chinook Salmon","late-fall","BT-6","AP","NJ, BK, CJ, OJ","43",22.4,154,"A223",2024-02-12,"2:21",141,"1:43",103,"0:41",41,"","RT-21","2024-02-16 RT-21",NA,"EH","NJ","Tag activation date corrected from 2/9/2024 to 2/12/2024"
"1154","2024","Feb",2024-02-15,"Chinook Salmon","late-fall","BT-6","AP","NJ, BK, CJ, OJ","44",61.7,195,"A391",2024-02-12,"3:07",187,"2:21",141,"0:52",52,"","RT-21","2024-02-16 RT-21",NA,"EH","NJ","Tag activation date corrected from 2/9/2024 to 2/12/2024"
"1155","2024","Feb",2024-02-15,"Chinook Salmon","late-fall","BT-6","AP","NJ, BK, CJ, OJ","45",45.5,180,"A1A1",2024-02-12,"3:12",192,"1:45",105,"0:44",44,"","RT-21","2024-02-16 RT-21",NA,"EH","NJ","Tag activation date corrected from 2/9/2024 to 2/12/2024; tag code corrected from A141 to A1A1"
"1156","2024","Feb",2024-02-15,"Chinook Salmon","late-fall","BT-6","AP","NJ, BK, CJ, OJ","46",20.1,142,"A243",2024-02-12,"2:24",144,"2:16",136,"0:59",59,"","RT-21","2024-02-16 RT-21",NA,"EH","NJ","Tag activation date corrected from 2/9/2024 to 2/12/2024"
"1157","2024","Feb",2024-02-15,"Chinook Salmon","late-fall","BT-6","AP","NJ, BK, CJ, OJ","47",41.3,158,"A1CA",2024-02-12,"1:38",98,"2:18",138,"1:22",82,"","RT-21","2024-02-16 RT-21",NA,"EH","NJ","Tag activation date corrected from 2/9/2024 to 2/12/2024"
"1158","2024","Feb",2024-02-15,"Chinook Salmon","late-fall","BT-6","AP","NJ, BK, CJ, OJ","48",36.2,147,"A0AB",2024-02-12,"2:31",151,"1:41",101,"0:53",53,"","RT-21","2024-02-16 RT-21",NA,"EH","NJ","Tag activation date corrected from 2/9/2024 to 2/12/2024"
"1159","2024","Feb",2024-02-15,"Chinook Salmon","late-fall","BT-6","AP","NJ, BK, CJ, OJ","49",45.4,160,"A2EE",2024-02-12,"2:22",142,"1:43",103,"1:19",79,"","RT-21","2024-02-16 RT-21",NA,"EH","NJ","Tag activation date corrected from 2/9/2024 to 2/12/2024"
"1160","2024","Feb",2024-02-15,"Chinook Salmon","late-fall","BT-6","AP","NJ, BK, CJ, OJ","50",27.4,145,"A309",2024-02-12,"2:18",138,"2:17",137,"0:40",40,"","RT-21","2024-02-16 RT-21",NA,"EH","NJ","Tag activation date corrected from 2/9/2024 to 2/12/2024"
"1161","2024","Feb",2024-02-15,"Chinook Salmon","late-fall","BT-6","AP","NJ, BK, CJ, OJ","51",42.8,152,"A267",2024-02-12,"1:37",97,"2:06",126,"0:41",41,"","RT-22","2024-02-16 RT-22",NA,"EH","NJ","Tag activation date corrected from 2/9/2024 to 2/12/2024"
"1162","2024","Feb",2024-02-15,"Chinook Salmon","late-fall","BT-6","AP","NJ, BK, CJ, OJ","52",28.1,150,"9657",2024-02-12,"2:38",158,"1:39",99,"1:17",77,"","RT-22","2024-02-16 RT-22",NA,"EH","NJ","Tag activation date corrected from 2/9/2024 to 2/12/2024"
"1163","2024","Feb",2024-02-15,"Chinook Salmon","late-fall","BT-6","AP","NJ, BK, CJ, OJ","53",79.3,195,"A2D9",2024-02-12,"2:53",173,"2:13",133,"0:56",56,"","RT-22","2024-02-16 RT-22",NA,"EH","NJ","Tag activation date corrected from 2/9/2024 to 2/12/2024"
"1164","2024","Feb",2024-02-15,"Chinook Salmon","late-fall","BT-6","AP","NJ, BK, CJ, OJ","54",35.9,152,"A376",2024-02-12,"2:44",164,"1:30",90,"1:00",60,"","RT-22","2024-02-16 RT-22",NA,"EH","NJ","Tag activation date corrected from 2/9/2024 to 2/12/2024"
"1165","2024","Feb",2024-02-15,"Chinook Salmon","late-fall","BT-6","AP","NJ, BK, CJ, OJ","55",59.3,180,"A236",2024-02-12,"2:08",128,"1:59",119,"1:01",61,"","RT-22","2024-02-16 RT-22",NA,"EH","NJ","Tag activation date corrected from 2/9/2024 to 2/12/2024"
"1166","2024","Feb",2024-02-15,"Chinook Salmon","late-fall","BT-6","AP","NJ, BK, CJ, OJ","56",37.2,172,"A3A8",2024-02-12,"2:17",137,"1:45",105,"1:01",61,"","RT-22","2024-02-16 RT-22",NA,"EH","NJ","Tag activation date corrected from 2/9/2024 to 2/12/2024"
"1167","2024","Feb",2024-02-15,"Chinook Salmon","late-fall","BT-6","AP","NJ, BK, CJ, OJ","57",20.6,145,"A394",2024-02-12,"3:08",188,"2:08",128,"1:07",67,"","RT-22","2024-02-16 RT-22",NA,"EH","NJ","Tag activation date corrected from 2/9/2024 to 2/12/2024"
"1168","2024","Feb",2024-02-15,"Chinook Salmon","late-fall","BT-6","AP","NJ, BK, CJ, OJ","58",30.8,143,"A2A0",2024-02-12,"3:00",180,"1:44",104,"0:57",57,"","RT-22","2024-02-16 RT-22",NA,"EH","NJ","Tag activation date corrected from 2/9/2024 to 2/12/2024"
"1169","2024","Feb",2024-02-15,"Chinook Salmon","late-fall","BT-6","AP","NJ, BK, CJ, OJ","59",51.5,170,"A1D2",2024-02-12,"2:13",133,"1:25",85,"1:24",84,"","RT-22","2024-02-16 RT-22",NA,"EH","NJ","Tag activation date corrected from 2/9/2024 to 2/12/2024"
"1170","2024","Feb",2024-02-15,"Chinook Salmon","late-fall","BT-6","AP","NJ, BK, CJ, OJ","60",35.4,172,"A226",2024-02-12,"3:16",196,"1:36",96,"1:00",60,"","RT-22","2024-02-16 RT-22",NA,"EH","NJ","Tag activation date corrected from 2/9/2024 to 2/12/2024"
"1171","2024","Feb",2024-02-15,"Chinook Salmon","late-fall","BT-6","AP","NJ, BK, CJ, OJ","61",23.9,153,"A116",2024-02-12,"3:36",216,"1:36",96,"0:36",36,"","RT-23","2024-02-16 RT-23",NA,"EH","NJ","Tag activation date corrected from 2/9/2024 to 2/12/2024"
"1172","2024","Feb",2024-02-15,"Chinook Salmon","late-fall","BT-6","AP","NJ, BK, CJ, OJ","62",41.6,160,"95FD",2024-02-12,"2:04",124,"1:43",103,"1:56",116,"","RT-23","2024-02-16 RT-23",NA,"EH","NJ","Tag activation date corrected from 2/9/2024 to 2/12/2024"
"1173","2024","Feb",2024-02-15,"Chinook Salmon","late-fall","BT-6","AP","NJ, BK, CJ, OJ","63",33.4,167,"A31A",2024-02-12,"1:23",83,"1:19",79,"1:58",118,"","RT-23","2024-02-16 RT-23",NA,"EH","NJ","Tag activation date corrected from 2/9/2024 to 2/12/2024"
"1174","2024","Feb",2024-02-15,"Chinook Salmon","late-fall","BT-6","AP","NJ, BK, CJ, OJ","64",91.8,204,"A2E8",2024-02-12,"2:14",134,"2:09",129,"0:48",48,"","RT-23","2024-02-16 RT-23",NA,"EH","NJ","Tag activation date corrected from 2/9/2024 to 2/12/2024"
"1175","2024","Feb",2024-02-15,"Chinook Salmon","late-fall","BT-6","AP","NJ, BK, CJ, OJ","65",25.7,153,"A339",2024-02-12,"2:13",133,"1:27",87,"0:46",46,"","RT-23","2024-02-16 RT-23",NA,"EH","NJ","Tag activation date corrected from 2/9/2024 to 2/12/2024"
"1176","2024","Feb",2024-02-15,"Chinook Salmon","late-fall","BT-6","AP","NJ, BK, CJ, OJ","66",49.5,184,"A395",2024-02-12,"3:42",222,"1:54",114,"1:08",68,"","RT-23","2024-02-16 RT-23",NA,"EH","NJ","Tag activation date corrected from 2/9/2024 to 2/12/2024"
"1177","2024","Feb",2024-02-15,"Chinook Salmon","late-fall","BT-6","AP","NJ, BK, CJ, OJ","67",30.5,165,"9653",2024-02-12,"2:08",128,"1:21",81,"1:12",72,"","RT-23","2024-02-16 RT-23",NA,"EH","NJ","Tag activation date corrected from 2/9/2024 to 2/12/2024"
"1178","2024","Feb",2024-02-15,"Chinook Salmon","late-fall","BT-6","AP","NJ, BK, CJ, OJ","68",29.1,144,"A1D7",2024-02-12,"2:16",136,"1:19",79,"1:04",64,"","RT-23","2024-02-16 RT-23",NA,"EH","NJ","Tag activation date corrected from 2/9/2024 to 2/12/2024"
"1179","2024","Feb",2024-02-15,"Chinook Salmon","late-fall","BT-6","AP","NJ, BK, CJ, OJ","69",57,178,"9659",2024-02-12,"2:52",172,"1:37",97,"0:50",50,"","RT-23","2024-02-16 RT-23",NA,"EH","NJ","Tag activation date corrected from 2/9/2024 to 2/12/2024"
"1180","2024","Feb",2024-02-15,"Chinook Salmon","late-fall","BT-6","AP","NJ, BK, CJ, OJ","70",37.7,160,"A22E",2024-02-12,"2:23",143,"1:32",92,"0:51",51,"","RT-23","2024-02-16 RT-23",NA,"EH","NJ","Tag activation date corrected from 2/9/2024 to 2/12/2024"
"1181","2024","Feb",2024-02-15,"Chinook Salmon","late-fall","BT-6","AP","NJ, BK, CJ, OJ","71",53.9,178,"9666",2024-02-12,"4:20",260,"1:50",110,"2:40",160,"","RT-24","2024-02-16 RT-24",NA,"EH","NJ","Tag activation date corrected from 2/9/2024 to 2/12/2024"
"1182","2024","Feb",2024-02-15,"Chinook Salmon","late-fall","BT-6","AP","NJ, BK, CJ, OJ","72",18.2,119,"9644",2024-02-12,"1:28",88,"1:40",100,"0:58",58,"","RT-24","2024-02-16 RT-24",NA,"EH","NJ","Tag activation date corrected from 2/9/2024 to 2/12/2024"
"1183","2024","Feb",2024-02-15,"Chinook Salmon","late-fall","BT-6","AP","NJ, BK, CJ, OJ","73",18.2,140,"A389",2024-02-12,"2:05",125,"1:48",108,"0:59",59,"","RT-24","2024-02-16 RT-24",NA,"EH","NJ","Tag activation date corrected from 2/9/2024 to 2/12/2024"
"1184","2024","Feb",2024-02-15,"Chinook Salmon","late-fall","BT-6","AP","NJ, BK, CJ, OJ","74",22.6,144,"9626",2024-02-12,"2:41",161,"1:23",83,"0:43",43,"","RT-24","2024-02-16 RT-24",NA,"EH","NJ","Tag activation date corrected from 2/9/2024 to 2/12/2024"
"1185","2024","Feb",2024-02-15,"Chinook Salmon","late-fall","BT-6","AP","NJ, BK, CJ, OJ","75",14.3,132,"A24D",2024-02-12,"2:32",152,"3:23",203,"3:00",180,"","RT-24","2024-02-16 RT-24",NA,"EH","NJ","Tag activation date corrected from 2/9/2024 to 2/12/2024"
"1186","2024","Feb",2024-02-15,"Chinook Salmon","late-fall","BT-6","AP","NJ, BK, CJ, OJ","76",72.6,190,"A23B",2024-02-12,"4:15",255,"2:07",127,"0:48",48,"","RT-24","2024-02-16 RT-24",NA,"EH","NJ","Tag activation date corrected from 2/9/2024 to 2/12/2024"
"1187","2024","Feb",2024-02-15,"Chinook Salmon","late-fall","BT-6","AP","NJ, BK, CJ, OJ","77",57.2,180,"A2BF",2024-02-12,"2:07",127,"1:47",107,"1:40",100,"","RT-24","2024-02-16 RT-24",NA,"EH","NJ","Tag activation date corrected from 2/9/2024 to 2/12/2024"
"1188","2024","Feb",2024-02-15,"Chinook Salmon","late-fall","BT-6","AP","NJ, BK, CJ, OJ","78",64.6,190,"A189",2024-02-12,"2:31",151,"1:54",114,"0:56",56,"","RT-24","2024-02-16 RT-24",NA,"EH","NJ","Tag activation date corrected from 2/9/2024 to 2/12/2024"
"1189","2024","Feb",2024-02-15,"Chinook Salmon","late-fall","BT-6","AP","NJ, BK, CJ, OJ","79",21.5,146,"9662",2024-02-12,"2:28",148,"1:42",102,"0:42",42,"","RT-24","2024-02-16 RT-24",NA,"EH","NJ","Tag activation date corrected from 2/9/2024 to 2/12/2024"
"1190","2024","Feb",2024-02-15,"Chinook Salmon","late-fall","BT-6","AP","NJ, BK, CJ, OJ","80",32,155,"A39B",2024-02-12,"3:13",193,"1:37",97,"1:33",93,"","RT-24","2024-02-16 RT-24",NA,"EH","NJ","Tag activation date corrected from 2/9/2024 to 2/12/2024"
