"","water_year","month","date","species","run","source_tank_id","surgeon","crew","vial_number","weight_gr","fork_length_mm","tag_id_hex","tag_activation_date","anesthetic_time_mmss","anesthetic_time_sec","surgery_time_mmss","surgery_time_sec","recovery_time_mmss","recovery_time_sec","comments","release_container_id","release_id","post_tagging_tank","entered_by","qaqc_by","qaqc_comments"
"1","2025","Dec",2024-12-03,"Chinook Salmon","late-fall","BT-1","NJ","AC, KB","1",39.8,156,"4536",2024-11-26,"2:21",141,"1:31",91,"1:02",62,"","RT-1","2024-12-04 RT-1",NA,"PH","SB",""
"2","2025","Dec",2024-12-03,"Chinook Salmon","late-fall","BT-1","NJ","AC, KB","2",56.1,172,"4979",2024-11-26,"1:35",95,"1:32",92,"1:01",61,"","RT-1","2024-12-04 RT-1",NA,"PH","SB",""
"3","2025","Dec",2024-12-03,"Chinook Salmon","late-fall","BT-1","NJ","AC, KB","3",26,138,"4595",2024-11-26,"3:01",181,"1:20",80,"2:00",120,"","RT-1","2024-12-04 RT-1",NA,"PH","SB",""
"4","2025","Dec",2024-12-03,"Chinook Salmon","late-fall","BT-1","NJ","AC, KB","4",45.6,163,"46A9",2024-11-26,"3:18",198,"1:50",110,"3:18",198,"","RT-1","2024-12-04 RT-1",NA,"PH","SB",""
"5","2025","Dec",2024-12-03,"Chinook Salmon","late-fall","BT-1","NJ","AC, KB","5",57.1,171,"4975",2024-11-26,"3:14",194,"1:51",111,"3:00",180,"","RT-1","2024-12-04 RT-1",NA,"PH","SB",""
"6","2025","Dec",2024-12-03,"Chinook Salmon","late-fall","BT-1","NJ","AC, KB","6",46.4,160,"4893",2024-11-26,"2:51",171,"1:17",77,"1:00",60,"","RT-1","2024-12-04 RT-1",NA,"PH","SB",""
"7","2025","Dec",2024-12-03,"Chinook Salmon","late-fall","BT-1","NJ","AC, KB","7",38.2,151,"45A1",2024-11-26,"3:00",180,"1:24",84,"1:04",64,"","RT-1","2024-12-04 RT-1",NA,"PH","SB",""
"8","2025","Dec",2024-12-03,"Chinook Salmon","late-fall","BT-1","NJ","AC, KB","8",28,137,"4869",2024-11-26,"3:26",206,"1:28",88,"2:00",120,"","RT-1","2024-12-04 RT-1",NA,"PH","SB",""
"9","2025","Dec",2024-12-03,"Chinook Salmon","late-fall","BT-1","NJ","AC, KB","9",34.1,150,"4918",2024-11-26,"3:28",208,"1:05",65,"2:00",120,"","RT-1","2024-12-04 RT-1",NA,"PH","SB",""
"10","2025","Dec",2024-12-03,"Chinook Salmon","late-fall","BT-1","NJ","AC, KB","10",46.3,160,"46D1",2024-11-26,"3:34",214,"1:30",90,"1:00",60,"","RT-1","2024-12-04 RT-1",NA,"PH","SB",""
"11","2025","Dec",2024-12-03,"Chinook Salmon","late-fall","BT-1","NJ","AC, KB","11",32,147,"457B",2024-11-26,"2:27",147,"1:17",77,"2:10",130,"","RT-2","2024-12-04 RT-2",NA,"PH","SB",""
"12","2025","Dec",2024-12-03,"Chinook Salmon","late-fall","BT-1","NJ","AC, KB","12",46.5,164,"451D",2024-11-26,"3:21",201,"1:59",119,"1:20",80,"","RT-2","2024-12-04 RT-2",NA,"PH","SB",""
"13","2025","Dec",2024-12-03,"Chinook Salmon","late-fall","BT-1","NJ","AC, KB","13",35.7,152,"48EA",2024-11-26,"3:39",219,"1:36",96,"2:01",121,"","RT-2","2024-12-04 RT-2",NA,"PH","SB",""
"14","2025","Dec",2024-12-03,"Chinook Salmon","late-fall","BT-1","NJ","AC, KB","14",45.4,162,"452D",2024-11-26,"2:17",137,"1:52",112,"2:00",120,"","RT-2","2024-12-04 RT-2",NA,"PH","SB",""
"15","2025","Dec",2024-12-03,"Chinook Salmon","late-fall","BT-1","NJ","AC, KB","15",34.9,150,"4856",2024-11-26,"3:17",197,"1:21",81,"1:00",60,"","RT-2","2024-12-04 RT-2",NA,"PH","SB",""
"16","2025","Dec",2024-12-03,"Chinook Salmon","late-fall","BT-1","NJ","AC, KB","16",44.1,159,"4528",2024-11-26,"3:05",185,"1:23",83,"1:08",68,"","RT-2","2024-12-04 RT-2",NA,"PH","SB",""
"17","2025","Dec",2024-12-03,"Chinook Salmon","late-fall","BT-1","NJ","AC, KB","17",42.1,160,"4892",2024-11-26,"4:05",245,"1:34",94,"1:55",115,"","RT-2","2024-12-04 RT-2",NA,"PH","SB",""
"18","2025","Dec",2024-12-03,"Chinook Salmon","late-fall","BT-1","NJ","AC, KB","18",56.8,167,"4857",2024-11-26,"3:01",181,"1:42",102,"1:00",60,"","RT-2","2024-12-04 RT-2",NA,"PH","SB",""
"19","2025","Dec",2024-12-03,"Chinook Salmon","late-fall","BT-1","NJ","AC, KB","19",49.5,160,"4517",2024-11-26,"2:32",152,"1:24",84,"1:11",71," ","RT-2","2024-12-04 RT-2",NA,"PH","SB",""
"20","2025","Dec",2024-12-03,"Chinook Salmon","late-fall","BT-1","NJ","AC, KB","20",38,150,"48AE",2024-11-26,"3:57",237,"1:31",91,"4:34",274,"","RT-2","2024-12-04 RT-2",NA,"PH","SB",""
"21","2025","Dec",2024-12-03,"Chinook Salmon","late-fall","BT-1","NJ","AC, KB","21",35.8,151,"45A9",2024-11-26,"2:10",130,"1:20",80,"1:00",60,"","RT-3","2024-12-04 RT-3",NA,"PH","SB",""
"22","2025","Dec",2024-12-03,"Chinook Salmon","late-fall","BT-1","NJ","AC, KB","22",52.9,168,"4905",2024-11-26,"2:59",179,"1:24",84,"1:10",70,"","RT-3","2024-12-04 RT-3",NA,"PH","SB",""
"23","2025","Dec",2024-12-03,"Chinook Salmon","late-fall","BT-1","NJ","AC, KB","23",41.4,157,"4896",2024-11-26,"3:10",190,"2:19",139,"1:00",60,"","RT-3","2024-12-04 RT-3",NA,"PH","SB",""
"24","2025","Dec",2024-12-03,"Chinook Salmon","late-fall","BT-1","NJ","AC, KB","24",32.1,144,"46EB",2024-11-26,"3:09",189,"1:35",95,"1:12",72,"","RT-3","2024-12-04 RT-3",NA,"PH","SB",""
"25","2025","Dec",2024-12-03,"Chinook Salmon","late-fall","BT-1","NJ","AC, KB","25",41.9,158,"4845",2024-11-26,"3:02",182,"1:24",84,"1:27",87,"","RT-3","2024-12-04 RT-3",NA,"PH","SB",""
"26","2025","Dec",2024-12-03,"Chinook Salmon","late-fall","BT-1","NJ","AC, KB","26",44.4,161,"48DA",2024-11-26,"3:27",207,"1:30",90,"1:04",64,"","RT-3","2024-12-04 RT-3",NA,"PH","SB",""
"27","2025","Dec",2024-12-03,"Chinook Salmon","late-fall","BT-1","NJ","AC, KB","27",35.2,151,"47A9",2024-11-26,"3:49",229,"1:15",75,"2:08",128,"","RT-3","2024-12-04 RT-3",NA,"PH","SB",""
"28","2025","Dec",2024-12-03,"Chinook Salmon","late-fall","BT-1","NJ","AC, KB","28",28.7,144,"4953",2024-11-26,"2:52",172,"1:23",83,"2:00",120,"","RT-3","2024-12-04 RT-3",NA,"PH","SB",""
"29","2025","Dec",2024-12-03,"Chinook Salmon","late-fall","BT-1","NJ","AC, KB","29",64.2,180,"4579",2024-11-26,"3:08",188,"2:09",129,"2:14",134,"","RT-3","2024-12-04 RT-3",NA,"PH","SB",""
"30","2025","Dec",2024-12-03,"Chinook Salmon","late-fall","BT-1","NJ","AC, KB","30",33.6,148,"4534",2024-11-26,"3:02",182,"1:15",75,"1:55",115," ","RT-3","2024-12-04 RT-3",NA,"PH","SB",""
"31","2025","Dec",2024-12-03,"Chinook Salmon","late-fall","BT-1","NJ","AC, KB","31",73.1,177,"48B9",2024-11-26,"2:25",145,"1:24",84,"2:00",120,"","RT-4","2024-12-04 RT-4",NA,"PH","SB",""
"32","2025","Dec",2024-12-03,"Chinook Salmon","late-fall","BT-1","NJ","AC, KB","32",23.9,131,"4749",2024-11-26,"3:27",207,"1:15",75,"3:15",195,"","RT-4","2024-12-04 RT-4",NA,"PH","SB",""
"33","2025","Dec",2024-12-03,"Chinook Salmon","late-fall","BT-1","NJ","AC, KB","33",40.1,157,"4911",2024-11-26,"3:36",216,"1:23",83,"1:45",105,"","RT-4","2024-12-04 RT-4",NA,"PH","SB",""
"34","2025","Dec",2024-12-03,"Chinook Salmon","late-fall","BT-1","NJ","AC, KB","34",35.5,144,"4689",2024-11-26,"2:34",154,"1:29",89,"1:48",108,"","RT-4","2024-12-04 RT-4",NA,"PH","SB",""
"35","2025","Dec",2024-12-03,"Chinook Salmon","late-fall","BT-1","NJ","AC, KB","35",67.9,183,"46B2",2024-11-26,"3:14",194,"1:39",99,"1:00",60,"","RT-4","2024-12-04 RT-4",NA,"PH","SB",""
"36","2025","Dec",2024-12-03,"Chinook Salmon","late-fall","BT-1","NJ","AC, KB","36",42.8,157,"493A",2024-11-26,"2:38",158,"1:30",90,"1:00",60,"","RT-4","2024-12-04 RT-4",NA,"PH","SB",""
"37","2025","Dec",2024-12-03,"Chinook Salmon","late-fall","BT-1","NJ","AC, KB","37",46.3,153,"4931",2024-11-26,"2:36",156,"1:17",77,"2:00",120,"","RT-4","2024-12-04 RT-4",NA,"PH","SB",""
"38","2025","Dec",2024-12-03,"Chinook Salmon","late-fall","BT-1","NJ","AC, KB","38",53.8,170,"4568",2024-11-26,"3:17",197,"1:25",85,"2:00",120,"","RT-4","2024-12-04 RT-4",NA,"PH","SB",""
"39","2025","Dec",2024-12-03,"Chinook Salmon","late-fall","BT-1","NJ","AC, KB","39",38,152,"46D2",2024-11-26,"2:22",142,"1:37",97,"1:45",105,"","RT-4","2024-12-04 RT-4",NA,"PH","SB",""
"40","2025","Dec",2024-12-03,"Chinook Salmon","late-fall","BT-1","NJ","AC, KB","40",35.1,150,"4859",2024-11-26,"2:01",121,"2:03",123,"2:00",120,"","RT-4","2024-12-04 RT-4",NA,"PH","SB",""
"41","2025","Dec",2024-12-03,"Chinook Salmon","late-fall","BT-2","AC","NJ, KB","41",49.1,164,"4522",2024-11-26,"1:57",117,"3:04",184,"1:26",86,"","RT-5","2024-12-04 RT-5",NA,"PH","SB",""
"42","2025","Dec",2024-12-03,"Chinook Salmon","late-fall","BT-2","AC","NJ, KB","42",29.1,140,"48D2",2024-11-26,"2:07",127,"2:16",136,"2:20",140,"","RT-5","2024-12-04 RT-5",NA,"PH","SB",""
"43","2025","Dec",2024-12-03,"Chinook Salmon","late-fall","BT-2","AC","NJ, KB","43",35.8,147,"46BB",2024-11-26,"2:52",172,"2:06",126,"1:40",100,"","RT-5","2024-12-04 RT-5",NA,"PH","SB",""
"44","2025","Dec",2024-12-03,"Chinook Salmon","late-fall","BT-2","AC","NJ, KB","44",17.5,118,"4929",2024-11-26,"3:14",194,"2:28",148,"1:30",90,"","RT-5","2024-12-04 RT-5",NA,"PH","SB",""
"45","2025","Dec",2024-12-03,"Chinook Salmon","late-fall","BT-2","AC","NJ, KB","45",46.7,160,"4934",2024-11-26,"3:03",183,"2:10",130,"2:33",153,"","RT-5","2024-12-04 RT-5",NA,"PH","SB",""
"46","2025","Dec",2024-12-03,"Chinook Salmon","late-fall","BT-2","AC","NJ, KB","46",64.3,175,"485A",2024-11-26,"2:38",158,"2:10",130,"2:37",157,"","RT-5","2024-12-04 RT-5",NA,"PH","SB",""
"47","2025","Dec",2024-12-03,"Chinook Salmon","late-fall","BT-2","AC","NJ, KB","47",47.5,162,"45B2",2024-11-26,"2:57",177,"1:48",108,"1:42",102,"","RT-5","2024-12-04 RT-5",NA,"PH","SB",""
"48","2025","Dec",2024-12-03,"Chinook Salmon","late-fall","BT-2","AC","NJ, KB","48",61,170,"4754",2024-11-26,"1:40",100,"2:10",130,"1:10",70,"crooked incision ","RT-5","2024-12-04 RT-5",NA,"PH","SB",""
"49","2025","Dec",2024-12-03,"Chinook Salmon","late-fall","BT-2","AC","NJ, KB","49",55.5,167,"48AD",2024-11-26,"3:07",187,"2:12",132,"1:10",70,"","RT-5","2024-12-04 RT-5",NA,"PH","SB",""
"50","2025","Dec",2024-12-03,"Chinook Salmon","late-fall","BT-2","AC","NJ, KB","50",48,164,"46D9",2024-11-26,"3:17",197,"2:09",129,"1:00",60,"","RT-5","2024-12-04 RT-5",NA,"PH","SB",""
"51","2025","Dec",2024-12-03,"Chinook Salmon","late-fall","BT-2","AC","NJ, KB","51",42.3,160,"4669",2024-11-26,"3:14",194,"1:49",109,"1:28",88," ","RT-6","2024-12-04 RT-6",NA,"PH","SB",""
"52","2025","Dec",2024-12-03,"Chinook Salmon","late-fall","BT-2","AC","NJ, KB","52",53.3,168,"490B",2024-11-26,"3:06",186,"2:00",120,"1:20",80,"","RT-6","2024-12-04 RT-6",NA,"PH","SB",""
"53","2025","Dec",2024-12-03,"Chinook Salmon","late-fall","BT-2","AC","NJ, KB","53",35.5,152,"4933",2024-11-26,"4:10",250,"2:19",139,"1:00",60," ","RT-6","2024-12-04 RT-6",NA,"PH","SB",""
"54","2025","Dec",2024-12-03,"Chinook Salmon","late-fall","BT-2","AC","NJ, KB","54",31.2,140,"4875",2024-11-26,"3:42",222,"2:28",148,"1:00",60,"","RT-6","2024-12-04 RT-6",NA,"PH","SB",""
"55","2025","Dec",2024-12-03,"Chinook Salmon","late-fall","BT-2","AC","NJ, KB","55",38.4,153,"454F",2024-11-26,"2:45",165,"1:38",98,"1:23",83,"","RT-6","2024-12-04 RT-6",NA,"PH","SB",""
"56","2025","Dec",2024-12-03,"Chinook Salmon","late-fall","BT-2","AC","NJ, KB","56",25.2,137,"459B",2024-11-26,"2:40",160,"2:17",137,"1:20",80,"","RT-6","2024-12-04 RT-6",NA,"PH","SB"," "
"57","2025","Dec",2024-12-03,"Chinook Salmon","late-fall","BT-2","AC","NJ, KB","57",40.2,157,"488B",2024-11-26,"3:24",204,"1:35",95,"1:30",90,"","RT-6","2024-12-04 RT-6",NA,"PH","SB",""
"58","2025","Dec",2024-12-03,"Chinook Salmon","late-fall","BT-2","AC","NJ, KB","58",58.7,168,"48CA",2024-11-26,"3:17",197,"2:24",144,"1:40",100,"","RT-6","2024-12-04 RT-6",NA,"PH","SB",""
"59","2025","Dec",2024-12-03,"Chinook Salmon","late-fall","BT-2","AC","NJ, KB","59",20.5,126,"49A7",2024-11-26,"3:45",225,"1:53",113,"1:23",83,"","RT-6","2024-12-04 RT-6",NA,"PH","SB",""
"60","2025","Dec",2024-12-03,"Chinook Salmon","late-fall","BT-2","AC","NJ, KB","60",33.1,145,"45AB",2024-11-26,"2:55",175,"2:00",120,"1:09",69,"","RT-6","2024-12-04 RT-6",NA,"PH","SB",""
"61","2025","Dec",2024-12-03,"Chinook Salmon","late-fall","BT-2","AC","NJ, KB","61",53.2,167,"475B",2024-11-26,"3:06",186,"2:13",133,"2:13",133,"","RT-7","2024-12-04 RT-7",NA,"PH","SB",""
"62","2025","Dec",2024-12-03,"Chinook Salmon","late-fall","BT-2","AC","NJ, KB","62",26.6,132,"509A",2024-11-26,"2:56",176,"1:32",92,"1:50",110,"","RT-7","2024-12-04 RT-7",NA,"PH","SB",""
"63","2025","Dec",2024-12-03,"Chinook Salmon","late-fall","BT-2","AC","NJ, KB","63",42.4,156,"486D",2024-11-26,"3:12",192,"2:30",150,"1:13",73,"","RT-7","2024-12-04 RT-7",NA,"PH","SB",""
"64","2025","Dec",2024-12-03,"Chinook Salmon","late-fall","BT-2","AC","NJ, KB","64",27.9,133,"45B5",2024-11-26,"3:04",184,"1:52",112,"1:28",88,"","RT-7","2024-12-04 RT-7",NA,"PH","SB",""
"65","2025","Dec",2024-12-03,"Chinook Salmon","late-fall","BT-2","AC","NJ, KB","65",38.4,154,"46E5",2024-11-26,"3:13",193,"2:57",177,"1:45",105,"","RT-7","2024-12-04 RT-7",NA,"PH","SB",""
"66","2025","Dec",2024-12-03,"Chinook Salmon","late-fall","BT-2","AC","NJ, KB","66",52.1,163,"4958",2024-11-26,"4:22",262,"1:50",110,"1:40",100,"","RT-7","2024-12-04 RT-7",NA,"PH","SB",""
"67","2025","Dec",2024-12-03,"Chinook Salmon","late-fall","BT-2","AC","NJ, KB","67",72.9,183,"48D4",2024-11-26,"3:06",186,"2:45",165,"1:00",60,"","RT-7","2024-12-04 RT-7",NA,"PH","SB",""
"68","2025","Dec",2024-12-03,"Chinook Salmon","late-fall","BT-2","AC","NJ, KB","68",47.3,160,"4942",2024-11-26,"3:53",233,"1:46",106,"1:34",94,"","RT-7","2024-12-04 RT-7",NA,"PH","SB",""
"69","2025","Dec",2024-12-03,"Chinook Salmon","late-fall","BT-2","AC","NJ, KB","69",20.8,130,"499B",2024-11-26,"3:38",218,"2:20",140,"1:02",62,"","RT-7","2024-12-04 RT-7",NA,"PH","SB",""
"70","2025","Dec",2024-12-03,"Chinook Salmon","late-fall","BT-2","AC","NJ, KB","70",64.8,175,"4997",2024-11-26,"3:18",198,"2:04",124,"1:19",79,"","RT-7","2024-12-04 RT-7",NA,"PH","SB",""
"71","2025","Dec",2024-12-03,"Chinook Salmon","late-fall","BT-2","AC","NJ, KB","71",24.9,134,"46B1",2024-11-26,"3:50",230,"1:59",119,"2:00",120,"","RT-8","2024-12-04 RT-8",NA,"PH","SB",""
"72","2025","Dec",2024-12-03,"Chinook Salmon","late-fall","BT-2","AC","NJ, KB","72",35.3,150,"4545",2024-11-26,"4:20",260,"2:02",122,"2:00",120,"","RT-8","2024-12-04 RT-8",NA,"PH","SB",""
"73","2025","Dec",2024-12-03,"Chinook Salmon","late-fall","BT-2","AC","NJ, KB","73",52.7,169,"494E",2024-11-26,"4:21",261,"3:01",181,"1:50",110,"only 2 throws instead of 3 (during suturing)","RT-8","2024-12-04 RT-8",NA,"PH","SB",""
"74","2025","Dec",2024-12-03,"Chinook Salmon","late-fall","BT-2","AC","NJ, KB","74",25.6,133,"45A4",2024-11-26,"3:12",192,"2:45",165,"2:30",150," ","RT-8","2024-12-04 RT-8",NA,"PH","SB",""
"75","2025","Dec",2024-12-03,"Chinook Salmon","late-fall","BT-2","AC","NJ, KB","75",53.7,172,"4769",2024-11-26,"3:47",227,"2:08",128,"1:26",86,"","RT-8","2024-12-04 RT-8",NA,"PH","SB",""
"76","2025","Dec",2024-12-03,"Chinook Salmon","late-fall","BT-2","AC","NJ, KB","76",43,158,"488D",2024-11-26,"3:32",212,"1:40",100,"2:42",162,"","RT-8","2024-12-04 RT-8",NA,"PH","SB",""
"77","2025","Dec",2024-12-03,"Chinook Salmon","late-fall","BT-2","AC","NJ, KB","77",31.8,146,"48A6",2024-11-26,"3:30",210,"1:48",108,"1:15",75,"","RT-8","2024-12-04 RT-8",NA,"PH","SB",""
"78","2025","Dec",2024-12-03,"Chinook Salmon","late-fall","BT-2","AC","NJ, KB","78",38,154,"49A1",2024-11-26,"2:45",165,"1:55",115,"1:00",60,"","RT-8","2024-12-04 RT-8",NA,"PH","SB",""
"79","2025","Dec",2024-12-03,"Chinook Salmon","late-fall","BT-2","AC","NJ, KB","79",69.5,178,"4935",2024-11-26,"3:40",220,"2:05",125,"2:00",120,"","RT-8","2024-12-04 RT-8",NA,"PH","SB",""
"80","2025","Dec",2024-12-03,"Chinook Salmon","late-fall","BT-2","AC","NJ, KB","80",34.5,145,"46D4",2024-11-26,"3:48",228,"1:52",112,"1:40",100,"","RT-8","2024-12-04 RT-8",NA,"PH","SB",""
"81","2025","Dec",2024-12-04,"Chinook Salmon","late-fall","BT-3","NJ","AC, PH","1",33,143,"4575",2024-11-27,"3:21",201,"1:49",109,"1:10",70,"","RT-9","2024-12-05 RT-9",NA,"PH","SB",""
"82","2025","Dec",2024-12-04,"Chinook Salmon","late-fall","BT-3","NJ","AC, PH","2",23.5,135,"4729",2024-11-27,"2:52",172,"1:22",82,"2:07",127,"","RT-9","2024-12-05 RT-9",NA,"PH","SB",""
"83","2025","Dec",2024-12-04,"Chinook Salmon","late-fall","BT-3","NJ","AC, PH","3",19,126,"4735",2024-11-27,"2:37",157,"2:07",127,"1:24",84,"","RT-9","2024-12-05 RT-9",NA,"PH","SB",""
"84","2025","Dec",2024-12-04,"Chinook Salmon","late-fall","BT-3","NJ","AC, PH","4",43.1,160,"4519",2024-11-27,"2:29",149,"1:34",94,"2:12",132,"","RT-9","2024-12-05 RT-9",NA,"PH","SB",""
"85","2025","Dec",2024-12-04,"Chinook Salmon","late-fall","BT-3","NJ","AC, PH","5",59.6,170,"4759",2024-11-27,"2:33",153,"1:19",79,"2:00",120,"","RT-9","2024-12-05 RT-9",NA,"PH","SB",""
"86","2025","Dec",2024-12-04,"Chinook Salmon","late-fall","BT-3","NJ","AC, PH","6",20.1,127,"48D5",2024-11-27,"1:40",100,"1:18",78,"1:07",67,"","RT-9","2024-12-05 RT-9",NA,"PH","SB",""
"87","2025","Dec",2024-12-04,"Chinook Salmon","late-fall","BT-3","NJ","AC, PH","7",41.6,160,"489A",2024-11-27,"2:48",168,"1:21",81,"3:29",209,"","RT-9","2024-12-05 RT-9",NA,"PH","SB",""
"88","2025","Dec",2024-12-04,"Chinook Salmon","late-fall","BT-3","NJ","AC, PH","8",24.4,131,"47AA",2024-11-27,"3:15",195,"1:30",90,"2:40",160,"","RT-9","2024-12-05 RT-9",NA,"PH","SB",""
"89","2025","Dec",2024-12-04,"Chinook Salmon","late-fall","BT-3","NJ","AC, PH","9",28.7,141,"4977",2024-11-27,"2:20",140,"1:12",72,"1:10",70,"","RT-9","2024-12-05 RT-9",NA,"PH","SB",""
"90","2025","Dec",2024-12-04,"Chinook Salmon","late-fall","BT-3","NJ","AC, PH","10",32.1,145,"46AE",2024-11-27,"2:32",152,"1:07",67,"1:48",108,"","RT-9","2024-12-05 RT-9",NA,"PH","SB",""
"91","2025","Dec",2024-12-04,"Chinook Salmon","late-fall","BT-3","NJ","AC, PH","11",30.5,140,"4853",2024-11-27,"2:28",148,"1:36",96,"1:00",60,"","RT-10","2024-12-05 RT-10",NA,"PH","SB",""
"92","2025","Dec",2024-12-04,"Chinook Salmon","late-fall","BT-3","NJ","AC, PH","12",23.5,134,"46D5",2024-11-27,"2:11",131,"1:26",86,"2:03",123,"","RT-10","2024-12-05 RT-10",NA,"PH","SB",""
"93","2025","Dec",2024-12-04,"Chinook Salmon","late-fall","BT-3","NJ","AC, PH","13",21.5,128,"46EA",2024-11-27,"2:53",173,"1:12",72,"1:40",100,"","RT-10","2024-12-05 RT-10",NA,"PH","SB",""
"94","2025","Dec",2024-12-04,"Chinook Salmon","late-fall","BT-3","NJ","AC, PH","14",52.1,171,"453A",2024-11-27,"3:11",191,"1:11",71,"3:00",180,"","RT-10","2024-12-05 RT-10",NA,"PH","SB",""
"95","2025","Dec",2024-12-04,"Chinook Salmon","late-fall","BT-3","NJ","AC, PH","15",54.3,165,"46B5",2024-11-27,"2:39",159,"1:25",85,"1:04",64,"","RT-10","2024-12-05 RT-10",NA,"PH","SB",""
"96","2025","Dec",2024-12-04,"Chinook Salmon","late-fall","BT-3","NJ","AC, PH","16",54.3,166,"4928",2024-11-27,"3:13",193,"1:24",84,"2:45",165,"","RT-10","2024-12-05 RT-10",NA,"PH","SB",""
"97","2025","Dec",2024-12-04,"Chinook Salmon","late-fall","BT-3","NJ","AC, PH","17",32.2,149,"4917",2024-11-27,"2:53",173,"1:25",85,"2:20",140,"","RT-10","2024-12-05 RT-10",NA,"PH","SB",""
"98","2025","Dec",2024-12-04,"Chinook Salmon","late-fall","BT-3","NJ","AC, PH","18",63.4,177,"4855",2024-11-27,"2:54",174,"1:27",87,"1:37",97,"","RT-10","2024-12-05 RT-10",NA,"PH","SB",""
"99","2025","Dec",2024-12-04,"Chinook Salmon","late-fall","BT-3","NJ","AC, PH","19",46.3,162,"4691",2024-11-27,"2:49",169,"1:41",101,"2:20",140,"","RT-10","2024-12-05 RT-10",NA,"PH","SB",""
"100","2025","Dec",2024-12-04,"Chinook Salmon","late-fall","BT-3","NJ","AC, PH","20",11.1,104,"4577",2024-11-27,"2:49",169,"2:10",130,"4:05",245,"","RT-10","2024-12-05 RT-10",NA,"PH","SB",""
"101","2025","Dec",2024-12-04,"Chinook Salmon","late-fall","BT-3","NJ","AC, CC","21",22.7,134,"4599",2024-11-27,"2:15",135,"1:08",68,"3:49",229,"","RT-11","2024-12-05 RT-11",NA,"PH","SB",""
"102","2025","Dec",2024-12-04,"Chinook Salmon","late-fall","BT-3","NJ","AC, CC","22",34.7,147,"4751",2024-11-27,"3:02",182,"2:58",178,"2:12",132,"","RT-11","2024-12-05 RT-11",NA,"PH","SB",""
"103","2025","Dec",2024-12-04,"Chinook Salmon","late-fall","BT-3","NJ","AC, CC","23",37.9,155,"48BA",2024-11-27,"1:54",114,"1:12",72,"2:46",166,"","RT-11","2024-12-05 RT-11",NA,"PH","SB",""
"104","2025","Dec",2024-12-04,"Chinook Salmon","late-fall","BT-3","NJ","AC, CC","24",29.6,142,"48D9",2024-11-27,"2:46",166,"1:20",80,"4:20",260,"","RT-11","2024-12-05 RT-11",NA,"PH","SB",""
"105","2025","Dec",2024-12-04,"Chinook Salmon","late-fall","BT-3","NJ","AC, CC","25",25.3,138,"466A",2024-11-27,"4:34",274,"1:27",87,"3:53",233,"","RT-11","2024-12-05 RT-11",NA,"PH","SB",""
"106","2025","Dec",2024-12-04,"Chinook Salmon","late-fall","BT-3","NJ","AC, CC","26",41.2,151,"45B4",2024-11-27,"2:21",141,"1:29",89,"3:14",194,"","RT-11","2024-12-05 RT-11",NA,"PH","SB",""
"107","2025","Dec",2024-12-04,"Chinook Salmon","late-fall","BT-3","NJ","AC, CC","27",27.3,137,"46ED",2024-11-27,"4:29",269,"1:29",89,"4:00",240,"","RT-11","2024-12-05 RT-11",NA,"PH","SB",""
"108","2025","Dec",2024-12-04,"Chinook Salmon","late-fall","BT-3","NJ","AC, CC","28",39.3,152,"468D",2024-11-27,"2:27",147,"1:04",64,"2:20",140,"","RT-11","2024-12-05 RT-11",NA,"PH","SB",""
"109","2025","Dec",2024-12-04,"Chinook Salmon","late-fall","BT-3","NJ","AC, CC","29",37.6,153,"48CD",2024-11-27,"3:46",226,"1:23",83,"4:30",270,"","RT-11","2024-12-05 RT-11",NA,"PH","SB",""
"110","2025","Dec",2024-12-04,"Chinook Salmon","late-fall","BT-3","NJ","AC, CC","30",17.9,119,"4535",2024-11-27,"3:06",186,"1:15",75,"4:55",295,"","RT-11","2024-12-05 RT-11",NA,"PH","SB",""
"111","2025","Dec",2024-12-04,"Chinook Salmon","late-fall","BT-3","NJ","AC, CC","31",47.8,164,"48B1",2024-11-27,"3:53",233,"1:22",82,"3:40",220,"","RT-12","2024-12-05 RT-12",NA,"PH","SB",""
"112","2025","Dec",2024-12-04,"Chinook Salmon","late-fall","BT-3","NJ","AC, CC","32",33.5,144,"4527",2024-11-27,"4:13",253,"1:14",74,"3:40",220,"","RT-12","2024-12-05 RT-12",NA,"PH","SB",""
"113","2025","Dec",2024-12-04,"Chinook Salmon","late-fall","BT-3","NJ","AC, CC","33",43.7,158,"4555",2024-11-27,"3:12",192,"1:26",86,"3:00",180,"","RT-12","2024-12-05 RT-12",NA,"PH","SB",""
"114","2025","Dec",2024-12-04,"Chinook Salmon","late-fall","BT-3","NJ","AC, CC","34",23.6,137,"4597",2024-11-27,"2:45",165,"1:19",79,"3:53",233,"","RT-12","2024-12-05 RT-12",NA,"PH","SB",""
"115","2025","Dec",2024-12-04,"Chinook Salmon","late-fall","BT-3","NJ","AC, CC","35",38.9,154,"4775",2024-11-27,"3:29",209,"1:21",81,"4:37",277,"","RT-12","2024-12-05 RT-12",NA,"PH","SB",""
"116","2025","Dec",2024-12-04,"Chinook Salmon","late-fall","BT-3","NJ","AC, CC","36",36.8,153,"46C9",2024-11-27,"3:48",228,"1:20",80,"4:21",261,"","RT-12","2024-12-05 RT-12",NA,"PH","SB",""
"117","2025","Dec",2024-12-04,"Chinook Salmon","late-fall","BT-3","NJ","AC, CC","37",55.1,170,"45A5",2024-11-27,"3:27",207,"1:08",68,"3:27",207,"","RT-12","2024-12-05 RT-12",NA,"PH","SB",""
"118","2025","Dec",2024-12-04,"Chinook Salmon","late-fall","BT-3","NJ","AC, CC","38",14,110,"4675",2024-11-27,"3:25",205,"1:26",86,"4:45",285,"","RT-12","2024-12-05 RT-12",NA,"PH","SB",""
"119","2025","Dec",2024-12-04,"Chinook Salmon","late-fall","BT-3","NJ","AC, CC","39",30.8,144,"4571",2024-11-27,"3:13",193,"1:18",78,"4:20",260,"","RT-12","2024-12-05 RT-12",NA,"PH","SB",""
"120","2025","Dec",2024-12-04,"Chinook Salmon","late-fall","BT-3","NJ","AC, CC","40",39,151,"4971",2024-11-27,"4:20",260,"1:15",75,"2:56",176,"","RT-12","2024-12-05 RT-12",NA,"PH","SB",""
"121","2025","Dec",2024-12-04,"Chinook Salmon","late-fall","BT-4","AC","NJ, CC","41",28.1,142,"4944",2024-11-27,"3:26",206,"2:44",164,"1:54",114,"","RT-13","2024-12-05 RT-13",NA,"PH","SB",""
"122","2025","Dec",2024-12-04,"Chinook Salmon","late-fall","BT-4","AC","NJ, CC","42",21.7,126,"48E5",2024-11-27,"2:43",163,"2:45",165,"1:46",106,"","RT-13","2024-12-05 RT-13",NA,"PH","SB",""
"123","2025","Dec",2024-12-04,"Chinook Salmon","late-fall","BT-4","AC","NJ, CC","43",47.8,163,"486B",2024-11-27,"3:59",239,"2:52",172,"3:55",235,"","RT-13","2024-12-05 RT-13",NA,"PH","SB",""
"124","2025","Dec",2024-12-04,"Chinook Salmon","late-fall","BT-4","AC","NJ, CC","44",35.3,149,"48B6",2024-11-27,"3:16",196,"2:00",120,"3:50",230,"","RT-13","2024-12-05 RT-13",NA,"PH","SB",""
"125","2025","Dec",2024-12-04,"Chinook Salmon","late-fall","BT-4","AC","NJ, CC","45",47.9,164,"4968",2024-11-27,"3:43",223,"1:38",98,"2:00",120,"","RT-13","2024-12-05 RT-13",NA,"PH","SB",""
"126","2025","Dec",2024-12-04,"Chinook Salmon","late-fall","BT-4","AC","NJ, CC","46",46.6,164,"45EB",2024-11-27,"3:29",209,"2:41",161,"1:07",67,"","RT-13","2024-12-05 RT-13",NA,"PH","SB",""
"127","2025","Dec",2024-12-04,"Chinook Salmon","late-fall","BT-4","AC","NJ, CC","47",23.5,133,"4652",2024-11-27,"3:40",220,"2:12",132,"3:57",237,"","RT-13","2024-12-05 RT-13",NA,"PH","SB",""
"128","2025","Dec",2024-12-04,"Chinook Salmon","late-fall","BT-4","AC","NJ, CC","48",29.3,140,"492D",2024-11-27,"3:12",192,"1:41",101,"2:27",147,"","RT-13","2024-12-05 RT-13",NA,"PH","SB",""
"129","2025","Dec",2024-12-04,"Chinook Salmon","late-fall","BT-4","AC","NJ, CC","49",34.6,158,"453D",2024-11-27,"2:43",163,"2:01",121,"1:53",113,"","RT-13","2024-12-05 RT-13",NA,"PH","SB",""
"130","2025","Dec",2024-12-04,"Chinook Salmon","late-fall","BT-4","AC","NJ, CC","50",45.9,163,"4889",2024-11-27,"3:25",205,"1:53",113,"1:09",69,"","RT-13","2024-12-05 RT-13",NA,"PH","SB",""
"131","2025","Dec",2024-12-04,"Chinook Salmon","late-fall","BT-4","AC","NJ, CC","51",32.7,143,"492C",2024-11-27,"2:32",152,"1:34",94,"1:15",75,"","RT-14","2024-12-05 RT-14",NA,"PH","SB",""
"132","2025","Dec",2024-12-04,"Chinook Salmon","late-fall","BT-4","AC","NJ, CC","52",41.5,152,"4921",2024-11-27,"3:37",217,"2:35",155,"2:12",132,"","RT-14","2024-12-05 RT-14",NA,"PH","SB",""
"133","2025","Dec",2024-12-04,"Chinook Salmon","late-fall","BT-4","AC","NJ, CC","53",67.7,171,"472A",2024-11-27,"3:24",204,"1:42",102,"2:35",155,"","RT-14","2024-12-05 RT-14",NA,"PH","SB",""
"134","2025","Dec",2024-12-04,"Chinook Salmon","late-fall","BT-4","AC","NJ, CC","54",55.8,174,"48DB",2024-11-27,"3:01",181,"2:40",160,"2:28",148,"","RT-14","2024-12-05 RT-14",NA,"PH","SB",""
"135","2025","Dec",2024-12-04,"Chinook Salmon","late-fall","BT-4","AC","NJ, CC","55",20.7,129,"4945",2024-11-27,"3:04",184,"2:19",139,"1:41",101,"","RT-14","2024-12-05 RT-14",NA,"PH","SB",""
"136","2025","Dec",2024-12-04,"Chinook Salmon","late-fall","BT-4","AC","NJ, CC","56",46.1,160,"474D",2024-11-27,"3:34",214,"1:44",104,"2:00",120,"","RT-14","2024-12-05 RT-14",NA,"PH","SB",""
"137","2025","Dec",2024-12-04,"Chinook Salmon","late-fall","BT-4","AC","NJ, CC","57",28.2,143,"497B",2024-11-27,"3:17",197,"2:03",123,"3:30",210,"","RT-14","2024-12-05 RT-14",NA,"PH","SB",""
"138","2025","Dec",2024-12-04,"Chinook Salmon","late-fall","BT-4","AC","NJ, CC","58",27.8,147,"49A5",2024-11-27,"3:23",203,"1:56",116,"2:45",165,"","RT-14","2024-12-05 RT-14",NA,"PH","SB",""
"139","2025","Dec",2024-12-04,"Chinook Salmon","late-fall","BT-4","AC","NJ, CC","59",49,164,"482A",2024-11-27,"3:29",209,"2:21",141,"1:41",101,"","RT-14","2024-12-05 RT-14",NA,"PH","SB",""
"140","2025","Dec",2024-12-04,"Chinook Salmon","late-fall","BT-4","AC","NJ, CC","60",31,145,"451A",2024-11-27,"3:33",213,"2:22",142,"3:55",235,"","RT-14","2024-12-05 RT-14",NA,"PH","SB",""
"141","2025","Dec",2024-12-04,"Chinook Salmon","late-fall","BT-4","AC","NJ, CC, EH","61",34.9,149,"489D",2024-11-27,"3:22",202,"1:58",118,"3:45",225,"","RT-15","2024-12-05 RT-15",NA,"PH","SB",""
"142","2025","Dec",2024-12-04,"Chinook Salmon","late-fall","BT-4","AC","NJ, CC, EH","62",63.1,176,"4915",2024-11-27,"3:40",220,"1:57",117,"3:00",180,"","RT-15","2024-12-05 RT-15",NA,"PH","SB",""
"143","2025","Dec",2024-12-04,"Chinook Salmon","late-fall","BT-4","AC","NJ, CC, EH","63",51.8,167,"4539",2024-11-27,"3:18",198,"2:03",123,"1:31",91,"","RT-15","2024-12-05 RT-15",NA,"PH","SB",""
"144","2025","Dec",2024-12-04,"Chinook Salmon","late-fall","BT-4","AC","NJ, CC, EH","64",55.5,170,"46B9",2024-11-27,"3:22",202,"1:46",106,"2:15",135,"","RT-15","2024-12-05 RT-15",NA,"PH","SB",""
"145","2025","Dec",2024-12-04,"Chinook Salmon","late-fall","BT-4","AC","NJ, CC, EH","65",55.1,164,"4937",2024-11-27,"2:27",147,"1:46",106,"3:00",180,"","RT-15","2024-12-05 RT-15",NA,"PH","SB",""
"146","2025","Dec",2024-12-04,"Chinook Salmon","late-fall","BT-4","AC","NJ, CC, EH","66",31.9,141,"4925",2024-11-27,"3:05",185,"2:12",132,"1:36",96,"","RT-15","2024-12-05 RT-15",NA,"PH","SB",""
"147","2025","Dec",2024-12-04,"Chinook Salmon","late-fall","BT-4","AC","NJ, CC, EH","67",38.1,155,"4865",2024-11-27,"3:15",195,"1:41",101,"3:50",230,"","RT-15","2024-12-05 RT-15",NA,"PH","SB",""
"148","2025","Dec",2024-12-04,"Chinook Salmon","late-fall","BT-4","AC","NJ, CC, EH","68",36.5,152,"48ED",2024-11-27,"2:55",175,"2:25",145,"2:50",170,"","RT-15","2024-12-05 RT-15",NA,"PH","SB",""
"149","2025","Dec",2024-12-04,"Chinook Salmon","late-fall","BT-4","AC","NJ, CC, EH","69",46.8,162,"4543",2024-11-27,"4:20",260,"1:46",106,"4:27",267,"","RT-15","2024-12-05 RT-15",NA,"PH","SB",""
"150","2025","Dec",2024-12-04,"Chinook Salmon","late-fall","BT-4","AC","NJ, CC, EH","70",29.7,139,"4591",2024-11-27,"3:05",185,"2:30",150,NA,NA,"Missing value for Recovery Time on datasheet, not properly field QCed.","RT-15","2024-12-05 RT-15",NA,"PH","SB",""
"151","2025","Dec",2024-12-04,"Chinook Salmon","late-fall","BT-4","AC","NJ, CC","71",33.2,146,"4524",2024-11-27,"2:55",175,"1:52",112,"1:23",83,"","RT-16","2024-12-05 RT-16",NA,"PH","SB",""
"152","2025","Dec",2024-12-04,"Chinook Salmon","late-fall","BT-4","AC","NJ, CC","72",28.2,136,"465A",2024-11-27,"3:03",183,"1:53",113,"2:20",140,"","RT-16","2024-12-05 RT-16",NA,"PH","SB",""
"153","2025","Dec",2024-12-04,"Chinook Salmon","late-fall","BT-4","AC","NJ, CC","73",24.1,135,"4665",2024-11-27,"3:11",191,"1:48",108,"1:05",65,"","RT-16","2024-12-05 RT-16",NA,"PH","SB",""
"154","2025","Dec",2024-12-04,"Chinook Salmon","late-fall","BT-4","AC","NJ, CC","74",37.7,152,"451B",2024-11-27,"2:39",159,"1:57",117,"1:00",60,"","RT-16","2024-12-05 RT-16",NA,"PH","SB",""
"155","2025","Dec",2024-12-04,"Chinook Salmon","late-fall","BT-4","AC","NJ, CC","75",26.4,140,"46B4",2024-11-27,"3:00",180,"1:34",94,"1:32",92,"","RT-16","2024-12-05 RT-16",NA,"PH","SB",""
"156","2025","Dec",2024-12-04,"Chinook Salmon","late-fall","BT-4","AC","NJ, CC","76",58.4,168,"452E",2024-11-27,"3:06",186,"2:16",136,"1:00",60,"","RT-16","2024-12-05 RT-16",NA,"PH","SB",""
"157","2025","Dec",2024-12-04,"Chinook Salmon","late-fall","BT-4","AC","NJ, CC","77",31.7,145,"45C5",2024-11-27,"3:26",206,"2:52",172,"2:00",120,"","RT-16","2024-12-05 RT-16",NA,"PH","SB",""
"158","2025","Dec",2024-12-04,"Chinook Salmon","late-fall","BT-4","AC","NJ, CC","78",41.3,151,"45C9",2024-11-27,"3:41",221,"1:57",117,"1:20",80,"","RT-16","2024-12-05 RT-16",NA,"PH","SB",""
"159","2025","Dec",2024-12-04,"Chinook Salmon","late-fall","BT-4","AC","NJ, CC","79",52.7,163,"45E9",2024-11-27,"3:46",226,"1:29",89,"4:00",240,"","RT-16","2024-12-05 RT-16",NA,"PH","SB",""
"160","2025","Dec",2024-12-04,"Chinook Salmon","late-fall","BT-4","AC","NJ, CC","80",25.7,133,"4521",2024-11-27,"3:25",205,"1:42",102,"1:36",96,"","RT-16","2024-12-05 RT-16",NA,"PH","SB",""
"161","2025","Dec",2024-12-05,"Chinook Salmon","late-fall","BT-1","NJ","AC, MMD","1",13.4,111,"45AE",2024-11-27,"2:30",150,"1:05",65,"3:13",193,"","RT-17","2024-12-06 RT-17",NA,"AJT","SB",""
"162","2025","Dec",2024-12-05,"Chinook Salmon","late-fall","BT-1","NJ","AC, MMD","2",44.6,159,"4516",2024-11-27,"2:12",132,"1:14",74,"2:20",140,"","RT-17","2024-12-06 RT-17",NA,"AJT","SB",""
"163","2025","Dec",2024-12-05,"Chinook Salmon","late-fall","BT-1","NJ","AC, MMD","3",38.5,161,"4755",2024-11-27,"2:01",121,"1:07",67,"2:35",155,"","RT-17","2024-12-06 RT-17",NA,"AJT","SB",""
"164","2025","Dec",2024-12-05,"Chinook Salmon","late-fall","BT-1","NJ","AC, MMD","4",23.7,134,"46DB",2024-11-27,"2:38",158,"1:35",95,"4:55",295,"","RT-17","2024-12-06 RT-17",NA,"AJT","SB",""
"165","2025","Dec",2024-12-05,"Chinook Salmon","late-fall","BT-1","NJ","AC, MMD","5",30.4,143,"482B",2024-11-27,"2:06",126,"1:04",64,"4:00",240,"","RT-17","2024-12-06 RT-17",NA,"AJT","SB",""
"166","2025","Dec",2024-12-05,"Chinook Salmon","late-fall","BT-1","NJ","AC, MMD","6",63,171,"45AD",2024-11-27,"3:13",193,"1:29",89,"2:00",120,"","RT-17","2024-12-06 RT-17",NA,"AJT","SB",""
"167","2025","Dec",2024-12-05,"Chinook Salmon","late-fall","BT-1","NJ","AC, MMD","7",19.7,122,"48AF",2024-11-27,"3:15",195,"1:20",80,"4:20",260,"","RT-17","2024-12-06 RT-17",NA,"AJT","SB",""
"168","2025","Dec",2024-12-05,"Chinook Salmon","late-fall","BT-1","NJ","AC, MMD","8",14.3,114,"490D",2024-11-27,"3:31",211,"1:31",91,"2:00",120,"","RT-17","2024-12-06 RT-17",NA,"AJT","SB",""
"169","2025","Dec",2024-12-05,"Chinook Salmon","late-fall","BT-1","NJ","AC, MMD","9",44.2,157,"475D",2024-11-27,"3:08",188,"1:12",72,"3:00",180,"","RT-17","2024-12-06 RT-17",NA,"AJT","SB",""
"170","2025","Dec",2024-12-05,"Chinook Salmon","late-fall","BT-1","NJ","AC, MMD","10",32.1,137,"4725",2024-11-27,"2:01",121,"1:33",93,"2:00",120,"","RT-17","2024-12-06 RT-17",NA,"AJT","SB",""
"171","2025","Dec",2024-12-05,"Chinook Salmon","late-fall","BT-1","NJ","AC, MMD","11",22.2,131,"48D6",2024-11-27,"2:50",170,"1:10",70,"1:45",105,"","RT-18","2024-12-06 RT-18",NA,"AJT","SB",""
"172","2025","Dec",2024-12-05,"Chinook Salmon","late-fall","BT-1","NJ","AC, MMD","12",45.3,145,"4765",2024-11-27,"2:27",147,"1:05",65,"1:00",60,"","RT-18","2024-12-06 RT-18",NA,"AJT","SB",""
"173","2025","Dec",2024-12-05,"Chinook Salmon","late-fall","BT-1","NJ","AC, MMD","13",17.6,118,"4523",2024-11-27,"2:38",158,"1:20",80,"2:00",120,"","RT-18","2024-12-06 RT-18",NA,"AJT","SB",""
"174","2025","Dec",2024-12-05,"Chinook Salmon","late-fall","BT-1","NJ","AC, MMD","14",24.1,130,"4715",2024-11-27,"2:35",155,"1:17",77,"3:20",200,"","RT-18","2024-12-06 RT-18",NA,"AJT","SB",""
"175","2025","Dec",2024-12-05,"Chinook Salmon","late-fall","BT-1","NJ","AC, MMD","15",30.4,136,"4939",2024-11-27,"2:58",178,"1:19",79,"4:00",240,"","RT-18","2024-12-06 RT-18",NA,"AJT","SB",""
"176","2025","Dec",2024-12-05,"Chinook Salmon","late-fall","BT-1","NJ","AC, MMD","16",25.4,131,"4957",2024-11-27,"2:30",150,"1:25",85,"4:00",240,"","RT-18","2024-12-06 RT-18",NA,"AJT","SB",""
"177","2025","Dec",2024-12-05,"Chinook Salmon","late-fall","BT-1","NJ","AC, MMD","17",36.5,152,"4752",2024-11-27,"2:30",150,"1:13",73,"1:00",60,"","RT-18","2024-12-06 RT-18",NA,"AJT","SB",""
"178","2025","Dec",2024-12-05,"Chinook Salmon","late-fall","BT-1","NJ","AC, MMD","18",60.4,143,"453B",2024-11-27,"2:59",179,"1:54",114,"4:00",240,"","RT-18","2024-12-06 RT-18",NA,"AJT","SB",""
"179","2025","Dec",2024-12-05,"Chinook Salmon","late-fall","BT-1","NJ","AC, MMD","19",27.1,140,"4895",2024-11-27,"2:17",137,"1:33",93,"1:00",60,"","RT-18","2024-12-06 RT-18",NA,"AJT","SB",""
"180","2025","Dec",2024-12-05,"Chinook Salmon","late-fall","BT-1","NJ","AC, MMD","20",63.8,175,"48AB",2024-11-27,"3:44",224,"1:17",77,"2:05",125,"","RT-18","2024-12-06 RT-18",NA,"AJT","SB",""
"181","2025","Dec",2024-12-05,"Chinook Salmon","late-fall","BT-1","NJ","AC, MU","21",23.6,133,"4559",2024-11-27,"4:21",261,"1:13",73,"3:20",200,"","RT-19","2024-12-06 RT-19",NA,"AJT","SB",""
"182","2025","Dec",2024-12-05,"Chinook Salmon","late-fall","BT-1","NJ","AC, MU","22",49.6,160,"4D7B",2024-11-27,"2:25",145,"1:31",91,"2:50",170,"","RT-19","2024-12-06 RT-19",NA,"AJT","SB",""
"183","2025","Dec",2024-12-05,"Chinook Salmon","late-fall","BT-1","NJ","AC, MU","23",25.4,133,"4DA6",2024-11-27,"2:28",148,"1:08",68,"1:15",75,"","RT-19","2024-12-06 RT-19",NA,"AJT","SB",""
"184","2025","Dec",2024-12-05,"Chinook Salmon","late-fall","BT-1","NJ","AC, MU","24",38.6,151,"4D3D",2024-11-27,"4:30",270,"1:05",65,"1:04",64,"","RT-19","2024-12-06 RT-19",NA,"AJT","SB",""
"185","2025","Dec",2024-12-05,"Chinook Salmon","late-fall","BT-1","NJ","AC, MU","25",47.4,161,"4EE5",2024-11-27,"2:11",131,"1:06",66,"1:10",70,"","RT-19","2024-12-06 RT-19",NA,"AJT","SB",""
"186","2025","Dec",2024-12-05,"Chinook Salmon","late-fall","BT-1","NJ","AC, MU","26",56.8,170,"4ECA",2024-11-27,"2:48",168,"1:06",66,"3:20",200,"","RT-19","2024-12-06 RT-19",NA,"AJT","SB",""
"187","2025","Dec",2024-12-05,"Chinook Salmon","late-fall","BT-1","NJ","AC, MU","27",30.1,139,"4A37",2024-11-27,"2:28",148,"1:48",108,"4:00",240,"","RT-19","2024-12-06 RT-19",NA,"AJT","SB",""
"188","2025","Dec",2024-12-05,"Chinook Salmon","late-fall","BT-1","NJ","AC, MU","28",23.7,130,"5093",2024-11-27,"3:41",221,"2:09",129,"1:07",67,"","RT-19","2024-12-06 RT-19",NA,"AJT","SB",""
"189","2025","Dec",2024-12-05,"Chinook Salmon","late-fall","BT-1","NJ","AC, MU","29",24.6,134,"49B5",2024-11-27,"2:00",120,"1:24",84,"1:30",90,"","RT-19","2024-12-06 RT-19",NA,"AJT","SB",""
"190","2025","Dec",2024-12-05,"Chinook Salmon","late-fall","BT-1","NJ","AC, MU","30",31.4,144,"4D39",2024-11-27,"2:32",152,"1:24",84,"3:33",213,"","RT-19","2024-12-06 RT-19",NA,"AJT","SB",""
"191","2025","Dec",2024-12-05,"Chinook Salmon","late-fall","BT-1","NJ","AC, MU, MMD","31",24,134,"4AC7",2024-11-27,"2:13",133,"1:04",64,"4:00",240,"","RT-20","2024-12-06 RT-20",NA,"AJT","SB",""
"192","2025","Dec",2024-12-05,"Chinook Salmon","late-fall","BT-1","NJ","AC, MU, MMD","32",39.3,150,"4D37",2024-11-27,"2:56",176,"1:19",79,"3:20",200,"","RT-20","2024-12-06 RT-20",NA,"AJT","SB",""
"193","2025","Dec",2024-12-05,"Chinook Salmon","late-fall","BT-1","NJ","AC, MU, MMD","33",49,162,"4CD2",2024-11-27,"2:28",148,"1:10",70,"3:20",200,"","RT-20","2024-12-06 RT-20",NA,"AJT","SB",""
"194","2025","Dec",2024-12-05,"Chinook Salmon","late-fall","BT-1","NJ","AC, MU, MMD","34",44.7,152,"50B2",2024-11-27,"2:22",142,"1:14",74,"3:00",180,"","RT-20","2024-12-06 RT-20",NA,"AJT","SB",""
"195","2025","Dec",2024-12-05,"Chinook Salmon","late-fall","BT-1","NJ","AC, MU, MMD","35",26.7,134,"4D58",2024-11-27,"2:56",176,"1:08",68,"1:00",60,"","RT-20","2024-12-06 RT-20",NA,"AJT","SB",""
"196","2025","Dec",2024-12-05,"Chinook Salmon","late-fall","BT-1","NJ","AC, MU, MMD","36",31.6,146,"4CDD",2024-11-27,"3:25",205,"1:22",82,"4:06",246,"first fish jumped without tag and rejected, second fish tagged","RT-20","2024-12-06 RT-20",NA,"AJT","SB",""
"197","2025","Dec",2024-12-05,"Chinook Salmon","late-fall","BT-1","NJ","AC, MU, MMD","37",17.9,121,"4F56",2024-11-27,"3:07",187,"1:32",92,"2:59",179,"","RT-20","2024-12-06 RT-20",NA,"AJT","SB",""
"198","2025","Dec",2024-12-05,"Chinook Salmon","late-fall","BT-1","NJ","AC, MU, MMD","38",22.9,130,"4C5D",2024-11-27,"3:22",202,"1:14",74,"4:00",240,"","RT-20","2024-12-06 RT-20",NA,"AJT","SB",""
"199","2025","Dec",2024-12-05,"Chinook Salmon","late-fall","BT-1","NJ","AC, MU, MMD","39",30.4,142,"4BA7",2024-11-27,"2:55",175,"1:30",90,"3:40",220,"","RT-20","2024-12-06 RT-20",NA,"AJT","SB",""
"200","2025","Dec",2024-12-05,"Chinook Salmon","late-fall","BT-1","NJ","AC, MU, MMD","40",21,128,"5045",2024-11-27,"4:45",285,"1:39",99,"3:40",220,"","RT-20","2024-12-06 RT-20",NA,"AJT","SB",""
"201","2025","Dec",2024-12-05,"Chinook Salmon","late-fall","BT-2","AC","NJ, MU","41",23.3,136,"4A44",2024-11-27,"2:57",177,"2:38",158,"1:53",113,"","RT-21","2024-12-06 RT-21",NA,"AJT","SB",""
"202","2025","Dec",2024-12-05,"Chinook Salmon","late-fall","BT-2","AC","NJ, MU","42",32.9,148,"4999",2024-11-27,"3:10",190,"2:00",120,"2:11",131,"","RT-21","2024-12-06 RT-21",NA,"AJT","SB",""
"203","2025","Dec",2024-12-05,"Chinook Salmon","late-fall","BT-2","AC","NJ, MU","43",33.8,146,"4B6B",2024-11-27,"3:34",214,"2:13",133,"3:30",210,"","RT-21","2024-12-06 RT-21",NA,"AJT","SB",""
"204","2025","Dec",2024-12-05,"Chinook Salmon","late-fall","BT-2","AC","NJ, MU","44",42.3,159,"4F2B",2024-11-27,"3:40",220,"1:43",103,"1:34",94,"","RT-21","2024-12-06 RT-21",NA,"AJT","SB",""
"205","2025","Dec",2024-12-05,"Chinook Salmon","late-fall","BT-2","AC","NJ, MU","45",44.9,163,"4D45",2024-11-27,"3:20",200,"1:45",105,"1:05",65,"","RT-21","2024-12-06 RT-21",NA,"AJT","SB",""
"206","2025","Dec",2024-12-05,"Chinook Salmon","late-fall","BT-2","AC","NJ, MU","46",36.7,150,"4A77",2024-11-27,"3:15",195,"2:03",123,"1:21",81,"","RT-21","2024-12-06 RT-21",NA,"AJT","SB",""
"207","2025","Dec",2024-12-05,"Chinook Salmon","late-fall","BT-2","AC","NJ, MU","47",26.3,137,"5233",2024-11-27,"2:31",151,"1:43",103,"1:15",75,"","RT-21","2024-12-06 RT-21",NA,"AJT","SB",""
"208","2025","Dec",2024-12-05,"Chinook Salmon","late-fall","BT-2","AC","NJ, MU","48",32.1,147,"4CBB",2024-11-27,"2:15",135,"2:11",131,"1:36",96,"","RT-21","2024-12-06 RT-21",NA,"AJT","SB",""
"209","2025","Dec",2024-12-05,"Chinook Salmon","late-fall","BT-2","AC","NJ, MU","49",29.2,143,"5155",2024-11-27,"3:07",187,"1:52",112,"1:33",93,"","RT-21","2024-12-06 RT-21",NA,"AJT","SB",""
"210","2025","Dec",2024-12-05,"Chinook Salmon","late-fall","BT-2","AC","NJ, MU","50",30.4,146,"4CD4",2024-11-27,"3:04",184,"1:46",106,"1:34",94,"","RT-21","2024-12-06 RT-21",NA,"AJT","SB",""
"211","2025","Dec",2024-12-05,"Chinook Salmon","late-fall","BT-2","AC","NJ, MU","51",NA,NA,NA,2024-11-27,NA,NA,NA,NA,NA,NA,"tag did not code out",NA,NA,NA,"AJT","SB",""
"212","2025","Dec",2024-12-05,"Chinook Salmon","late-fall","BT-2","AC","NJ, MU","52",20.3,127,"5117",2024-11-27,"3:39",219,"2:09",129,"2:00",120,"","RT-22","2024-12-06 RT-22",NA,"AJT","SB",""
"213","2025","Dec",2024-12-05,"Chinook Salmon","late-fall","BT-2","AC","NJ, MU","53",12.7,107,"4D0A",2024-11-27,"2:55",175,"1:54",114,"1:00",60,"","RT-22","2024-12-06 RT-22",NA,"AJT","SB",""
"214","2025","Dec",2024-12-05,"Chinook Salmon","late-fall","BT-2","AC","NJ, MU","54",47.7,164,"4E75",2024-11-27,"4:01",241,"1:44",104,"4:03",243,"","RT-22","2024-12-06 RT-22",NA,"AJT","SB",""
"215","2025","Dec",2024-12-05,"Chinook Salmon","late-fall","BT-2","AC","NJ, MU","55",29.9,145,"5234",2024-11-27,"2:53",173,"1:53",113,"1:56",116,"","RT-22","2024-12-06 RT-22",NA,"AJT","SB",""
"216","2025","Dec",2024-12-05,"Chinook Salmon","late-fall","BT-2","AC","NJ, MU","56",33.5,150,"4D17",2024-11-27,"3:27",207,"1:28",88,"1:38",98,"","RT-22","2024-12-06 RT-22",NA,"AJT","SB",""
"217","2025","Dec",2024-12-05,"Chinook Salmon","late-fall","BT-2","AC","NJ, MU","57",41.4,156,"4EA2",2024-11-27,"3:04",184,"1:40",100,"1:41",101,"","RT-22","2024-12-06 RT-22",NA,"AJT","SB",""
"218","2025","Dec",2024-12-05,"Chinook Salmon","late-fall","BT-2","AC","NJ, MU","58",37.1,149,"4D89",2024-11-27,"2:57",177,"1:40",100,"3:33",213,"","RT-22","2024-12-06 RT-22",NA,"AJT","SB",""
"219","2025","Dec",2024-12-05,"Chinook Salmon","late-fall","BT-2","AC","NJ, MU","59",58.6,177,"49A8",2024-11-27,"3:16",196,"1:48",108,"1:52",112,"","RT-22","2024-12-06 RT-22",NA,"AJT","SB",""
"220","2025","Dec",2024-12-05,"Chinook Salmon","late-fall","BT-2","AC","NJ, MU","60",21.3,129,"4A43",2024-11-27,"3:40",220,"1:38",98,"3:13",193,"only 9 fish tagged in group","RT-22","2024-12-06 RT-22",NA,"AJT","SB",""
"221","2025","Dec",2024-12-05,"Chinook Salmon","late-fall","BT-2","AC","NJ, MMD, MU","61",38.3,149,"4D2D",2024-11-27,"3:26",206,"1:28",88,"2:17",137,"","RT-23","2024-12-06 RT-23",NA,"AJT","SB",""
"222","2025","Dec",2024-12-05,"Chinook Salmon","late-fall","BT-2","AC","NJ, MMD, MU","62",14.9,112,"4EDD",2024-11-27,"2:27",147,"1:50",110,"1:35",95,"","RT-23","2024-12-06 RT-23",NA,"AJT","SB",""
"223","2025","Dec",2024-12-05,"Chinook Salmon","late-fall","BT-2","AC","NJ, MMD, MU","63",29.8,137,"521D",2024-11-27,"2:37",157,"1:51",111,"1:29",89,"","RT-23","2024-12-06 RT-23",NA,"AJT","SB",""
"224","2025","Dec",2024-12-05,"Chinook Salmon","late-fall","BT-2","AC","NJ, MMD, MU","64",40.3,153,"4BC9",2024-11-27,"2:55",175,"1:46",106,"2:36",156,"","RT-23","2024-12-06 RT-23",NA,"AJT","SB",""
"225","2025","Dec",2024-12-05,"Chinook Salmon","late-fall","BT-2","AC","NJ, MMD, MU","65",29.2,138,"5145",2024-11-27,"2:35",155,"2:03",123,"1:31",91,"","RT-23","2024-12-06 RT-23",NA,"AJT","SB",""
"226","2025","Dec",2024-12-05,"Chinook Salmon","late-fall","BT-2","AC","NJ, MMD, MU","66",28.8,143,"4D28",2024-11-27,"2:53",173,"1:31",91,"1:48",108,"","RT-23","2024-12-06 RT-23",NA,"AJT","SB",""
"227","2025","Dec",2024-12-05,"Chinook Salmon","late-fall","BT-2","AC","NJ, MMD, MU","67",12,109,"508D",2024-11-27,"3:04",184,"2:10",130,"3:00",180,"","RT-23","2024-12-06 RT-23",NA,"AJT","SB",""
"228","2025","Dec",2024-12-05,"Chinook Salmon","late-fall","BT-2","AC","NJ, MMD, MU","68",21.2,138,"4EB2",2024-11-27,"2:39",159,"2.01",121,"1:45",105,"","RT-23","2024-12-06 RT-23",NA,"AJT","SB",""
"229","2025","Dec",2024-12-05,"Chinook Salmon","late-fall","BT-2","AC","NJ, MMD, MU","69",24.8,133,"4D6B",2024-11-27,"3:15",195,"2:10",130,"1:33",93,"","RT-23","2024-12-06 RT-23",NA,"AJT","SB",""
"230","2025","Dec",2024-12-05,"Chinook Salmon","late-fall","BT-2","AC","NJ, MMD, MU","70",24.5,134,"4BA3",2024-11-27,"2:50",170,"2:10",130,"1:32",92,"","RT-23","2024-12-06 RT-23",NA,"AJT","SB",""
"231","2025","Dec",2024-12-05,"Chinook Salmon","late-fall","BT-2","AC","NJ, MMD, MU","71",10.2,103,"50EB",2024-11-27,"3:51",231,"2:13",133,"2:00",120,"","RT-24","2024-12-06 RT-24",NA,"AJT","SB","Date was recorded as 12/6/2024 corrected to 12/5/2024"
"232","2025","Dec",2024-12-05,"Chinook Salmon","late-fall","BT-2","AC","NJ, MMD, MU","72",23.6,135,"4AC9",2024-11-27,"2:53",173,"1:53",113,"1:13",73,"","RT-24","2024-12-06 RT-24",NA,"AJT","SB","Date was recorded as 12/6/2024 corrected to 12/5/2024"
"233","2025","Dec",2024-12-05,"Chinook Salmon","late-fall","BT-2","AC","NJ, MMD, MU","73",20.2,130,"4DB6",2024-11-27,"2:47",167,"2:08",128,"1:17",77,"","RT-24","2024-12-06 RT-24",NA,"AJT","SB","Date was recorded as 12/6/2024 corrected to 12/5/2024"
"234","2025","Dec",2024-12-05,"Chinook Salmon","late-fall","BT-2","AC","NJ, MMD, MU","74",33.2,149,"50BD",2024-11-27,"2:58",178,"1:36",96,"1:31",91,"","RT-24","2024-12-06 RT-24",NA,"AJT","SB","Date was recorded as 12/6/2024 corrected to 12/5/2024"
"235","2025","Dec",2024-12-05,"Chinook Salmon","late-fall","BT-2","AC","NJ, MMD, MU","75",24.3,141,"4A9E",2024-11-27,"3:16",196,"1:40",100,"2:39",159,"","RT-24","2024-12-06 RT-24",NA,"AJT","SB","Date was recorded as 12/6/2024 corrected to 12/5/2024"
"236","2025","Dec",2024-12-05,"Chinook Salmon","late-fall","BT-2","AC","NJ, MMD, MU","76",25,137,"4F52",2024-11-27,"3:21",201,"2:46",166,"3:20",200,"","RT-24","2024-12-06 RT-24",NA,"AJT","SB","Date was recorded as 12/6/2024 corrected to 12/5/2024"
"237","2025","Dec",2024-12-05,"Chinook Salmon","late-fall","BT-2","AC","NJ, MMD, MU","77",27.1,137,"524F",2024-11-27,"3:15",195,"1:54",114,"1:28",88,"","RT-24","2024-12-06 RT-24",NA,"AJT","SB","Date was recorded as 12/6/2024 corrected to 12/5/2024"
"238","2025","Dec",2024-12-05,"Chinook Salmon","late-fall","BT-2","AC","NJ, MMD, MU","78",40.4,154,"4AA9",2024-11-27,"3:33",213,"1:41",101,"1:27",87,"","RT-24","2024-12-06 RT-24",NA,"AJT","SB","Date was recorded as 12/6/2024 corrected to 12/5/2024"
"239","2025","Dec",2024-12-05,"Chinook Salmon","late-fall","BT-2","AC","NJ, MMD, MU","79",50.6,165,"512D",2024-11-27,"3:44",224,"1:35",95,"2:26",146,"","RT-24","2024-12-06 RT-24",NA,"AJT","SB","Date was recorded as 12/6/2024 corrected to 12/5/2024"
"240","2025","Dec",2024-12-05,"Chinook Salmon","late-fall","BT-2","AC","NJ, MMD, MU","80",22,128,"5241",2024-11-27,"3:07",187,"1:47",107,"2:31",151,"","RT-24","2024-12-06 RT-24",NA,"AJT","SB","Date was recorded as 12/6/2024 corrected to 12/5/2024"
"241","2025","Dec",2024-12-10,"Chinook Salmon","late-fall","BT-1","NJ","NJ, AC, KB","1",23.5,130,"50D5",2024-12-05,"2:40",160,"1:30",90,"1:57",117,"","RT-1","2024-12-11 RT-1",NA,"EH","SB",""
"242","2025","Dec",2024-12-10,"Chinook Salmon","late-fall","BT-1","NJ","NJ, AC, KB","2",17.4,116,"4BB5",2024-12-05,"2:44",164,"1:32",92,"4:00",240,"","RT-1","2024-12-11 RT-1",NA,"EH","SB",""
"243","2025","Dec",2024-12-10,"Chinook Salmon","late-fall","BT-1","NJ","NJ, AC, KB","3",54.5,170,"5152",2024-12-05,"2:37",157,"1:37",97,"3:45",225,"","RT-1","2024-12-11 RT-1",NA,"EH","SB",""
"244","2025","Dec",2024-12-10,"Chinook Salmon","late-fall","BT-1","NJ","NJ, AC, KB","4",55.6,167,"4EF5",2024-12-05,"2:28",148,"1:24",84,"4:14",254,"","RT-1","2024-12-11 RT-1",NA,"EH","SB",""
"245","2025","Dec",2024-12-10,"Chinook Salmon","late-fall","BT-1","NJ","NJ, AC, KB","5",25.1,133,"4D99",2024-12-05,"2:41",161,"1:27",87,"2:38",158,"","RT-1","2024-12-11 RT-1",NA,"EH","SB",""
"246","2025","Dec",2024-12-10,"Chinook Salmon","late-fall","BT-1","NJ","NJ, AC, KB","6",32.5,146,"5232",2024-12-05,"2:57",177,"2:19",139,"4:07",247,"","RT-1","2024-12-11 RT-1",NA,"EH","SB",""
"247","2025","Dec",2024-12-10,"Chinook Salmon","late-fall","BT-1","NJ","NJ, AC, KB","7",24.5,140,"5133",2024-12-05,"2:28",148,"1:35",95,"1:29",89,"","RT-1","2024-12-11 RT-1",NA,"EH","SB",""
"248","2025","Dec",2024-12-10,"Chinook Salmon","late-fall","BT-1","NJ","NJ, AC, KB","8",68.8,181,"50AE",2024-12-05,"2:34",154,"1:53",113,"1:51",111,"","RT-1","2024-12-11 RT-1",NA,"EH","SB",""
"249","2025","Dec",2024-12-10,"Chinook Salmon","late-fall","BT-1","NJ","NJ, AC, KB","9",63.6,178,"4D0D",2024-12-05,"3:20",200,"1:40",100,"1:01",61,"","RT-1","2024-12-11 RT-1",NA,"EH","SB",""
"250","2025","Dec",2024-12-10,"Chinook Salmon","late-fall","BT-1","NJ","NJ, AC, KB","10",54.8,167,"5129",2024-12-05,"3:36",216,"1:17",77,"4:57",297,"","RT-1","2024-12-11 RT-1",NA,"EH","SB",""
"251","2025","Dec",2024-12-10,"Chinook Salmon","late-fall","BT-1","NJ","NJ, AC, KB","11",14.8,117,"4FA9",2024-12-05,"3:32",212,"1:27",87,"2:49",169,"","RT-2","2024-12-11 RT-2",NA,"EH","SB",""
"252","2025","Dec",2024-12-10,"Chinook Salmon","late-fall","BT-1","NJ","NJ, AC, KB","12",43.7,160,"523B",2024-12-05,"2:40",160,"2:04",124,"1:08",68,"","RT-2","2024-12-11 RT-2",NA,"EH","SB",""
"253","2025","Dec",2024-12-10,"Chinook Salmon","late-fall","BT-1","NJ","NJ, AC, KB","13",21.8,123,"510A",2024-12-05,"2:27",147,"2:07",127,"3:29",209,"","RT-2","2024-12-11 RT-2",NA,"EH","SB",""
"254","2025","Dec",2024-12-10,"Chinook Salmon","late-fall","BT-1","NJ","NJ, AC, KB","14",23.2,131,"4CD1",2024-12-05,"3:32",212,"1:30",90,"3:23",203,"","RT-2","2024-12-11 RT-2",NA,"EH","SB",""
"255","2025","Dec",2024-12-10,"Chinook Salmon","late-fall","BT-1","NJ","NJ, AC, KB","15",38.2,151,"4CDB",2024-12-05,"2:57",177,"1:24",84,"1:25",85,"","RT-2","2024-12-11 RT-2",NA,"EH","SB",""
"256","2025","Dec",2024-12-10,"Chinook Salmon","late-fall","BT-1","NJ","NJ, AC, KB","16",22.6,132,"4D9D",2024-12-05,"3:00",180,"1:31",91,"4:40",280,"","RT-2","2024-12-11 RT-2",NA,"EH","SB",""
"257","2025","Dec",2024-12-10,"Chinook Salmon","late-fall","BT-1","NJ","NJ, AC, KB","17",18.6,121,"512C",2024-12-05,"3:37",217,"1:48",108,"4:40",280,"","RT-2","2024-12-11 RT-2",NA,"EH","SB",""
"258","2025","Dec",2024-12-10,"Chinook Salmon","late-fall","BT-1","NJ","NJ, AC, KB","18",28.4,142,"4BB4",2024-12-05,"4:30",270,"1:24",84,"2:20",140,"","RT-2","2024-12-11 RT-2",NA,"EH","SB",""
"259","2025","Dec",2024-12-10,"Chinook Salmon","late-fall","BT-1","NJ","NJ, AC, KB","19",63.8,176,"4F15",2024-12-05,"2:31",151,"1:26",86,"1:50",110,"","RT-2","2024-12-11 RT-2",NA,"EH","SB",""
"260","2025","Dec",2024-12-10,"Chinook Salmon","late-fall","BT-1","NJ","NJ, AC, KB","20",52.8,165,"50D2",2024-12-05,"2:57",177,"1:53",113,"1:44",104,"","RT-2","2024-12-11 RT-2",NA,"EH","SB",""
"261","2025","Dec",2024-12-10,"Chinook Salmon","late-fall","BT-1","NJ","NJ, AC, KB","21",58.5,171,"4F6A",2024-12-05,"2:23",143,"1:22",82,"2:23",143,"","RT-3","2024-12-11 RT-3",NA,"EH","SB",""
"262","2025","Dec",2024-12-10,"Chinook Salmon","late-fall","BT-1","NJ","NJ, AC, KB","22",32.6,148,"5239",2024-12-05,"2:06",126,"1:12",72,"4:20",260,"","RT-3","2024-12-11 RT-3",NA,"EH","SB",""
"263","2025","Dec",2024-12-10,"Chinook Salmon","late-fall","BT-1","NJ","NJ, AC, KB","23",19.8,125,"50CD",2024-12-05,"1:28",88,"1:56",116,"3:20",200,"","RT-3","2024-12-11 RT-3",NA,"EH","SB",""
"264","2025","Dec",2024-12-10,"Chinook Salmon","late-fall","BT-1","NJ","NJ, AC, KB","24",29.7,141,"4AED",2024-12-05,"2:38",158,"1:39",99,"3:42",222,"","RT-3","2024-12-11 RT-3",NA,"EH","SB",""
"265","2025","Dec",2024-12-10,"Chinook Salmon","late-fall","BT-1","NJ","NJ, AC, KB","25",27.6,131,"4CAE",2024-12-05,"1:51",111,"1:30",90,"3:39",219,"","RT-3","2024-12-11 RT-3",NA,"EH","SB",""
"266","2025","Dec",2024-12-10,"Chinook Salmon","late-fall","BT-1","NJ","NJ, AC, KB","26",52.3,160,"5223",2024-12-05,"2:27",147,"1:44",104,"2:30",150,"","RT-3","2024-12-11 RT-3",NA,"EH","SB",""
"267","2025","Dec",2024-12-10,"Chinook Salmon","late-fall","BT-1","NJ","NJ, AC, KB","27",22.5,129,"522B",2024-12-05,"2:17",137,"1:20",80,"4:20",260,"","RT-3","2024-12-11 RT-3",NA,"EH","SB",""
"268","2025","Dec",2024-12-10,"Chinook Salmon","late-fall","BT-1","NJ","NJ, AC, KB","28",46.7,160,"5128",2024-12-05,"2:03",123,"1:33",93,"4:35",275,"","RT-3","2024-12-11 RT-3",NA,"EH","SB",""
"269","2025","Dec",2024-12-10,"Chinook Salmon","late-fall","BT-1","NJ","NJ, AC, KB","29",33,147,"521B",2024-12-05,"2:15",135,"1:43",103,"4:22",262,"","RT-3","2024-12-11 RT-3",NA,"EH","SB",""
"270","2025","Dec",2024-12-10,"Chinook Salmon","late-fall","BT-1","NJ","NJ, AC, KB","30",43.1,160,"510B",2024-12-05,"2:37",157,"1:35",95,"4:35",275,"","RT-3","2024-12-11 RT-3",NA,"EH","SB",""
"271","2025","Dec",2024-12-10,"Chinook Salmon","late-fall","BT-1","NJ","NJ, AC, KB","31",33.6,151,"5231",2024-12-05,"2:12",132,"1:46",106,"2:18",138,"","RT-4","2024-12-11 RT-4",NA,"EH","SB",""
"272","2025","Dec",2024-12-10,"Chinook Salmon","late-fall","BT-1","NJ","NJ, AC, KB","32",35.9,150,"508B",2024-12-05,"2:41",161,"1:24",84,"3:04",184,"","RT-4","2024-12-11 RT-4",NA,"EH","SB",""
"273","2025","Dec",2024-12-10,"Chinook Salmon","late-fall","BT-1","NJ","NJ, AC, KB","33",31.1,146,"4D9B",2024-12-05,"2:19",139,"1:26",86,"2:50",170,"","RT-4","2024-12-11 RT-4",NA,"EH","SB",""
"274","2025","Dec",2024-12-10,"Chinook Salmon","late-fall","BT-1","NJ","NJ, AC, KB","34",22.7,132,"4CEA",2024-12-05,"2:06",126,"1:33",93,"3:38",218,"","RT-4","2024-12-11 RT-4",NA,"EH","SB",""
"275","2025","Dec",2024-12-10,"Chinook Salmon","late-fall","BT-1","NJ","NJ, AC, KB","35",23,131,"4C51",2024-12-05,"2:08",128,"1:18",78,"4:06",246,"","RT-4","2024-12-11 RT-4",NA,"EH","SB",""
"276","2025","Dec",2024-12-10,"Chinook Salmon","late-fall","BT-1","NJ","NJ, AC, KB","36",35.6,146,"4D05",2024-12-05,"2:05",125,"1:43",103,"3:14",194,"","RT-4","2024-12-11 RT-4",NA,"EH","SB",""
"277","2025","Dec",2024-12-10,"Chinook Salmon","late-fall","BT-1","NJ","NJ, AC, KB","37",56.8,174,"5127",2024-12-05,"1:53",113,"1:24",84,"1:18",78,"","RT-4","2024-12-11 RT-4",NA,"EH","SB",""
"278","2025","Dec",2024-12-10,"Chinook Salmon","late-fall","BT-1","NJ","NJ, AC, KB","38",29.3,142,"49A9",2024-12-05,"2:02",122,"1:31",91,"3:20",200,"","RT-4","2024-12-11 RT-4",NA,"EH","SB",""
"279","2025","Dec",2024-12-10,"Chinook Salmon","late-fall","BT-1","NJ","NJ, AC, KB","39",34.5,150,"513D",2024-12-05,"2:04",124,"2:12",132,"2:29",149,"","RT-4","2024-12-11 RT-4",NA,"EH","SB",""
"280","2025","Dec",2024-12-10,"Chinook Salmon","late-fall","BT-1","NJ","NJ, AC, KB","40",48.2,162,"4A39",2024-12-05,"2:23",143,"1:25",85,"2:00",120,"","RT-4","2024-12-11 RT-4",NA,"EH","SB",""
"281","2025","Dec",2024-12-10,"Chinook Salmon","late-fall","BT-2","AC","AC, NJ, KB","41",37.8,148,"4D11",2024-12-05,"2:40",160,"2:02",122,"1:34",94,"","RT-5","2024-12-11 RT-5",NA,"EH","SB",""
"282","2025","Dec",2024-12-10,"Chinook Salmon","late-fall","BT-2","AC","AC, NJ, KB","42",40.1,148,"49D9",2024-12-05,"2:32",152,"1:51",111,"3:30",210,"","RT-5","2024-12-11 RT-5",NA,"EH","SB",""
"283","2025","Dec",2024-12-10,"Chinook Salmon","late-fall","BT-2","AC","AC, NJ, KB","43",15.8,122,"522E",2024-12-05,"2:44",164,"2:02",122,"3:54",234,"","RT-5","2024-12-11 RT-5",NA,"EH","SB",""
"284","2025","Dec",2024-12-10,"Chinook Salmon","late-fall","BT-2","AC","AC, NJ, KB","44",37.9,149,"4EB5",2024-12-05,"3:10",190,"2:09",129,"3:35",215,"","RT-5","2024-12-11 RT-5",NA,"EH","SB",""
"285","2025","Dec",2024-12-10,"Chinook Salmon","late-fall","BT-2","AC","AC, NJ, KB","45",27.7,146,"49B4",2024-12-05,"3:12",192,"1:50",110,"3:00",180,"","RT-5","2024-12-11 RT-5",NA,"EH","SB",""
"286","2025","Dec",2024-12-10,"Chinook Salmon","late-fall","BT-2","AC","AC, NJ, KB","46",47.6,165,"50DB",2024-12-05,"2:48",168,"1:37",97,"3:06",186,"","RT-5","2024-12-11 RT-5",NA,"EH","SB",""
"287","2025","Dec",2024-12-10,"Chinook Salmon","late-fall","BT-2","AC","AC, NJ, KB","47",23.3,133,"4DB7",2024-12-05,"2:28",148,"1:34",94,"1:20",80,"","RT-5","2024-12-11 RT-5",NA,"EH","SB",""
"288","2025","Dec",2024-12-10,"Chinook Salmon","late-fall","BT-2","AC","AC, NJ, KB","48",36.7,147,"502A",2024-12-05,"2:31",151,"1:38",98,"2:30",150,"","RT-5","2024-12-11 RT-5",NA,"EH","SB",""
"289","2025","Dec",2024-12-10,"Chinook Salmon","late-fall","BT-2","AC","AC, NJ, KB","49",34.6,150,"524B",2024-12-05,"2:50",170,"1:48",108,"2:33",153,"","RT-5","2024-12-11 RT-5",NA,"EH","SB",""
"290","2025","Dec",2024-12-10,"Chinook Salmon","late-fall","BT-2","AC","AC, NJ, KB","50",31.5,142,"4ED1",2024-12-05,"2:55",175,"1:40",100,"1:41",101,"","RT-5","2024-12-11 RT-5",NA,"EH","SB",""
"291","2025","Dec",2024-12-10,"Chinook Salmon","late-fall","BT-2","AC","AC, NJ, KB","51",28.1,138,"4F5D",2024-12-05,"2:51",171,"1:29",89,"3:20",200,"","RT-6","2024-12-11 RT-6",NA,"EH","SB",""
"292","2025","Dec",2024-12-10,"Chinook Salmon","late-fall","BT-2","AC","AC, NJ, KB","52",32,149,"5022",2024-12-05,"2:38",158,"1:42",102,"3:34",214,"","RT-6","2024-12-11 RT-6",NA,"EH","SB",""
"293","2025","Dec",2024-12-10,"Chinook Salmon","late-fall","BT-2","AC","AC, NJ, KB","53",31.6,147,"4BBD",2024-12-05,"2:36",156,"1:46",106,"2:58",178,"","RT-6","2024-12-11 RT-6",NA,"EH","SB",""
"294","2025","Dec",2024-12-10,"Chinook Salmon","late-fall","BT-2","AC","AC, NJ, KB","54",50.1,168,"4AC3",2024-12-05,"2:43",163,"1:45",105,"3:40",220,"","RT-6","2024-12-11 RT-6",NA,"EH","SB",""
"295","2025","Dec",2024-12-10,"Chinook Salmon","late-fall","BT-2","AC","AC, NJ, KB","55",40.2,157,"4CB1",2024-12-05,"2:47",167,"2:09",129,"2:00",120,"","RT-6","2024-12-11 RT-6",NA,"EH","SB",""
"296","2025","Dec",2024-12-10,"Chinook Salmon","late-fall","BT-2","AC","AC, NJ, KB","56",24.5,128,"4AE8",2024-12-05,"3:07",187,"1:45",105,"1:00",60,"","RT-6","2024-12-11 RT-6",NA,"EH","SB",""
"297","2025","Dec",2024-12-10,"Chinook Salmon","late-fall","BT-2","AC","AC, NJ, KB","57",35.5,142,"50C9",2024-12-05,"2:43",163,"1:53",113,"3:15",195,"","RT-6","2024-12-11 RT-6",NA,"EH","SB",""
"298","2025","Dec",2024-12-10,"Chinook Salmon","late-fall","BT-2","AC","AC, NJ, KB","58",23.4,130,"5219",2024-12-05,"2:23",143,"1:38",98,"1:16",76,"","RT-6","2024-12-11 RT-6",NA,"EH","SB","Anesthesia time corrected from 2:22 to 2:23."
"299","2025","Dec",2024-12-10,"Chinook Salmon","late-fall","BT-2","AC","AC, NJ, KB","59",43.5,152,"50B6",2024-12-05,"2:53",173,"2:10",130,"2:42",162,"","RT-6","2024-12-11 RT-6",NA,"EH","SB",""
"300","2025","Dec",2024-12-10,"Chinook Salmon","late-fall","BT-2","AC","AC, NJ, KB","60",35.7,151,"5134",2024-12-05,"2:51",171,"1:28",88,"4:14",254,"","RT-6","2024-12-11 RT-6",NA,"EH","SB",""
"301","2025","Dec",2024-12-10,"Chinook Salmon","late-fall","BT-2","AC","AC, NJ, KB","61",49.5,166,"5221",2024-12-05,"4:02",242,"1:34",94,"3:45",225,"","RT-7","2024-12-11 RT-7",NA,"EH","SB",""
"302","2025","Dec",2024-12-10,"Chinook Salmon","late-fall","BT-2","AC","AC, NJ, KB","62",64.4,177,"4D77",2024-12-05,"3:18",198,"1:45",105,"1:42",102,"","RT-7","2024-12-11 RT-7",NA,"EH","SB",""
"303","2025","Dec",2024-12-10,"Chinook Salmon","late-fall","BT-2","AC","AC, NJ, KB","63",21.2,127,"4D29",2024-12-05,"3:34",214,"1:40",100,"2:40",160,"","RT-7","2024-12-11 RT-7",NA,"EH","SB",""
"304","2025","Dec",2024-12-10,"Chinook Salmon","late-fall","BT-2","AC","AC, NJ, KB","64",34.7,150,"5243",2024-12-05,"2:51",171,"1:31",91,"1:06",66,"","RT-7","2024-12-11 RT-7",NA,"EH","SB",""
"305","2025","Dec",2024-12-10,"Chinook Salmon","late-fall","BT-2","AC","AC, NJ, KB","65",24.2,135,"49BD",2024-12-05,"2:30",150,"1:30",90,"1:28",88,"","RT-7","2024-12-11 RT-7",NA,"EH","SB",""
"306","2025","Dec",2024-12-10,"Chinook Salmon","late-fall","BT-2","AC","AC, NJ, KB","66",28.1,142,"4AA7",2024-12-05,"3:00",180,"1:20",80,"2:00",120,"","RT-7","2024-12-11 RT-7",NA,"EH","SB",""
"307","2025","Dec",2024-12-10,"Chinook Salmon","late-fall","BT-2","AC","AC, NJ, KB","67",34,153,"4A19",2024-12-05,"3:23",203,"1:33",93,"4:20",260,"","RT-7","2024-12-11 RT-7",NA,"EH","SB",""
"308","2025","Dec",2024-12-10,"Chinook Salmon","late-fall","BT-2","AC","AC, NJ, KB","68",31.3,145,"5121",2024-12-05,"3:03",183,"1:42",102,"1:32",92,"","RT-7","2024-12-11 RT-7",NA,"EH","SB",""
"309","2025","Dec",2024-12-10,"Chinook Salmon","late-fall","BT-2","AC","AC, NJ, KB","69",47.4,167,"4E5A",2024-12-05,"3:07",187,"1:33",93,"1:03",63,"","RT-7","2024-12-11 RT-7",NA,"EH","SB",""
"310","2025","Dec",2024-12-10,"Chinook Salmon","late-fall","BT-2","AC","AC, NJ, KB","70",33.9,147,"510D",2024-12-05,"2:59",179,"1:52",112,"3:00",180,"","RT-7","2024-12-11 RT-7",NA,"EH","SB",""
"311","2025","Dec",2024-12-10,"Chinook Salmon","late-fall","BT-2","AC","AC, NJ, KB","71",21.5,123,"4BAE",2024-12-05,"2:37",157,"1:35",95,"1:07",67,"","RT-8","2024-12-11 RT-8",NA,"EH","SB",""
"312","2025","Dec",2024-12-10,"Chinook Salmon","late-fall","BT-2","AC","AC, NJ, KB","72",20.1,126,"5246",2024-12-05,"2:34",154,"1:28",88,"2:21",141,"","RT-8","2024-12-11 RT-8",NA,"EH","SB",""
"313","2025","Dec",2024-12-10,"Chinook Salmon","late-fall","BT-2","AC","AC, NJ, KB","73",26.8,137,"4A96",2024-12-05,"2:35",155,"1:26",86,"1:17",77,"","RT-8","2024-12-11 RT-8",NA,"EH","SB",""
"314","2025","Dec",2024-12-10,"Chinook Salmon","late-fall","BT-2","AC","AC, NJ, KB","74",18.9,123,"4A95",2024-12-05,"2:36",156,"1:32",92,"1:12",72,"","RT-8","2024-12-11 RT-8",NA,"EH","SB",""
"315","2025","Dec",2024-12-10,"Chinook Salmon","late-fall","BT-2","AC","AC, NJ, KB","75",41.9,160,"5248",2024-12-05,"2:59",179,"2:02",122,"1:22",82,"","RT-8","2024-12-11 RT-8",NA,"EH","SB",""
"316","2025","Dec",2024-12-10,"Chinook Salmon","late-fall","BT-2","AC","AC, NJ, KB","76",37.5,147,"5249",2024-12-05,"3:20",200,"1:25",85,"3:27",207,"","RT-8","2024-12-11 RT-8",NA,"EH","SB",""
"317","2025","Dec",2024-12-10,"Chinook Salmon","late-fall","BT-2","AC","AC, NJ, KB","77",27.3,130,"4EAB",2024-12-05,"2:33",153,"1:35",95,"1:03",63,"","RT-8","2024-12-11 RT-8",NA,"EH","SB",""
"318","2025","Dec",2024-12-10,"Chinook Salmon","late-fall","BT-2","AC","AC, NJ, KB","78",44.5,157,"4EB6",2024-12-05,"2:55",175,"1:56",116,"1:36",96,"","RT-8","2024-12-11 RT-8",NA,"EH","SB",""
"319","2025","Dec",2024-12-10,"Chinook Salmon","late-fall","BT-2","AC","AC, NJ, KB","79",24.5,134,"4ED2",2024-12-05,"3:09",189,"1:38",98,"2:33",153,"","RT-8","2024-12-11 RT-8",NA,"EH","SB",""
"320","2025","Dec",2024-12-10,"Chinook Salmon","late-fall","BT-2","AC","AC, NJ, KB","80",42.7,159,"4C35",2024-12-05,"2:29",149,"1:48",108,"1:53",113,"","RT-8","2024-12-11 RT-8",NA,"EH","SB",""
"321","2025","Dec",2024-12-10,"Chinook Salmon","late-fall","BT-1","NJ","NJ,AC,KB","D1",47.6,162,"957C",2024-12-05,"3:06",186,"1:31",91,"1:40",100,"Dummy Tag ",NA,NA,"A","EH","SB",""
"322","2025","Dec",2024-12-10,"Chinook Salmon","late-fall","BT-1","NJ","NJ, AC, KB","D2",46.6,164,"A359",2024-12-05,"2:32",152,"1:31",91,"3:26",206,"Dummy Tag ",NA,NA,"A","EH","SB",""
"323","2025","Dec",2024-12-10,"Chinook Salmon","late-fall","BT-1","NJ","NJ, AC, KB","D3",51.5,166,"954F",2024-12-05,"2:47",167,"1:33",93,"4:00",240,"Dummy Tag ",NA,NA,"A","EH","SB",""
"324","2025","Dec",2024-12-10,"Chinook Salmon","late-fall","BT-1","NJ","NJ, AC, KB","D4",19.7,124,"9ED5",2024-12-05,"2:28",148,"1:11",71,"3:31",211,"Dummy Tag ",NA,NA,"A","EH","SB",""
"325","2025","Dec",2024-12-10,"Chinook Salmon","late-fall","BT-2","AC","AC, NJ, KB","D5",17.6,124,"951B",2024-12-05,"3:14",194,"1:45",105,"1:55",115,"Dummy Tag ",NA,NA,"A","EH","SB",""
"326","2025","Dec",2024-12-10,"Chinook Salmon","late-fall","BT-2","AC","AC, NJ, KB","D6",37.2,152,"96DC",2024-12-05,"2:57",177,"1:39",99,"1:37",97,"Dummy Tag",NA,NA,"A","EH","SB",""
"327","2025","Dec",2024-12-10,"Chinook Salmon","late-fall","BT-2","AC","AC, NJ, KB","D7",41.4,156,"985F",2024-12-05,"2:53",173,"1:27",87,"2:00",120,"Dummy Tag",NA,NA,"A","EH","SB",""
"328","2025","Dec",2024-12-10,"Chinook Salmon","late-fall","BT-2","AC","AC, NJ, KB","D8",37.9,151,"9527",2024-12-05,"3:09",189,"1:53",113,"1:00",60,"Dummy Tag",NA,NA,"A","EH","SB",""
"329","2025","Dec",2024-12-11,"Chinook Salmon","late-fall","BT-3","NJ","AC, BP, NJ","1",35.6,154,"4EDA",2024-12-05,"2:45",165,"1:18",78,"1:43",103,"","RT-9","2024-12-12 RT-9",NA,"BP","SB",""
"330","2025","Dec",2024-12-11,"Chinook Salmon","late-fall","BT-3","NJ","AC, BP, NJ","2",58.6,172,"4BAB",2024-12-05,"2:09",129,"1:27",87,"1:27",87,"crooked incision ","RT-9","2024-12-12 RT-9",NA,"BP","SB",""
"331","2025","Dec",2024-12-11,"Chinook Salmon","late-fall","BT-3","NJ","AC, BP, NJ","3",21,127,"4A57",2024-12-05,"2:58",178,"1:33",93,"1:13",73,"","RT-9","2024-12-12 RT-9",NA,"BP","SB",""
"332","2025","Dec",2024-12-11,"Chinook Salmon","late-fall","BT-3","NJ","AC, BP, NJ","4",42.5,159,"4CEB",2024-12-05,"2:33",153,"1:41",101,"1:40",100,"","RT-9","2024-12-12 RT-9",NA,"BP","SB",""
"333","2025","Dec",2024-12-11,"Chinook Salmon","late-fall","BT-3","NJ","AC, BP, NJ","5",57.2,171,"4B9A",2024-12-05,"3:45",225,"2:32",152,"1:20",80,"","RT-9","2024-12-12 RT-9",NA,"BP","SB",""
"334","2025","Dec",2024-12-11,"Chinook Salmon","late-fall","BT-3","NJ","AC, BP, NJ","6",64,175,"4E91",2024-12-05,"2:56",176,"1:34",94,"2:23",143,"","RT-9","2024-12-12 RT-9",NA,"BP","SB",""
"335","2025","Dec",2024-12-11,"Chinook Salmon","late-fall","BT-3","NJ","AC, BP, NJ","7",26.1,139,"4A74",2024-12-05,"3:05",185,"1:22",82,"2:34",154,"","RT-9","2024-12-12 RT-9",NA,"BP","SB",""
"336","2025","Dec",2024-12-11,"Chinook Salmon","late-fall","BT-3","NJ","AC, BP, NJ","8",54.2,171,"4D33",2024-12-05,"3:07",187,"1:54",114,"1:00",60,"","RT-9","2024-12-12 RT-9",NA,"BP","SB","FL corrected from 17 to 171."
"337","2025","Dec",2024-12-11,"Chinook Salmon","late-fall","BT-3","NJ","AC, BP, NJ","9",29.1,139,"4D97",2024-12-05,"2:29",149,"1:14",74,"4:30",270,"","RT-9","2024-12-12 RT-9",NA,"BP","SB",""
"338","2025","Dec",2024-12-11,"Chinook Salmon","late-fall","BT-3","NJ","AC, BP, NJ","10",60.1,142,"4EBD",2024-12-05,"2:28",148,"1:35",95,"1:02",62,"","RT-9","2024-12-12 RT-9",NA,"BP","SB",""
"339","2025","Dec",2024-12-11,"Chinook Salmon","late-fall","BT-3","NJ","AC, BP, NJ","11",40.4,157,"51A9",2024-12-05,"3:52",232,"1:42",102,"2:38",158,"","RT-10","2024-12-12 RT-10",NA,"BP","SB",""
"340","2025","Dec",2024-12-11,"Chinook Salmon","late-fall","BT-3","NJ","AC, BP, NJ","12",46,162,"4FAA",2024-12-05,"3:57",237,"1:08",68,"1:21",81,"","RT-10","2024-12-12 RT-10",NA,"BP","SB",""
"341","2025","Dec",2024-12-11,"Chinook Salmon","late-fall","BT-3","NJ","AC, BP, NJ","13",33.4,144,"5111",2024-12-05,"2:38",158,"1:21",81,"2:58",178,"","RT-10","2024-12-12 RT-10",NA,"BP","SB",""
"342","2025","Dec",2024-12-11,"Chinook Salmon","late-fall","BT-3","NJ","AC, BP, NJ","14",37.8,154,"5057",2024-12-05,"3:03",183,"1:41",101,"2:30",150,"","RT-10","2024-12-12 RT-10",NA,"BP","SB",""
"343","2025","Dec",2024-12-11,"Chinook Salmon","late-fall","BT-3","NJ","AC, BP, NJ","15",35.1,150,"505A",2024-12-05,"3:54",234,"1:30",90,"1:01",61,"","RT-10","2024-12-12 RT-10",NA,"BP","SB",""
"344","2025","Dec",2024-12-11,"Chinook Salmon","late-fall","BT-3","NJ","AC, BP, NJ","16",23.4,126,"4D55",2024-12-05,"3:38",218,"1:37",97,"4:44",284,"","RT-10","2024-12-12 RT-10",NA,"BP","SB",""
"345","2025","Dec",2024-12-11,"Chinook Salmon","late-fall","BT-3","NJ","AC, BP, NJ","17",37.4,156,"4A8C",2024-12-05,"3:41",221,"1:45",105,"1:35",95,"","RT-10","2024-12-12 RT-10",NA,"BP","SB",""
"346","2025","Dec",2024-12-11,"Chinook Salmon","late-fall","BT-3","NJ","AC, BP, NJ","18",39.9,150,"4FA6",2024-12-05,"3:44",224,"1:43",103,"4:22",262,"","RT-10","2024-12-12 RT-10",NA,"BP","SB","Release container corrected to RT-10. Likely from draggging values down read RT-11"
"347","2025","Dec",2024-12-11,"Chinook Salmon","late-fall","BT-3","NJ","AC, BP, NJ","19",34.8,150,"506D",2024-12-05,"3:00",180,"1:20",80,"3:49",229,"","RT-10","2024-12-12 RT-10",NA,"BP","SB","Release container corrected to RT-10. Likely from draggging values down read RT-12"
"348","2025","Dec",2024-12-11,"Chinook Salmon","late-fall","BT-3","NJ","AC, BP, NJ","20",28.1,141,"4CC9",2024-12-05,"4:18",258,"1:32",92,"2:06",126,"","RT-10","2024-12-12 RT-10",NA,"BP","SB","Release container corrected to RT-10. Likely from draggging values down read RT-13"
"349","2025","Dec",2024-12-11,"Chinook Salmon","late-fall","BT-3","NJ","AC, BP, NJ","21",70.3,178,"4BA9",2024-12-05,"4:24",264,"1:45",105,"3:10",190,"","RT-11","2024-12-12 RT-11",NA,"BP","SB",""
"350","2025","Dec",2024-12-11,"Chinook Salmon","late-fall","BT-3","NJ","AC, BP, NJ","22",44.1,160,"4DCA",2024-12-05,"2:37",157,"1:30",90,"1:00",60,"","RT-11","2024-12-12 RT-11",NA,"BP","SB",""
"351","2025","Dec",2024-12-11,"Chinook Salmon","late-fall","BT-3","NJ","AC, BP, NJ","23",26,139,"4E52",2024-12-05,"3:02",182,"1:23",83,"3:01",181,"","RT-11","2024-12-12 RT-11",NA,"BP","SB",""
"352","2025","Dec",2024-12-11,"Chinook Salmon","late-fall","BT-3","NJ","AC, BP, NJ","24",38.9,151,"524E",2024-12-05,"3:19",199,"1:17",77,"1:00",60,"","RT-11","2024-12-12 RT-11",NA,"BP","SB",""
"353","2025","Dec",2024-12-11,"Chinook Salmon","late-fall","BT-3","NJ","AC, BP, NJ","25",32.6,146,"4DAC",2024-12-05,"3:09",189,"1:13",73,"2:00",120,"","RT-11","2024-12-12 RT-11",NA,"BP","SB",""
"354","2025","Dec",2024-12-11,"Chinook Salmon","late-fall","BT-3","NJ","AC, BP, NJ","26",42.5,150,"5245",2024-12-05,"3:06",186,"1:32",92,"4:00",240,"","RT-11","2024-12-12 RT-11",NA,"BP","SB",""
"355","2025","Dec",2024-12-11,"Chinook Salmon","late-fall","BT-3","NJ","AC, BP, NJ","27",39.8,158,"5053",2024-12-05,"3:07",187,"1:51",111,"4:10",250,"","RT-11","2024-12-12 RT-11",NA,"BP","SB",""
"356","2025","Dec",2024-12-11,"Chinook Salmon","late-fall","BT-3","NJ","AC, BP, NJ","28",29.2,143,"4A98",2024-12-05,"3:12",192,"1:20",80,"1:59",119,"","RT-11","2024-12-12 RT-11",NA,"BP","SB",""
"357","2025","Dec",2024-12-11,"Chinook Salmon","late-fall","BT-3","NJ","AC, BP, NJ","29",41.1,160,"5095",2024-12-05,"3:25",205,"1:43",103,"2:45",165,"","RT-11","2024-12-12 RT-11",NA,"BP","SB",""
"358","2025","Dec",2024-12-11,"Chinook Salmon","late-fall","BT-3","NJ","AC, BP, NJ","30",35.3,153,"4D0B",2024-12-05,"3:05",185,"1:36",96,"4:00",240,"","RT-11","2024-12-12 RT-11",NA,"BP","SB",""
"359","2025","Dec",2024-12-11,"Chinook Salmon","late-fall","BT-3","NJ","AC, BP, NJ","31",22.7,131,"4AB1",2024-12-05,"3:21",201,"1:43",103,"2:10",130,"","RT-12","2024-12-12 RT-12",NA,"BP","SB",""
"360","2025","Dec",2024-12-11,"Chinook Salmon","late-fall","BT-3","NJ","AC, BP, NJ","32",38.5,128,"4AA0",2024-12-05,"2:49",169,"1:11",71,"3:30",210,"","RT-12","2024-12-12 RT-12",NA,"BP","SB",""
"361","2025","Dec",2024-12-11,"Chinook Salmon","late-fall","BT-3","NJ","AC, BP, NJ","33",25.4,132,"4B2E",2024-12-05,"3:15",195,"1:26",86,"3:38",218,"","RT-12","2024-12-12 RT-12",NA,"BP","SB",""
"362","2025","Dec",2024-12-11,"Chinook Salmon","late-fall","BT-3","NJ","AC, BP, NJ","34",58.6,169,"51AD",2024-12-05,"3:12",192,"1:14",74,"1:06",66,"","RT-12","2024-12-12 RT-12",NA,"BP","SB",""
"363","2025","Dec",2024-12-11,"Chinook Salmon","late-fall","BT-3","NJ","AC, BP, NJ","35",49.7,163,"4D5B",2024-12-05,"2:44",164,"1:36",96,"3:02",182,"","RT-12","2024-12-12 RT-12",NA,"BP","SB",""
"364","2025","Dec",2024-12-11,"Chinook Salmon","late-fall","BT-3","NJ","AC, BP, NJ","36",29.8,141,"4A4D",2024-12-05,"3:39",219,"1:27",87,"2:22",142,"","RT-12","2024-12-12 RT-12",NA,"BP","SB",""
"365","2025","Dec",2024-12-11,"Chinook Salmon","late-fall","BT-3","NJ","AC, BP, NJ","37",39.4,159,"5065",2024-12-05,"3:04",184,"1:14",74,"3:45",225,"","RT-12","2024-12-12 RT-12",NA,"BP","SB",""
"366","2025","Dec",2024-12-11,"Chinook Salmon","late-fall","BT-3","NJ","AC, BP, NJ","38",31.1,140,"4F2A",2024-12-05,"3:13",193,"1:26",86,"3:30",210,"","RT-12","2024-12-12 RT-12",NA,"BP","SB",""
"367","2025","Dec",2024-12-11,"Chinook Salmon","late-fall","BT-3","NJ","AC, BP, NJ","39",22.9,131,"4CB9",2024-12-05,"2:48",168,"1:20",80,"4:00",240,"","RT-12","2024-12-12 RT-12",NA,"BP","SB",""
"368","2025","Dec",2024-12-11,"Chinook Salmon","late-fall","BT-3","NJ","AC, BP, NJ","40",18.1,120,"522D",2024-12-05,"3:10",190,"1:24",84,"2:27",147,"","RT-12","2024-12-12 RT-12",NA,"BP","SB",""
"369","2025","Dec",2024-12-11,"Chinook Salmon","late-fall","BT-4","AC","AC, BP, NJ","41",34.9,144,"4D44",2024-12-05,"2:38",158,"1:36",96,"3:43",223,"","RT-13","2024-12-12 RT-13",NA,"BP","SB",""
"370","2025","Dec",2024-12-11,"Chinook Salmon","late-fall","BT-4","AC","AC, BP, NJ","42",28.7,139,"5242",2024-12-05,"2:37",157,"2:08",128,"1:18",78,"","RT-13","2024-12-12 RT-13",NA,"BP","SB",""
"371","2025","Dec",2024-12-11,"Chinook Salmon","late-fall","BT-4","AC","AC, BP, NJ","43",51.4,165,"514E",2024-12-05,"3:04",184,"1:25",85,"3:30",210,"","RT-13","2024-12-12 RT-13",NA,"BP","SB",""
"372","2025","Dec",2024-12-11,"Chinook Salmon","late-fall","BT-4","AC","AC, BP, NJ","44",20.8,129,"4F53",2024-12-05,"2:40",160,"1:53",113,"1:25",85,"","RT-13","2024-12-12 RT-13",NA,"BP","SB",""
"373","2025","Dec",2024-12-11,"Chinook Salmon","late-fall","BT-4","AC","AC, BP, NJ","45",24.9,133,"4AEF",2024-12-05,"2:59",179,"1:36",96,"2:36",156,"","RT-13","2024-12-12 RT-13",NA,"BP","SB",""
"374","2025","Dec",2024-12-11,"Chinook Salmon","late-fall","BT-4","AC","AC, BP, NJ","46",36.1,146,"4A7B",2024-12-05,"2:44",164,"1:20",80,"2:33",153,"","RT-13","2024-12-12 RT-13",NA,"BP","SB",""
"375","2025","Dec",2024-12-11,"Chinook Salmon","late-fall","BT-4","AC","AC, BP, NJ","47",44.1,154,"50CA",2024-12-05,"3:04",184,"1:30",90,"1:22",82,"","RT-13","2024-12-12 RT-13",NA,"BP","SB",""
"376","2025","Dec",2024-12-11,"Chinook Salmon","late-fall","BT-4","AC","AC, BP, NJ","48",32.3,148,"4C65",2024-12-05,"2:50",170,"1:37",97,"3:09",189,"","RT-13","2024-12-12 RT-13",NA,"BP","SB",""
"377","2025","Dec",2024-12-11,"Chinook Salmon","late-fall","BT-4","AC","AC, BP, NJ","49",30.3,143,"4A41",2024-12-05,"2:36",156,"1:20",80,"1:33",93,"","RT-13","2024-12-12 RT-13",NA,"BP","SB",""
"378","2025","Dec",2024-12-11,"Chinook Salmon","late-fall","BT-4","AC","AC, BP, NJ","50",51.7,168,"4E6A",2024-12-05,"3:05",185,"1:51",111,"1:35",95,"","RT-13","2024-12-12 RT-13",NA,"BP","SB",""
"379","2025","Dec",2024-12-11,"Chinook Salmon","late-fall","BT-4","AC","AC, BP, NJ","51",28.7,139,"49E5",2024-12-05,"2:40",160,"1:38",98,"3:00",180,"","RT-14","2024-12-12 RT-14",NA,"BP","SB",""
"380","2025","Dec",2024-12-11,"Chinook Salmon","late-fall","BT-4","AC","AC, BP, NJ","52",29.9,140,"5142",2024-12-05,"2:49",169,"1:31",91,"3:20",200,"","RT-14","2024-12-12 RT-14",NA,"BP","SB",""
"381","2025","Dec",2024-12-11,"Chinook Salmon","late-fall","BT-4","AC","AC, BP, NJ","53",55.5,166,"50BA",2024-12-05,"2:53",173,"1:41",101,"1:04",64,"","RT-14","2024-12-12 RT-14",NA,"BP","SB",""
"382","2025","Dec",2024-12-11,"Chinook Salmon","late-fall","BT-4","AC","AC, BP, NJ","54",23.3,132,"5229",2024-12-05,"3:00",180,"1:21",81,"3:00",180,"","RT-14","2024-12-12 RT-14",NA,"BP","SB",""
"383","2025","Dec",2024-12-11,"Chinook Salmon","late-fall","BT-4","AC","AC, BP, NJ","55",19.6,129,"50E4",2024-12-05,"3:00",180,"1:37",97,"1:22",82,"","RT-14","2024-12-12 RT-14",NA,"BP","SB",""
"384","2025","Dec",2024-12-11,"Chinook Salmon","late-fall","BT-4","AC","AC, BP, NJ","56",29.4,140,"4EE9",2024-12-05,"2:43",163,"1:22",82,"3:30",210,"","RT-14","2024-12-12 RT-14",NA,"BP","SB",""
"385","2025","Dec",2024-12-11,"Chinook Salmon","late-fall","BT-4","AC","AC, BP, NJ","57",46.1,163,"5236",2024-12-05,"2:48",168,"1:36",96,"1:19",79,"","RT-14","2024-12-12 RT-14",NA,"BP","SB",""
"386","2025","Dec",2024-12-11,"Chinook Salmon","late-fall","BT-4","AC","AC, BP, NJ","58",41.5,156,"4CA1",2024-12-05,"2:49",169,"1:37",97,"1:07",67,"","RT-14","2024-12-12 RT-14",NA,"BP","SB",""
"387","2025","Dec",2024-12-11,"Chinook Salmon","late-fall","BT-4","AC","AC, BP, NJ","59",21.6,128,"4A7A",2024-12-05,"3:33",213,"1:22",82,"2:00",120,"","RT-14","2024-12-12 RT-14",NA,"BP","SB",""
"388","2025","Dec",2024-12-11,"Chinook Salmon","late-fall","BT-4","AC","AC, BP, NJ","60",46.8,166,"50A6",2024-12-05,"2:57",177,"1:20",80,"2:00",120,"","RT-14","2024-12-12 RT-14",NA,"BP","SB","Release Container and Entered By fields missing."
"389","2025","Dec",2024-12-11,"Chinook Salmon","late-fall","BT-4","AC","AC, BP, NJ","61",35.6,150,"4F4A",2024-12-05,"3:13",193,"1:22",82,"1:51",111,"","RT-15","2024-12-12 RT-15",NA,"BP","SB",""
"390","2025","Dec",2024-12-11,"Chinook Salmon","late-fall","BT-4","AC","AC, BP, NJ","62",21.3,128,"4F55",2024-12-05,"3:06",186,"1:40",100,"1:36",96,"","RT-15","2024-12-12 RT-15",NA,"BP","SB",""
"391","2025","Dec",2024-12-11,"Chinook Salmon","late-fall","BT-4","AC","AC, BP, NJ","63",64.6,173,"49AB",2024-12-05,"3:19",199,"1:36",96,"3:30",210,"","RT-15","2024-12-12 RT-15",NA,"BP","SB",""
"392","2025","Dec",2024-12-11,"Chinook Salmon","late-fall","BT-4","AC","AC, BP, NJ","64",17,123,"5226",2024-12-05,"3:02",182,"1:36",96,"1:20",80,"","RT-15","2024-12-12 RT-15",NA,"BP","SB",""
"393","2025","Dec",2024-12-11,"Chinook Salmon","late-fall","BT-4","AC","AC, BP, NJ","65",28,140,"4EAF",2024-12-05,"3:02",182,"1:28",88,"1:00",60,"","RT-15","2024-12-12 RT-15",NA,"BP","SB",""
"394","2025","Dec",2024-12-11,"Chinook Salmon","late-fall","BT-4","AC","AC, BP, NJ","66",29.9,145,"5125",2024-12-05,"3:12",192,"1:23",83,"1:13",73,"","RT-15","2024-12-12 RT-15",NA,"BP","SB",""
"395","2025","Dec",2024-12-11,"Chinook Salmon","late-fall","BT-4","AC","AC, BP, NJ","67",37.3,147,"50D6",2024-12-05,"3:10",190,"1:38",98,"1:16",76,"","RT-15","2024-12-12 RT-15",NA,"BP","SB",""
"396","2025","Dec",2024-12-11,"Chinook Salmon","late-fall","BT-4","AC","AC, BP, NJ","68",42.1,161,"5092",2024-12-05,"3:34",214,"1:31",91,"3:30",210,"","RT-15","2024-12-12 RT-15",NA,"BP","SB",""
"397","2025","Dec",2024-12-11,"Chinook Salmon","late-fall","BT-4","AC","AC, BP, NJ","69",27.9,141,"4D79",2024-12-05,"3:10",190,"1:42",102,"3:21",201,"","RT-15","2024-12-12 RT-15",NA,"BP","SB",""
"398","2025","Dec",2024-12-11,"Chinook Salmon","late-fall","BT-4","AC","AC, BP, NJ","70",24.9,128,"5055",2024-12-05,"3:09",189,"1:28",88,"3:06",186,"","RT-15","2024-12-12 RT-15",NA,"BP","SB",""
"399","2025","Dec",2024-12-11,"Chinook Salmon","late-fall","BT-4","AC","AC, BP, NJ","71",31.3,145,"5225",2024-12-05,"3:41",221,"1:48",108,"1:29",89,"","RT-16","2024-12-12 RT-16",NA,"BP","SB",""
"400","2025","Dec",2024-12-11,"Chinook Salmon","late-fall","BT-4","AC","AC, BP, NJ","72",49.2,164,"5250",2024-12-05,"3:52",232,"1:53",113,"1:51",111,"","RT-16","2024-12-12 RT-16",NA,"BP","SB",""
"401","2025","Dec",2024-12-11,"Chinook Salmon","late-fall","BT-4","AC","AC, BP, NJ","73",33.1,143,"4D42",2024-12-05,"2:56",176,"1:49",109,"3:01",181,"","RT-16","2024-12-12 RT-16",NA,"BP","SB",""
"402","2025","Dec",2024-12-11,"Chinook Salmon","late-fall","BT-4","AC","AC, BP, NJ","74",30.9,144,"4D93",2024-12-05,"2:43",163,"1:24",84,"1:26",86,"","RT-16","2024-12-12 RT-16",NA,"BP","SB",""
"403","2025","Dec",2024-12-11,"Chinook Salmon","late-fall","BT-4","AC","AC, BP, NJ","75",41.4,159,"522F",2024-12-05,"2:32",152,"1:56",116,"1:35",95,"","RT-16","2024-12-12 RT-16",NA,"BP","SB","Corrected FL from 156 to 159."
"404","2025","Dec",2024-12-11,"Chinook Salmon","late-fall","BT-4","AC","AC, BP, NJ","76",32.5,150,"523D",2024-12-05,"3:12",192,"1:50",110,"2:44",164,"","RT-16","2024-12-12 RT-16",NA,"BP","SB",""
"405","2025","Dec",2024-12-11,"Chinook Salmon","late-fall","BT-4","AC","AC, BP, NJ","77",34,140,"4A35",2024-12-05,"3:16",196,"1:26",86,"3:00",180,"","RT-16","2024-12-12 RT-16",NA,"BP","SB",""
"406","2025","Dec",2024-12-11,"Chinook Salmon","late-fall","BT-4","AC","AC, BP, NJ","78",46,164,"5091",2024-12-05,"3:17",197,"1:41",101,"1:10",70,"","RT-16","2024-12-12 RT-16",NA,"BP","SB",""
"407","2025","Dec",2024-12-11,"Chinook Salmon","late-fall","BT-4","AC","AC, BP, NJ","79",42.2,159,"506B",2024-12-05,"3:10",190,"1:31",91,"4:11",251,"","RT-16","2024-12-12 RT-16",NA,"BP","SB",""
"408","2025","Dec",2024-12-11,"Chinook Salmon","late-fall","BT-4","AC","AC, BP, NJ","80",36.3,151,"5224",2024-12-05,"3:05",185,"1:56",116,"1:56",116,"","RT-16","2024-12-12 RT-16",NA,"BP","SB","Corrected FL from 152 to 151."
"409","2025","Dec",2024-12-11,"Chinook Salmon","late-fall","BT-3","NJ","AC, BP, NJ","D1",26.2,140,"989B",2024-12-05,"2:15",135,"1:18",78,"1:12",72,"Dummy tag",NA,NA,"B","BP","SB",""
"410","2025","Dec",2024-12-11,"Chinook Salmon","late-fall","BT-3","NJ","AC, BP, NJ","D2",24.5,134,"2724",2024-12-05,"2:56",176,"2:07",127,"1:41",101,"Dummy tag",NA,NA,"B","BP","SB",""
"411","2025","Dec",2024-12-11,"Chinook Salmon","late-fall","BT-3","NJ","AC, BP, NJ","D3",25,137,"9484",2024-12-05,"3:23",203,"1:35",95,"1:06",66,"Dummy tag",NA,NA,"B","BP","SB",""
"412","2025","Dec",2024-12-11,"Chinook Salmon","late-fall","BT-3","NJ","AC, BP, NJ","D4",32.5,140,"2568",2024-12-05,"3:11",191,"2:02",122,"1:06",66,"Dummy tag",NA,NA,"B","BP","SB",""
"413","2025","Dec",2024-12-11,"Chinook Salmon","late-fall","BT-4","AC","AC, BP, NJ","D5",29.3,141,"1D84",2024-12-05,"3:14",194,"1:49",109,"3:36",216,"Dummy tag",NA,NA,"B","BP","SB",""
"414","2025","Dec",2024-12-11,"Chinook Salmon","late-fall","BT-4","AC","AC, BP, NJ","D6",37.1,152,"2864",2024-12-05,"3:10",190,"1:31",91,"1:29",89,"Dummy Tag",NA,NA,"B","BP","SB",""
"415","2025","Dec",2024-12-11,"Chinook Salmon","late-fall","BT-4","AC","AC, BP, NJ","D7",17.4,125,"2A02",2024-12-05,"3:38",218,"1:59",119,"1:21",81,"Dummy tag",NA,NA,"B","BP","SB",""
"416","2025","Dec",2024-12-11,"Chinook Salmon","late-fall","BT-4","AC","AC, BP, NJ","D8",22,129,"A0C9",2024-12-05,"3:17",197,"1:45",105,"1:49",109,"Dummy tag",NA,NA,"B","BP","SB",""
"417","2025","Dec",2024-12-12,"Chinook Salmon","late-fall","BT-1","NJ","AC,MU,CC","1",41.9,149,"5139",2024-12-05,"3:20",200,"1:27",87,"1:00",60,"","RT-17","2024-12-13 RT-17",NA,"AJT","PH",""
"418","2025","Dec",2024-12-12,"Chinook Salmon","late-fall","BT-1","NJ","AC,MU,CC","2",39.3,156,"4D4F",2024-12-05,"3:09",189,"1:34",94,"3:00",180,"","RT-17","2024-12-13 RT-17",NA,"AJT","PH","corrected surgery time from 3:00 to 1:34"
"419","2025","Dec",2024-12-12,"Chinook Salmon","late-fall","BT-1","NJ","AC,MU,CC","3",45.7,167,"50B9",2024-12-05,"2:43",163,"1:26",86,"3:30",210,"","RT-17","2024-12-13 RT-17",NA,"AJT","PH","corrected surgery time from 3:30 to 1:26"
"420","2025","Dec",2024-12-12,"Chinook Salmon","late-fall","BT-1","NJ","AC,MU,CC","4",71.8,188,"4D8A",2024-12-05,"3:02",182,"1:34",94,"1:17",77,"","RT-17","2024-12-13 RT-17",NA,"AJT","PH","tag code corrected from 4D8Q"
"421","2025","Dec",2024-12-12,"Chinook Salmon","late-fall","BT-1","NJ","AC,MU,CC","5",42.9,160,"4F65",2024-12-05,"2:37",157,"1:44",104,"3:00",180,"","RT-17","2024-12-13 RT-17",NA,"AJT","PH","corrected surgery time from 3:00 to 1:44"
"422","2025","Dec",2024-12-12,"Chinook Salmon","late-fall","BT-1","NJ","AC,MU,CC","6",38.6,150,"513A",2024-12-05,"2:58",178,"1:29",89,"3:00",180,"","RT-17","2024-12-13 RT-17",NA,"AJT","PH","corrected surgery time from 3:00 to 1:29"
"423","2025","Dec",2024-12-12,"Chinook Salmon","late-fall","BT-1","NJ","AC,MU,CC","7",33.5,150,"50DA",2024-12-05,"2:20",140,"1:24",84,"2:36",156,"","RT-17","2024-12-13 RT-17",NA,"AJT","PH","corrected surgery time from 2:36 to 1:24"
"424","2025","Dec",2024-12-12,"Chinook Salmon","late-fall","BT-1","NJ","AC,MU,CC","8",46,164,"4E8D",2024-12-05,"2:25",145,"1:39",99,"3:20",200,"","RT-17","2024-12-13 RT-17",NA,"AJT","PH","corrected surgery time from 3:20 to 1:39"
"425","2025","Dec",2024-12-12,"Chinook Salmon","late-fall","BT-1","NJ","AC,MU,CC","9",29.1,143,"50E8",2024-12-05,"2:33",153,"1:15",75,"3:46",226,"","RT-17","2024-12-13 RT-17",NA,"AJT","PH","corrected surgery time from 3:46 to 1:15"
"426","2025","Dec",2024-12-12,"Chinook Salmon","late-fall","BT-1","NJ","AC,MU,CC","10",37.3,150,"5105",2024-12-05,"3:17",197,"1:22",82,"2:20",140,"","RT-17","2024-12-13 RT-17",NA,"AJT","PH","corrected surgery time from 2:20 to 1:22"
"427","2025","Dec",2024-12-12,"Chinook Salmon","late-fall","BT-1","NJ","AC,MU,CC","11",26.6,134,"49EA",2024-12-05,"2:51",171,"1:24",84,"4:34",274,"","RT-18","2024-12-13 RT-18",NA,"AJT","PH",""
"428","2025","Dec",2024-12-12,"Chinook Salmon","late-fall","BT-1","NJ","AC,MU,CC","12",53.9,164,"4D35",2024-12-05,"3:48",228,"1:25",85,"3:10",190,"","RT-18","2024-12-13 RT-18",NA,"AJT","PH",""
"429","2025","Dec",2024-12-12,"Chinook Salmon","late-fall","BT-1","NJ","AC,MU,CC","13",35.6,153,"5144",2024-12-05,"2:46",166,"1:21",81,"3:19",199,"","RT-18","2024-12-13 RT-18",NA,"AJT","PH",""
"430","2025","Dec",2024-12-12,"Chinook Salmon","late-fall","BT-1","NJ","AC,MU,CC","14",38.7,160,"5069",2024-12-05,"2:27",147,"1:27",87,"4:10",250,"","RT-18","2024-12-13 RT-18",NA,"AJT","PH",""
"431","2025","Dec",2024-12-12,"Chinook Salmon","late-fall","BT-1","NJ","AC,MU,CC","15",39.7,154,"50ED",2024-12-05,"3:10",190,"1:33",93,"3:05",185,"","RT-18","2024-12-13 RT-18",NA,"AJT","PH",""
"432","2025","Dec",2024-12-12,"Chinook Salmon","late-fall","BT-1","NJ","AC,MU,CC","16",37.4,157,"4C69",2024-12-05,"2:55",175,"1:14",74,"3:00",180,"","RT-18","2024-12-13 RT-18",NA,"AJT","PH",""
"433","2025","Dec",2024-12-12,"Chinook Salmon","late-fall","BT-1","NJ","AC,MU,CC","17",30.2,144,"4A67",2024-12-05,"2:21",141,"1:35",95,"3:40",220,"","RT-18","2024-12-13 RT-18",NA,"AJT","PH",""
"434","2025","Dec",2024-12-12,"Chinook Salmon","late-fall","BT-1","NJ","AC,MU,CC","18",23.8,141,"49AD",2024-12-05,"2:55",175,"1:20",80,"2:40",160,"","RT-18","2024-12-13 RT-18",NA,"AJT","PH",""
"435","2025","Dec",2024-12-12,"Chinook Salmon","late-fall","BT-1","NJ","AC,MU,CC","19",32.6,140,"4D15",2024-12-05,"2:18",138,"1:24",84,"1:34",94,"","RT-18","2024-12-13 RT-18",NA,"AJT","PH",""
"436","2025","Dec",2024-12-12,"Chinook Salmon","late-fall","BT-1","NJ","AC,MU,CC","20",30.3,149,"4A51",2024-12-05,"3:10",190,"1:19",79,"1:34",94,"","RT-18","2024-12-13 RT-18",NA,"AJT","PH","corrected anesthesia time from 2:51 to 3:10"
"437","2025","Dec",2024-12-12,"Chinook Salmon","late-fall","BT-1","NJ","AC,MU,CC","21",49.3,164,"4B8A",2024-12-05,"3:11",191,"1:52",112,"1:00",60,"","RT-19","2024-12-13 RT-19",NA,"AJT","PH",""
"438","2025","Dec",2024-12-12,"Chinook Salmon","late-fall","BT-1","NJ","AC,MU,CC","22",34.9,150,"49C9",2024-12-05,"2:42",162,"1:42",102,"2:08",128,"","RT-19","2024-12-13 RT-19",NA,"AJT","PH",""
"439","2025","Dec",2024-12-12,"Chinook Salmon","late-fall","BT-1","NJ","AC,MU,CC","23",29,141,"4F51",2024-12-05,"3:10",190,"1:43",103,"2:15",135,"","RT-19","2024-12-13 RT-19",NA,"AJT","PH",""
"440","2025","Dec",2024-12-12,"Chinook Salmon","late-fall","BT-1","NJ","AC,MU,CC","24",27.6,140,"5096",2024-12-05,"3:00",180,"1:14",74,"1:40",100,"","RT-19","2024-12-13 RT-19",NA,"AJT","PH",""
"441","2025","Dec",2024-12-12,"Chinook Salmon","late-fall","BT-1","NJ","AC,MU,CC","25",37.6,151,"49B2",2024-12-05,"3:11",191,"2:18",138,"2:00",120,"","RT-19","2024-12-13 RT-19",NA,"AJT","PH",""
"442","2025","Dec",2024-12-12,"Chinook Salmon","late-fall","BT-1","NJ","AC,MU,CC","26",36.4,152,"4DDB",2024-12-05,"3:33",213,"1:18",78,"2:00",120,"","RT-19","2024-12-13 RT-19",NA,"AJT","PH",""
"443","2025","Dec",2024-12-12,"Chinook Salmon","late-fall","BT-1","NJ","AC,MU,CC","27",44,162,"4AA3",2024-12-05,"3:15",195,"1:10",70,"2:00",120,"","RT-19","2024-12-13 RT-19",NA,"AJT","PH",""
"444","2025","Dec",2024-12-12,"Chinook Salmon","late-fall","BT-1","NJ","AC,MU,CC","28",29.4,144,"4A29",2024-12-05,"2:57",177,"1:17",77,"3:00",180,"","RT-19","2024-12-13 RT-19",NA,"AJT","PH",""
"445","2025","Dec",2024-12-12,"Chinook Salmon","late-fall","BT-1","NJ","AC,MU,CC","29",13.8,110,"4DA9",2024-12-05,"2:38",158,"1:42",102,"3:05",185,"","RT-19","2024-12-13 RT-19",NA,"AJT","PH",""
"446","2025","Dec",2024-12-12,"Chinook Salmon","late-fall","BT-1","NJ","AC,MU,CC","30",22.4,134,"4EEB",2024-12-05,"2:52",172,"1:02",62,"3:38",218,"","RT-19","2024-12-13 RT-19",NA,"AJT","PH",""
"447","2025","Dec",2024-12-12,"Chinook Salmon","late-fall","BT-1","NJ","AC,MU,CC","31",20.6,130,"5167",2024-12-05,"2:50",170,"1:16",76,"1:40",100,"","RT-20","2024-12-13 RT-20",NA,"AJT","PH",""
"448","2025","Dec",2024-12-12,"Chinook Salmon","late-fall","BT-1","NJ","AC,MU,CC","32",39.4,156,"4EED",2024-12-05,"3:20",200,"1:26",86,"2:14",134,"","RT-20","2024-12-13 RT-20",NA,"AJT","PH",""
"449","2025","Dec",2024-12-12,"Chinook Salmon","late-fall","BT-1","NJ","AC,MU,CC","33",33.9,150,"524D",2024-12-05,"2:37",157,"1:17",77,"3:44",224,"","RT-20","2024-12-13 RT-20",NA,"AJT","PH",""
"450","2025","Dec",2024-12-12,"Chinook Salmon","late-fall","BT-1","NJ","AC,MU,CC","34",34.5,144,"523A",2024-12-05,"2:25",145,"1:43",103,"3:14",194,"","RT-20","2024-12-13 RT-20",NA,"AJT","PH",""
"451","2025","Dec",2024-12-12,"Chinook Salmon","late-fall","BT-1","NJ","AC,MU,CC","35",38.4,155,"50AB",2024-12-05,"3:33",213,"1:21",81,"1:18",78,"","RT-20","2024-12-13 RT-20",NA,"AJT","PH",""
"452","2025","Dec",2024-12-12,"Chinook Salmon","late-fall","BT-1","NJ","AC,MU,CC","36",36.4,152,"502B",2024-12-05,"3:10",190,"1:16",76,"1:50",110,"","RT-20","2024-12-13 RT-20",NA,"AJT","PH",""
"453","2025","Dec",2024-12-12,"Chinook Salmon","late-fall","BT-1","NJ","AC,MU,CC","37",37.4,156,"5059",2024-12-05,"3:08",188,"1:27",87,"3:40",220,"","RT-20","2024-12-13 RT-20",NA,"AJT","PH",""
"454","2025","Dec",2024-12-12,"Chinook Salmon","late-fall","BT-1","NJ","AC,MU,CC","38",24.8,137,"5115",2024-12-05,"2:30",150,"1:30",90,"2:29",149,"","RT-20","2024-12-13 RT-20",NA,"AJT","PH",""
"455","2025","Dec",2024-12-12,"Chinook Salmon","late-fall","BT-1","NJ","AC,MU,CC","39",44.4,152,"50AD",2024-12-05,"3:50",230,"1:31",91,"3:40",220,"","RT-20","2024-12-13 RT-20",NA,"AJT","PH",""
"456","2025","Dec",2024-12-12,"Chinook Salmon","late-fall","BT-1","NJ","AC,MU,CC","40",33.5,142,"50D9",2024-12-05,"2:57",177,"1:20",80,"2:42",162,"","RT-20","2024-12-13 RT-20",NA,"AJT","PH",""
"457","2025","Dec",2024-12-12,"Chinook Salmon","late-fall","BT-2","AC","MU, NJ","41",40.5,148,"4B21",2024-12-05,"3:12",192,"2:05",125,"1:07",67,"","RT-21","2024-12-13 RT-21",NA,"PH","AJT",""
"458","2025","Dec",2024-12-12,"Chinook Salmon","late-fall","BT-2","AC","MU, NJ","42",44.7,163,"4D21",2024-12-05,"3:06",186,"1:47",107,"1:09",69,"","RT-21","2024-12-13 RT-21",NA,"PH","AJT",""
"459","2025","Dec",2024-12-12,"Chinook Salmon","late-fall","BT-2","AC","MU, NJ","43",25.2,138,"4D73",2024-12-05,"2:54",174,"1:50",110,"1:22",82,"","RT-21","2024-12-13 RT-21",NA,"PH","AJT",""
"460","2025","Dec",2024-12-12,"Chinook Salmon","late-fall","BT-2","AC","MU, NJ","44",40.3,155,"4DAF",2024-12-05,"2:33",153,"1:21",81,"2:44",164,"","RT-21","2024-12-13 RT-21",NA,"PH","AJT",""
"461","2025","Dec",2024-12-12,"Chinook Salmon","late-fall","BT-2","AC","MU, NJ","45",46.5,160,"522C",2024-12-05,"2:30",150,"1:32",92,"2:38",158,"","RT-21","2024-12-13 RT-21",NA,"PH","AJT",""
"462","2025","Dec",2024-12-12,"Chinook Salmon","late-fall","BT-2","AC","MU, NJ","46",29.7,143,"5056",2024-12-05,"2:43",163,"1:35",95,"2:33",153,"","RT-21","2024-12-13 RT-21",NA,"PH","AJT",""
"463","2025","Dec",2024-12-12,"Chinook Salmon","late-fall","BT-2","AC","MU, NJ","47",50.1,167,"4ABB",2024-12-05,"2:55",175,"1:55",115,"3:05",185,"Tag code is 4ABB, wt is approximate since scale was bouncing around ","RT-21","2024-12-13 RT-21",NA,"PH","AJT",""
"464","2025","Dec",2024-12-12,"Chinook Salmon","late-fall","BT-2","AC","MU, NJ","48",21.8,127,"5137",2024-12-05,"3:43",223,"1:30",90,"1:27",87,"","RT-21","2024-12-13 RT-21",NA,"PH","AJT",""
"465","2025","Dec",2024-12-12,"Chinook Salmon","late-fall","BT-2","AC","MU, NJ","49",26.7,138,"4A99",2024-12-05,"2:30",150,"1:34",94,"1:19",79,"","RT-21","2024-12-13 RT-21",NA,"PH","AJT",""
"466","2025","Dec",2024-12-12,"Chinook Salmon","late-fall","BT-2","AC","MU, NJ","50",34.7,152,"4DA7",2024-12-05,"3:31",211,"1:35",95,"2:20",140,"","RT-21","2024-12-13 RT-21",NA,"PH","AJT",""
"467","2025","Dec",2024-12-12,"Chinook Salmon","late-fall","BT-2","AC","MU, NJ","51",46.7,161,"5135",2024-12-05,"2:23",143,"2:06",126,"3:30",210,"","RT-22","2024-12-13 RT-22",NA,"PH","AJT",""
"468","2025","Dec",2024-12-12,"Chinook Salmon","late-fall","BT-2","AC","MU, NJ","52",37.2,151,"50E5",2024-12-05,"2:39",159,"1:25",85,"3:19",199,"","RT-22","2024-12-13 RT-22",NA,"PH","AJT",""
"469","2025","Dec",2024-12-12,"Chinook Salmon","late-fall","BT-2","AC","MU, NJ","53",29.1,145,"4DB4",2024-12-05,"3:05",185,"1:47",107,"1:00",60,"","RT-22","2024-12-13 RT-22",NA,"PH","AJT",""
"470","2025","Dec",2024-12-12,"Chinook Salmon","late-fall","BT-2","AC","MU, NJ","54",24.4,135,"4DAB",2024-12-05,"3:02",182,"1:40",100,"1:09",69,"","RT-22","2024-12-13 RT-22",NA,"PH","AJT",""
"471","2025","Dec",2024-12-12,"Chinook Salmon","late-fall","BT-2","AC","MU, NJ","55",37.5,148,"4ED5",2024-12-05,"2:38",158,"1:51",111,"1:00",60,"","RT-22","2024-12-13 RT-22",NA,"PH","AJT",""
"472","2025","Dec",2024-12-12,"Chinook Salmon","late-fall","BT-2","AC","MU, NJ","56",50.1,168,"4DCB",2024-12-05,"2:49",169,"1:25",85,"3:00",180,"","RT-22","2024-12-13 RT-22",NA,"PH","AJT",""
"473","2025","Dec",2024-12-12,"Chinook Salmon","late-fall","BT-2","AC","MU, NJ","57",58,170,"4D3A",2024-12-05,"3:41",221,"1:50",110,"1:03",63,"","RT-22","2024-12-13 RT-22",NA,"PH","AJT",""
"474","2025","Dec",2024-12-12,"Chinook Salmon","late-fall","BT-2","AC","MU, NJ","58",32.1,149,"4D27",2024-12-05,"2:35",155,"1:52",112,"3:30",210,"","RT-22","2024-12-13 RT-22",NA,"PH","AJT",""
"475","2025","Dec",2024-12-12,"Chinook Salmon","late-fall","BT-2","AC","MU, NJ","59",37.7,156,"5251",2024-12-05,"3:00",180,"1:33",93,"3:20",200,"","RT-22","2024-12-13 RT-22",NA,"PH","AJT",""
"476","2025","Dec",2024-12-12,"Chinook Salmon","late-fall","BT-2","AC","MU, NJ","60",34.1,150,"4D2C",2024-12-05,"2:44",164,"1:28",88,"1:16",76,"","RT-22","2024-12-13 RT-22",NA,"PH","AJT",""
"477","2025","Dec",2024-12-12,"Chinook Salmon","late-fall","BT-2","AC","MU, NJ","61",16.3,120,"4F25",2024-12-05,"2:37",157,"1:26",86,"1:18",78,"","RT-23","2024-12-13 RT-23",NA,"PH","AJT",""
"478","2025","Dec",2024-12-12,"Chinook Salmon","late-fall","BT-2","AC","MU, NJ","62",30.5,142,"4EE4",2024-12-05,"2:32",152,"2:08",128,"1:51",111,"","RT-23","2024-12-13 RT-23",NA,"PH","AJT",""
"479","2025","Dec",2024-12-12,"Chinook Salmon","late-fall","BT-2","AC","MU, NJ","63",34.6,149,"4F6B",2024-12-05,"2:47",167,"1:39",99,"1:00",60,"","RT-23","2024-12-13 RT-23",NA,"PH","AJT",""
"480","2025","Dec",2024-12-12,"Chinook Salmon","late-fall","BT-2","AC","MU, NJ","64",35.3,150,"4E89",2024-12-05,"2:58",178,"1:51",111,"2:00",120,"","RT-23","2024-12-13 RT-23",NA,"PH","AJT",""
"481","2025","Dec",2024-12-12,"Chinook Salmon","late-fall","BT-2","AC","MU, NJ","65",32.1,149,"4CB5",2024-12-05,"2:24",144,"1:28",88,"3:00",180,"","RT-23","2024-12-13 RT-23",NA,"PH","AJT",""
"482","2025","Dec",2024-12-12,"Chinook Salmon","late-fall","BT-2","AC","MU, NJ","66",49.1,161,"4A83",2024-12-05,"2:24",144,"2:08",128,"1:25",85,"","RT-23","2024-12-13 RT-23",NA,"PH","AJT",""
"483","2025","Dec",2024-12-12,"Chinook Salmon","late-fall","BT-2","AC","MU, NJ","67",42.1,158,"4A90",2024-12-05,"3:14",194,"2:37",157,"2:41",161,"","RT-23","2024-12-13 RT-23",NA,"PH","AJT",""
"484","2025","Dec",2024-12-12,"Chinook Salmon","late-fall","BT-2","AC","MU, NJ","68",48.9,168,"50EA",2024-12-05,"2:59",179,"1:23",83,"1:23",83,"","RT-23","2024-12-13 RT-23",NA,"PH","AJT",""
"485","2025","Dec",2024-12-12,"Chinook Salmon","late-fall","BT-2","AC","MU, NJ","69",28.9,141,"5075",2024-12-05,"3:10",190,"1:26",86,"3:23",203,"","RT-23","2024-12-13 RT-23",NA,"PH","AJT",""
"486","2025","Dec",2024-12-12,"Chinook Salmon","late-fall","BT-2","AC","MU, NJ","70",34.9,143,"5247",2024-12-05,"2:25",145,"1:25",85,"1:27",87,"","RT-23","2024-12-13 RT-23",NA,"PH","AJT",""
"487","2025","Dec",2024-12-12,"Chinook Salmon","late-fall","BT-2","AC","MU, NJ","71",72.5,182,"5089",2024-12-05,"3:12",192,"1:39",99,"3:25",205,"","RT-24","2024-12-13 RT-24",NA,"PH","AJT",""
"488","2025","Dec",2024-12-12,"Chinook Salmon","late-fall","BT-2","AC","MU, NJ","72",28.9,137,"5244",2024-12-05,"2:37",157,"2:20",140,"4:00",240,"","RT-24","2024-12-13 RT-24",NA,"PH","AJT",""
"489","2025","Dec",2024-12-12,"Chinook Salmon","late-fall","BT-2","AC","MU, NJ","73",51.3,165,"4D25",2024-12-05,"2:40",160,"1:33",93,"3:26",206,"","RT-24","2024-12-13 RT-24",NA,"PH","AJT",""
"490","2025","Dec",2024-12-12,"Chinook Salmon","late-fall","BT-2","AC","MU, NJ","74",55.4,170,"49C5",2024-12-05,"3:14",194,"1:20",80,"1:20",80,"","RT-24","2024-12-13 RT-24",NA,"PH","AJT",""
"491","2025","Dec",2024-12-12,"Chinook Salmon","late-fall","BT-2","AC","MU, NJ","75",32.3,150,"4F5A",2024-12-05,"2:41",161,"1:51",111,"2:00",120,"","RT-24","2024-12-13 RT-24",NA,"PH","AJT",""
"492","2025","Dec",2024-12-12,"Chinook Salmon","late-fall","BT-2","AC","MU, NJ","76",24.4,138,"506A",2024-12-05,"2:35",155,"1:29",89,"2:30",150,"","RT-24","2024-12-13 RT-24",NA,"PH","AJT",""
"493","2025","Dec",2024-12-12,"Chinook Salmon","late-fall","BT-2","AC","MU, NJ","77",32.1,146,"50D4",2024-12-05,"2:48",168,"2:08",128,"1:40",100,"","RT-24","2024-12-13 RT-24",NA,"PH","AJT",""
"494","2025","Dec",2024-12-12,"Chinook Salmon","late-fall","BT-2","AC","MU, NJ","78",47.3,163,"4CED",2024-12-05,"3:11",191,"1:31",91,"2:30",150,"","RT-24","2024-12-13 RT-24",NA,"PH","AJT",""
"495","2025","Dec",2024-12-12,"Chinook Salmon","late-fall","BT-2","AC","MU, NJ","79",31.4,143,"4DAD",2024-12-05,"2:46",166,"1:29",89,"4:00",240,"","RT-24","2024-12-13 RT-24",NA,"PH","AJT",""
"496","2025","Dec",2024-12-12,"Chinook Salmon","late-fall","","",NA,"80",NA,NA,NA,NA,NA,NA,NA,NA,NA,NA,"No tag number 80 due to tag failures",NA,NA,NA,"PH","AJT",""
"497","2025","Jan",2025-01-07,"Chinook Salmon","late-fall","BT-1","NJ","AC, NJ","1",27.1,140,"5B39",2025-01-03,"3:12",192,"1:26",86,"1:26",86,"","RT-1","2025-01-08 RT-1",NA,"BP","SB",""
"498","2025","Jan",2025-01-07,"Chinook Salmon","late-fall","BT-1","NJ","AC, NJ","2",32.1,136,"5EEB",2025-01-03,"3:18",198,"1:18",78,"3:11",191,"","RT-1","2025-01-08 RT-1",NA,"BP","SB",""
"499","2025","Jan",2025-01-07,"Chinook Salmon","late-fall","BT-1","NJ","AC, NJ","3",27.7,141,"5BCD",2025-01-03,"3:23",203,"1:45",105,"2:15",135,"Skinny fish","RT-1","2025-01-08 RT-1",NA,"BP","SB",""
"500","2025","Jan",2025-01-07,"Chinook Salmon","late-fall","BT-1","NJ","AC, NJ","4",43.4,160,"5259",2025-01-03,"3:54",234,"1:32",92,"2:40",160,"","RT-1","2025-01-08 RT-1",NA,"BP","SB",""
"501","2025","Jan",2025-01-07,"Chinook Salmon","late-fall","BT-1","NJ","AC, NJ","5",57,169,"54CF",2025-01-03,"3:52",232,"1:32",92,"3:04",184,"","RT-1","2025-01-08 RT-1",NA,"BP","SB",""
"502","2025","Jan",2025-01-07,"Chinook Salmon","late-fall","BT-1","NJ","AC, NJ","6",23.3,133,"5685",2025-01-03,"3:31",211,"1:28",88,"2:05",125,"","RT-1","2025-01-08 RT-1",NA,"BP","SB",""
"503","2025","Jan",2025-01-07,"Chinook Salmon","late-fall","BT-1","NJ","AC, NJ","7",59.1,180,"5479",2025-01-03,"3:02",182,"1:29",89,"1:25",85,"","RT-1","2025-01-08 RT-1",NA,"BP","SB",""
"504","2025","Jan",2025-01-07,"Chinook Salmon","late-fall","BT-1","NJ","AC, NJ","8",43.1,166,"5DAE",2025-01-03,"3:34",214,"1:15",75,"2:33",153,"","RT-1","2025-01-08 RT-1",NA,"BP","SB",""
"505","2025","Jan",2025-01-07,"Chinook Salmon","late-fall","BT-1","NJ","AC, NJ","9",41.1,159,"5D96",2025-01-03,"3:21",201,"1:24",84,"3:52",232,"","RT-1","2025-01-08 RT-1",NA,"BP","SB",""
"506","2025","Jan",2025-01-07,"Chinook Salmon","late-fall","BT-1","NJ","AC, NJ","10",41.1,163,"57B3",2025-01-03,"4:01",241,"1:34",94,"2:35",155,"","RT-1","2025-01-08 RT-1",NA,"BP","SB",""
"507","2025","Jan",2025-01-07,"Chinook Salmon","late-fall","BT-1","NJ","AC, NJ","11",42.1,159,"52C7",2025-01-03,"4:04",244,"1:39",99,"3:10",190,"","RT-2","2025-01-08 RT-2",NA,"BP","SB",""
"508","2025","Jan",2025-01-07,"Chinook Salmon","late-fall","BT-1","NJ","AC, NJ","12",37.5,151,"6249",2025-01-03,"3:40",220,"1:18",78,"2:18",138,"","RT-2","2025-01-08 RT-2",NA,"BP","SB",""
"509","2025","Jan",2025-01-07,"Chinook Salmon","late-fall","BT-1","NJ","AC, NJ","13",15.4,121,"5CD5",2025-01-03,"4:09",249,"1:42",102,"2:00",120,"Skinny fish","RT-2","2025-01-08 RT-2",NA,"BP","SB",""
"510","2025","Jan",2025-01-07,"Chinook Salmon","late-fall","BT-1","NJ","AC, NJ","14",37.9,153,"5445",2025-01-03,"3:12",192,"1:35",95,"1:18",78,"","RT-2","2025-01-08 RT-2",NA,"BP","SB",""
"511","2025","Jan",2025-01-07,"Chinook Salmon","late-fall","BT-1","NJ","AC, NJ","15",19.1,129,"590D",2025-01-03,"3:08",188,"1:31",91,"1:36",96,"","RT-2","2025-01-08 RT-2",NA,"BP","SB",""
"512","2025","Jan",2025-01-07,"Chinook Salmon","late-fall","BT-1","NJ","AC, NJ","16",29.7,148,"6215",2025-01-03,"3:36",216,"1:16",76,"1:07",67,"","RT-2","2025-01-08 RT-2",NA,"BP","SB",""
"513","2025","Jan",2025-01-07,"Chinook Salmon","late-fall","BT-1","NJ","AC, NJ","17",13.2,116,"5AEE",2025-01-03,"3:14",194,"1:37",97,"4:00",240,"","RT-2","2025-01-08 RT-2",NA,"BP","SB",""
"514","2025","Jan",2025-01-07,"Chinook Salmon","late-fall","BT-1","NJ","AC, NJ","18",55.6,171,"56EF",2025-01-03,"3:34",214,"1:39",99,"3:50",230,"","RT-2","2025-01-08 RT-2",NA,"BP","SB",""
"515","2025","Jan",2025-01-07,"Chinook Salmon","late-fall","BT-1","NJ","AC, NJ","19",59.8,173,"5968",2025-01-03,"3:28",208,"1:35",95,"2:28",148,"","RT-2","2025-01-08 RT-2",NA,"BP","SB",""
"516","2025","Jan",2025-01-07,"Chinook Salmon","late-fall","BT-1","NJ","AC, NJ","20",19.6,128,"52A9",2025-01-03,"2:54",174,"1:34",94,"1:15",75,"Skinny Fish","RT-2","2025-01-08 RT-2",NA,"BP","SB",""
"517","2025","Jan",2025-01-07,"Chinook Salmon","late-fall","BT-1","NJ","AC, NJ","21",77.6,184,"541A",2025-01-03,"3:54",234,"1:27",87,"2:11",131,"","RT-3","2025-01-08 RT-3",NA,"BP","SB",""
"518","2025","Jan",2025-01-07,"Chinook Salmon","late-fall","BT-1","NJ","AC, NJ","22",38.2,156,"5FAA",2025-01-03,"2:58",178,"1:27",87,"2:27",147,"","RT-3","2025-01-08 RT-3",NA,"BP","SB",""
"519","2025","Jan",2025-01-07,"Chinook Salmon","late-fall","BT-1","NJ","AC, NJ","23",45,167,"5D34",2025-01-03,"2:33",153,"1:59",119,"3:10",190,"","RT-3","2025-01-08 RT-3",NA,"BP","SB","Recovery time changed from 3:20 to 3:10"
"520","2025","Jan",2025-01-07,"Chinook Salmon","late-fall","BT-1","NJ","AC, NJ","24",37.1,159,"5DED",2025-01-03,"3:19",199,"2:07",127,"1:20",80,"","RT-3","2025-01-08 RT-3",NA,"BP","SB",""
"521","2025","Jan",2025-01-07,"Chinook Salmon","late-fall","BT-1","NJ","AC, NJ","25",26.1,140,"52B3",2025-01-03,"4:00",240,"1:01",61,"1:52",112,"","RT-3","2025-01-08 RT-3",NA,"BP","SB",""
"522","2025","Jan",2025-01-07,"Chinook Salmon","late-fall","BT-1","NJ","AC, NJ","26",12.9,119,"549E",2025-01-03,"2:56",176,"1:44",104,"2:52",172,"","RT-3","2025-01-08 RT-3",NA,"BP","SB",""
"523","2025","Jan",2025-01-07,"Chinook Salmon","late-fall","BT-1","NJ","AC, NJ","27",28.2,143,"5CB1",2025-01-03,"3:16",196,"1:34",94,"1:22",82,"","RT-3","2025-01-08 RT-3",NA,"BP","SB",""
"524","2025","Jan",2025-01-07,"Chinook Salmon","late-fall","BT-1","NJ","AC, NJ","28",59.2,170,"5BEA",2025-01-03,"3:14",194,"1:20",80,"2:00",120,"","RT-3","2025-01-08 RT-3",NA,"BP","SB",""
"525","2025","Jan",2025-01-07,"Chinook Salmon","late-fall","BT-1","NJ","AC, NJ","29",50.2,166,"58DB",2025-01-03,"3:54",234,"1:23",83,"2:25",145,"","RT-3","2025-01-08 RT-3",NA,"BP","SB","Surgery time changed from 1:28 to 1:23 (scanned copy looks like 1:23)"
"526","2025","Jan",2025-01-07,"Chinook Salmon","late-fall","BT-1","NJ","AC, NJ","30",33.5,150,"52BF",2025-01-03,"3:19",199,"1:29",89,"2:27",147,"","RT-3","2025-01-08 RT-3",NA,"BP","SB",""
"527","2025","Jan",2025-01-07,"Chinook Salmon","late-fall","BT-1","NJ","AC, NJ","31",53.1,174,"5264",2025-01-03,"3:11",191,"1:04",64,"2:41",161,"","RT-4","2025-01-08 RT-4",NA,"BP","SB",""
"528","2025","Jan",2025-01-07,"Chinook Salmon","late-fall","BT-1","NJ","AC, NJ","32",35.1,156,"5498",2025-01-03,"2:48",168,"1:14",74,"1:55",115,"Tag ID 528B didn't code out, replaced with Tag ID 5498","RT-4","2025-01-08 RT-4",NA,"BP","SB",""
"529","2025","Jan",2025-01-07,"Chinook Salmon","late-fall","BT-1","NJ","AC, NJ","33",53.2,167,"5A3A",2025-01-03,"3:01",181,"1:40",100,"2:35",155,"","RT-4","2025-01-08 RT-4",NA,"BP","SB",""
"530","2025","Jan",2025-01-07,"Chinook Salmon","late-fall","BT-1","NJ","AC, NJ","34",29.1,140,"5BB4",2025-01-03,"3:11",191,"1:16",76,"1:44",104,"","RT-4","2025-01-08 RT-4",NA,"BP","SB",""
"531","2025","Jan",2025-01-07,"Chinook Salmon","late-fall","BT-1","NJ","AC, NJ","35",69.1,174,"5B31",2025-01-03,"2:41",161,"1:12",72,"1:41",101,"","RT-4","2025-01-08 RT-4",NA,"BP","SB",""
"532","2025","Jan",2025-01-07,"Chinook Salmon","late-fall","BT-1","NJ","AC, NJ","36",69.4,180,"612B",2025-01-03,"3:16",196,"1:13",73,"2:48",168,"","RT-4","2025-01-08 RT-4",NA,"BP","SB",""
"533","2025","Jan",2025-01-07,"Chinook Salmon","late-fall","BT-1","NJ","AC, NJ","37",28.9,145,"52B1",2025-01-03,"2:59",179,"1:17",77,"3:06",186,"","RT-4","2025-01-08 RT-4",NA,"BP","SB",""
"534","2025","Jan",2025-01-07,"Chinook Salmon","late-fall","BT-1","NJ","AC, NJ","38",49.7,168,"549C",2025-01-03,"3:06",186,"1:22",82,"1:44",104,"","RT-4","2025-01-08 RT-4",NA,"BP","SB",""
"535","2025","Jan",2025-01-07,"Chinook Salmon","late-fall","BT-1","NJ","AC, NJ","39",35.5,148,"5EB4",2025-01-03,"3:09",189,"1:05",65,"2:14",134,"","RT-4","2025-01-08 RT-4",NA,"BP","SB",""
"536","2025","Jan",2025-01-07,"Chinook Salmon","late-fall","BT-1","NJ","AC, NJ","40",67.1,176,"57A1",2025-01-03,"3:22",202,"1:18",78,"1:40",100,"","RT-4","2025-01-08 RT-4",NA,"BP","SB",""
"537","2025","Jan",2025-01-07,"Chinook Salmon","late-fall","BT-2","AC","AC, NJ","41",43.1,150,"6157",2025-01-03,"3:18",198,"1:30",90,"2:05",125,"","RT-5","2025-01-08 RT-5",NA,"BP","SB",""
"538","2025","Jan",2025-01-07,"Chinook Salmon","late-fall","BT-2","AC","AC, NJ","42",27.4,144,"5ACC",2025-01-03,"3:13",193,"1:43",103,"1:44",104,"Skinny fish","RT-5","2025-01-08 RT-5",NA,"BP","SB",""
"539","2025","Jan",2025-01-07,"Chinook Salmon","late-fall","BT-2","AC","AC, NJ","43",46.2,158,"58D5",2025-01-03,"3:01",181,"1:48",108,"2:38",158,"","RT-5","2025-01-08 RT-5",NA,"BP","SB",""
"540","2025","Jan",2025-01-07,"Chinook Salmon","late-fall","BT-2","AC","AC, NJ","44",87.3,190,"5266",2025-01-03,"3:03",183,"1:34",94,"1:31",91,"","RT-5","2025-01-08 RT-5",NA,"BP","SB",""
"541","2025","Jan",2025-01-07,"Chinook Salmon","late-fall","BT-2","AC","AC, NJ","45",44.9,154,"5933",2025-01-03,"2:57",177,"1:26",86,"1:31",91,"","RT-5","2025-01-08 RT-5",NA,"BP","SB",""
"542","2025","Jan",2025-01-07,"Chinook Salmon","late-fall","BT-2","AC","AC, NJ","46",41.3,149,"5F69",2025-01-03,"2:58",178,"1:30",90,"1:17",77,"","RT-5","2025-01-08 RT-5",NA,"BP","SB",""
"543","2025","Jan",2025-01-07,"Chinook Salmon","late-fall","BT-2","AC","AC, NJ","47",29.6,146,"5F54",2025-01-03,"2:55",175,"1:33",93,"1:56",116,"","RT-5","2025-01-08 RT-5",NA,"BP","SB",""
"544","2025","Jan",2025-01-07,"Chinook Salmon","late-fall","BT-2","AC","AC, NJ","48",29.8,145,"54D9",2025-01-03,"3:07",187,"1:34",94,"1:20",80,"","RT-5","2025-01-08 RT-5",NA,"BP","SB",""
"545","2025","Jan",2025-01-07,"Chinook Salmon","late-fall","BT-2","AC","AC, NJ","49",32.2,148,"5D4E",2025-01-03,"2:56",176,"1:25",85,"1:22",82,"Skinny fish","RT-5","2025-01-08 RT-5",NA,"BP","SB",""
"546","2025","Jan",2025-01-07,"Chinook Salmon","late-fall","BT-2","AC","AC, NJ","50",76.7,183,"6135",2025-01-03,"2:30",150,"1:34",94,"2:02",122,"","RT-5","2025-01-08 RT-5",NA,"BP","SB",""
"547","2025","Jan",2025-01-07,"Chinook Salmon","late-fall","BT-2","AC","AC, NJ","51",31.9,150,"5D05",2025-01-03,"3:20",200,"1:25",85,"1:24",84,"When activating, showed 3 codes (5D05, D398, E7E0), deactivated and reactivated to 5D05","RT-6","2025-01-08 RT-6",NA,"BP","SB",""
"548","2025","Jan",2025-01-07,"Chinook Salmon","late-fall","BT-2","AC","AC, NJ","52",76.6,180,"5977",2025-01-03,"3:07",187,"1:25",85,"2:07",127,"","RT-6","2025-01-08 RT-6",NA,"BP","SB",""
"549","2025","Jan",2025-01-07,"Chinook Salmon","late-fall","BT-2","AC","AC, NJ","53",78.6,187,"5F65",2025-01-03,"2:23",143,"1:35",95,"1:53",113,"","RT-6","2025-01-08 RT-6",NA,"BP","SB",""
"550","2025","Jan",2025-01-07,"Chinook Salmon","late-fall","BT-2","AC","AC, NJ","54",36,155,"5869",2025-01-03,"3:15",195,"1:21",81,"2:03",123,"When activating, showed 4F93, but then settled on 5869","RT-6","2025-01-08 RT-6",NA,"BP","SB",""
"551","2025","Jan",2025-01-07,"Chinook Salmon","late-fall","BT-2","AC","AC, NJ","55",23.5,137,"5D3D",2025-01-03,"2:39",159,"1:26",86,"1:09",69,"Skinny fish","RT-6","2025-01-08 RT-6",NA,"BP","SB",""
"552","2025","Jan",2025-01-07,"Chinook Salmon","late-fall","BT-2","AC","AC, NJ","56",37.9,148,"624A",2025-01-03,"2:50",170,"1:38",98,"1:34",94,"","RT-6","2025-01-08 RT-6",NA,"BP","SB",""
"553","2025","Jan",2025-01-07,"Chinook Salmon","late-fall","BT-2","AC","AC, NJ","57",18.7,126,"539A",2025-01-03,"2:54",174,"1:51",111,"1:43",103,"Skinny fish","RT-6","2025-01-08 RT-6",NA,"BP","SB",""
"554","2025","Jan",2025-01-07,"Chinook Salmon","late-fall","BT-2","AC","AC, NJ","58",22.7,133,"5ACF",2025-01-03,"2:55",175,"1:26",86,"1:48",108,"","RT-6","2025-01-08 RT-6",NA,"BP","SB",""
"555","2025","Jan",2025-01-07,"Chinook Salmon","late-fall","BT-2","AC","AC, NJ","59",77.3,183,"5275",2025-01-03,"2:51",171,"1:26",86,"1:56",116,"","RT-6","2025-01-08 RT-6",NA,"BP","SB",""
"556","2025","Jan",2025-01-07,"Chinook Salmon","late-fall","BT-2","AC","AC, NJ","60",33.9,142,"5934",2025-01-03,"2:52",172,"1:26",86,"1:02",62,"","RT-6","2025-01-08 RT-6",NA,"BP","SB",""
"557","2025","Jan",2025-01-07,"Chinook Salmon","late-fall","BT-2","AC","AC, NJ","61",25.1,140,"5C8A",2025-01-03,"3:13",193,"1:30",90,"1:03",63,"","RT-7","2025-01-08 RT-7",NA,"BP","SB",""
"558","2025","Jan",2025-01-07,"Chinook Salmon","late-fall","BT-2","AC","AC, NJ","62",38.1,145,"5BA9",2025-01-03,"3:19",199,"1:21",81,"1:42",102,"","RT-7","2025-01-08 RT-7",NA,"BP","SB",""
"559","2025","Jan",2025-01-07,"Chinook Salmon","late-fall","BT-2","AC","AC, NJ","63",24.4,137,"57EB",2025-01-03,"3:10",190,"1:44",104,"1:02",62,"Small crack on tag","RT-7","2025-01-08 RT-7",NA,"BP","SB",""
"560","2025","Jan",2025-01-07,"Chinook Salmon","late-fall","BT-2","AC","AC, NJ","64",18.7,124,"5EA9",2025-01-03,"3:28",208,"1:24",84,"1:15",75,"","RT-7","2025-01-08 RT-7",NA,"BP","SB",""
"561","2025","Jan",2025-01-07,"Chinook Salmon","late-fall","BT-2","AC","AC, NJ","65",36.6,156,"5985",2025-01-03,"3:17",197,"1:25",85,"1:00",60,"","RT-7","2025-01-08 RT-7",NA,"BP","SB",""
"562","2025","Jan",2025-01-07,"Chinook Salmon","late-fall","BT-2","AC","AC, NJ","66",23.8,137,"629A",2025-01-03,"3:25",205,"1:48",108,"1:00",60,"","RT-7","2025-01-08 RT-7",NA,"BP","SB",""
"563","2025","Jan",2025-01-07,"Chinook Salmon","late-fall","BT-2","AC","AC, NJ","67",67.5,171,"5299",2025-01-03,"3:05",185,"1:48",108,"1:00",60,"","RT-7","2025-01-08 RT-7",NA,"BP","SB",""
"564","2025","Jan",2025-01-07,"Chinook Salmon","late-fall","BT-2","AC","AC, NJ","68",69.4,178,"54D3",2025-01-03,"3:25",205,"1:33",93,"3:03",183,"","RT-7","2025-01-08 RT-7",NA,"BP","SB",""
"565","2025","Jan",2025-01-07,"Chinook Salmon","late-fall","BT-2","AC","AC, NJ","69",31.5,148,"52B5",2025-01-03,"3:28",208,"2:01",121,"1:00",60,"","RT-7","2025-01-08 RT-7",NA,"BP","SB",""
"566","2025","Jan",2025-01-07,"Chinook Salmon","late-fall","BT-2","AC","AC, NJ","70",42.4,151,"5F6A",2025-01-03,"3:23",203,"1:33",93,"2:03",123,"","RT-7","2025-01-08 RT-7",NA,"BP","SB",""
"567","2025","Jan",2025-01-07,"Chinook Salmon","late-fall","BT-2","AC","AC, NJ","71",37.1,148,"552A",2025-01-03,"3:01",181,"1:28",88,"2:54",174,"","RT-8","2025-01-08 RT-8",NA,"BP","SB",""
"568","2025","Jan",2025-01-07,"Chinook Salmon","late-fall","BT-2","AC","AC, NJ","72",45.4,170,"5BC6",2025-01-03,"3:43",223,"1:24",84,"1:31",91,"","RT-8","2025-01-08 RT-8",NA,"BP","SB",""
"569","2025","Jan",2025-01-07,"Chinook Salmon","late-fall","BT-2","AC","AC, NJ","73",33.1,146,"5269",2025-01-03,"3:07",187,"1:54",114,"1:41",101,"","RT-8","2025-01-08 RT-8",NA,"BP","SB",""
"570","2025","Jan",2025-01-07,"Chinook Salmon","late-fall","BT-2","AC","AC, NJ","74",40.5,149,"5295",2025-01-03,"2:57",177,"2:04",124,"1:00",60,"","RT-8","2025-01-08 RT-8",NA,"BP","SB",""
"571","2025","Jan",2025-01-07,"Chinook Salmon","late-fall","BT-2","AC","AC, NJ","75",79.3,184,"58E5",2025-01-03,"3:35",215,"1:37",97,"1:31",91,"","RT-8","2025-01-08 RT-8",NA,"BP","SB",""
"572","2025","Jan",2025-01-07,"Chinook Salmon","late-fall","BT-2","AC","AC, NJ","76",43.9,161,"53CA",2025-01-03,"3:15",195,"1:29",89,"1:26",86,"","RT-8","2025-01-08 RT-8",NA,"BP","SB",""
"573","2025","Jan",2025-01-07,"Chinook Salmon","late-fall","BT-2","AC","AC, NJ","77",25.3,135,"5D33",2025-01-03,"3:05",185,"1:35",95,"1:18",78,"","RT-8","2025-01-08 RT-8",NA,"BP","SB",""
"574","2025","Jan",2025-01-07,"Chinook Salmon","late-fall","BT-2","AC","AC, NJ","78",33.5,151,"5444",2025-01-03,"3:23",203,"2:15",135,"1:00",60,"","RT-8","2025-01-08 RT-8",NA,"BP","SB",""
"575","2025","Jan",2025-01-07,"Chinook Salmon","late-fall","BT-2","AC","AC, NJ","79",36.8,152,"5F52",2025-01-03,"3:00",180,"1:23",83,"2:17",137,"","RT-8","2025-01-08 RT-8",NA,"BP","SB",""
"576","2025","Jan",2025-01-07,"Chinook Salmon","late-fall","BT-2","AC","AC, NJ","80",40.4,150,"58ED",2025-01-03,"2:53",173,"1:26",86,"1:01",61,"","RT-8","2025-01-08 RT-8",NA,"BP","SB",""
"577","2025","Jan",2025-01-08,"Chinook Salmon","late-fall","BT-3","NJ","AC, BP","1",55,167,"5DDA",2025-01-03,"3:31",211,"1:40",100,"4:00",240,"","RT-9","2025-01-09 RT-9",NA,"PH","SB",""
"578","2025","Jan",2025-01-08,"Chinook Salmon","late-fall","BT-3","NJ","AC, BP","2",46.8,157,"529F",2025-01-03,"4:37",277,"1:36",96,"3:26",206,"During activation read 4213, reactivated to correct code 529F","RT-9","2025-01-09 RT-9",NA,"PH","SB",""
"579","2025","Jan",2025-01-08,"Chinook Salmon","late-fall","BT-3","NJ","AC, BP","3",32.2,142,"526C",2025-01-03,"4:07",247,"1:44",104,"1:40",100,"","RT-9","2025-01-09 RT-9",NA,"PH","SB",""
"580","2025","Jan",2025-01-08,"Chinook Salmon","late-fall","BT-3","NJ","AC, BP","4",42.6,152,"5CB3",2025-01-03,"3:07",187,"1:39",99,"2:40",160,"","RT-9","2025-01-09 RT-9",NA,"PH","SB",""
"581","2025","Jan",2025-01-08,"Chinook Salmon","late-fall","BT-3","NJ","AC, BP","5",30.1,148,"597A",2025-01-03,"3:13",193,"1:27",87,"1:10",70,"","RT-9","2025-01-09 RT-9",NA,"PH","SB",""
"582","2025","Jan",2025-01-08,"Chinook Salmon","late-fall","BT-3","NJ","AC, BP","6",18.3,130,"5D7A",2025-01-03,"3:51",231,"1:36",96,"1:27",87,"skinny","RT-9","2025-01-09 RT-9",NA,"PH","SB",""
"583","2025","Jan",2025-01-08,"Chinook Salmon","late-fall","BT-3","NJ","AC, BP","7",36.8,154,"54CB",2025-01-03,"3:50",230,"1:17",77,"2:42",162,"During activation read 7318 and 54C5, reactivated to correct code 54CB","RT-9","2025-01-09 RT-9",NA,"PH","SB",""
"584","2025","Jan",2025-01-08,"Chinook Salmon","late-fall","BT-3","NJ","AC, BP","8",43.4,139,"5AB3",2025-01-03,"2:24",144,"1:24",84,"2:58",178,"","RT-9","2025-01-09 RT-9",NA,"PH","SB",""
"585","2025","Jan",2025-01-08,"Chinook Salmon","late-fall","BT-3","NJ","AC, BP","9",32.5,140,"5D2D",2025-01-03,"3:17",197,"1:18",78,"1:20",80,"","RT-9","2025-01-09 RT-9",NA,"PH","SB",""
"586","2025","Jan",2025-01-08,"Chinook Salmon","late-fall","BT-3","NJ","AC, BP","10",34.1,145,"6152",2025-01-03,"3:26",206,"1:20",80,"3:11",191,"","RT-9","2025-01-09 RT-9",NA,"PH","SB",""
"587","2025","Jan",2025-01-08,"Chinook Salmon","late-fall","BT-3","NJ","AC, BP","11",68.9,180,"526E",2025-01-03,"3:45",225,"1:55",115,"1:24",84,"","RT-10","2025-01-09 RT-10",NA,"PH","SB",""
"588","2025","Jan",2025-01-08,"Chinook Salmon","late-fall","BT-3","NJ","AC, BP","12",40,158,"5D79",2025-01-03,"4:08",248,"1:19",79,"4:00",240,"","RT-10","2025-01-09 RT-10",NA,"PH","SB",""
"589","2025","Jan",2025-01-08,"Chinook Salmon","late-fall","BT-3","NJ","AC, BP","13",41,165,"5E89",2025-01-03,"3:28",208,"1:48",108,"2:58",178,"","RT-10","2025-01-09 RT-10",NA,"PH","SB",""
"590","2025","Jan",2025-01-08,"Chinook Salmon","late-fall","BT-3","NJ","AC, BP","14",48.7,168,"5EEA",2025-01-03,"2:42",162,"2:00",120,"1:27",87,"","RT-10","2025-01-09 RT-10",NA,"PH","SB",""
"591","2025","Jan",2025-01-08,"Chinook Salmon","late-fall","BT-3","NJ","AC, BP","15",29.9,140,"54CC",2025-01-03,"2:45",165,"1:06",66,"2:30",150,"","RT-10","2025-01-09 RT-10",NA,"PH","SB",""
"592","2025","Jan",2025-01-08,"Chinook Salmon","late-fall","BT-3","NJ","AC, BP","16",50.7,170,"58B9",2025-01-03,"3:09",189,"1:43",103,"1:12",72,"","RT-10","2025-01-09 RT-10",NA,"PH","SB",""
"593","2025","Jan",2025-01-08,"Chinook Salmon","late-fall","BT-3","NJ","AC, BP","17",31.2,150,"5AAF",2025-01-03,"3:28",208,"3:14",194,"3:33",213,"","RT-10","2025-01-09 RT-10",NA,"PH","SB",""
"594","2025","Jan",2025-01-08,"Chinook Salmon","late-fall","BT-3","NJ","AC, BP","18",31.1,150,"5AA7",2025-01-03,"3:16",196,"1:34",94,"2:56",176,"","RT-10","2025-01-09 RT-10",NA,"PH","SB",""
"595","2025","Jan",2025-01-08,"Chinook Salmon","late-fall","BT-3","NJ","AC, BP","19",32.4,140,"5D31",2025-01-03,"3:32",212,"1:17",77,"3:05",185,"","RT-10","2025-01-09 RT-10",NA,"PH","SB",""
"596","2025","Jan",2025-01-08,"Chinook Salmon","late-fall","BT-3","NJ","AC, BP","20",36.5,154,"5C75",2025-01-03,"3:34",214,"1:13",73,"2:52",172,"","RT-10","2025-01-09 RT-10",NA,"PH","SB",""
"597","2025","Jan",2025-01-08,"Chinook Salmon","late-fall","BT-3","NJ","AC, BP","21",59.1,170,"5F35",2025-01-03,"3:52",232,"1:22",82,"3:37",217,"","RT-11","2025-01-09 RT-11",NA,"PH","SB",""
"598","2025","Jan",2025-01-08,"Chinook Salmon","late-fall","BT-3","NJ","AC, BP","22",25.9,137,"5AB0",2025-01-03,"3:50",230,"1:17",77,"2:57",177,"","RT-11","2025-01-09 RT-11",NA,"PH","SB",""
"599","2025","Jan",2025-01-08,"Chinook Salmon","late-fall","BT-3","NJ","AC, BP","23",25.9,140,"5D85",2025-01-03,"3:16",196,"1:09",69,"1:26",86,"","RT-11","2025-01-09 RT-11",NA,"PH","SB",""
"600","2025","Jan",2025-01-08,"Chinook Salmon","late-fall","BT-3","NJ","AC, BP","24",37.6,151,"59A9",2025-01-03,"3:07",187,"1:08",68,"1:09",69,"","RT-11","2025-01-09 RT-11",NA,"PH","SB",""
"601","2025","Jan",2025-01-08,"Chinook Salmon","late-fall","BT-3","NJ","AC, BP","25",36.1,146,"5C5B",2025-01-03,"2:44",164,"1:20",80,"1:40",100,"Double checked tag code on terraterm and 5C5B is correct","RT-11","2025-01-09 RT-11",NA,"PH","SB",""
"602","2025","Jan",2025-01-08,"Chinook Salmon","late-fall","BT-3","NJ","AC, BP","26",36.1,155,"5A5B",2025-01-03,"3:36",216,"1:12",72,"3:00",180,"Tag code not 5AB5, tag was 5A5B","RT-11","2025-01-09 RT-11",NA,"PH","SB","Changed anesthetic time from 1:36 to 3:36"
"603","2025","Jan",2025-01-08,"Chinook Salmon","late-fall","BT-3","NJ","AC, BP","27",50.4,158,"5477",2025-01-03,"4:32",272,"1:13",73,"3:00",180,"","RT-11","2025-01-09 RT-11",NA,"PH","SB",""
"604","2025","Jan",2025-01-08,"Chinook Salmon","late-fall","BT-3","NJ","AC, BP","28",51.3,159,"57EA",2025-01-03,"4:12",252,"1:21",81,"2:57",177,"","RT-11","2025-01-09 RT-11",NA,"PH","SB",""
"605","2025","Jan",2025-01-08,"Chinook Salmon","late-fall","BT-3","NJ","AC, BP","29",22.6,133,"5BA7",2025-01-03,"3:55",235,"1:37",97,"3:32",212,"","RT-11","2025-01-09 RT-11",NA,"PH","SB",""
"606","2025","Jan",2025-01-08,"Chinook Salmon","late-fall","BT-3","NJ","AC, BP","30",27.8,133,"5D37",2025-01-03,"3:32",212,"1:07",67,"1:40",100,"","RT-11","2025-01-09 RT-11",NA,"PH","SB",""
"607","2025","Jan",2025-01-08,"Chinook Salmon","late-fall","BT-3","NJ","AC, BP","31",35.1,150,"54EB",2025-01-03,"2:11",131,"1:21",81,"1:31",91,"","RT-12","2025-01-09 RT-12",NA,"PH","SB",""
"608","2025","Jan",2025-01-08,"Chinook Salmon","late-fall","BT-3","NJ","AC, BP","32",53.7,172,"5D2C",2025-01-03,"3:00",180,"1:15",75,"1:15",75,"","RT-12","2025-01-09 RT-12",NA,"PH","SB",""
"609","2025","Jan",2025-01-08,"Chinook Salmon","late-fall","BT-3","NJ","AC, BP","33",57.6,163,"6145",2025-01-03,"3:02",182,"1:13",73,"1:17",77,"","RT-12","2025-01-09 RT-12",NA,"PH","SB",""
"610","2025","Jan",2025-01-08,"Chinook Salmon","late-fall","BT-3","NJ","AC, BP","34",33.9,146,"5C68",2025-01-03,"3:06",186,"1:05",65,"2:08",128,"","RT-12","2025-01-09 RT-12",NA,"PH","SB",""
"611","2025","Jan",2025-01-08,"Chinook Salmon","late-fall","BT-3","NJ","AC, BP","35",32.7,145,"58A1",2025-01-03,"3:09",189,"1:15",75,"1:21",81,"","RT-12","2025-01-09 RT-12",NA,"PH","SB",""
"612","2025","Jan",2025-01-08,"Chinook Salmon","late-fall","BT-3","NJ","AC, BP","36",36.6,152,"5DCA",2025-01-03,"3:21",201,"1:06",66,"2:53",173,"","RT-12","2025-01-09 RT-12",NA,"PH","SB",""
"613","2025","Jan",2025-01-08,"Chinook Salmon","late-fall","BT-3","NJ","AC, BP","37",41,160,"52CC",2025-01-03,"2:57",177,"1:08",68,"2:00",120,"","RT-12","2025-01-09 RT-12",NA,"PH","SB",""
"614","2025","Jan",2025-01-08,"Chinook Salmon","late-fall","BT-3","NJ","AC, BP","38",18.7,121,"5466",2025-01-03,"3:13",193,"1:13",73,"2:38",158,"","RT-12","2025-01-09 RT-12",NA,"PH","SB",""
"615","2025","Jan",2025-01-08,"Chinook Salmon","late-fall","BT-3","NJ","AC, BP","39",44.1,160,"5668",2025-01-03,"3:30",210,"1:02",62,"3:07",187,"","RT-12","2025-01-09 RT-12",NA,"PH","SB",""
"616","2025","Jan",2025-01-08,"Chinook Salmon","late-fall","BT-3","NJ","AC, BP","40",49.5,170,"5473",2025-01-03,"2:48",168,"1:08",68,"1:12",72,"","RT-12","2025-01-09 RT-12",NA,"PH","SB",""
"617","2025","Jan",2025-01-08,"Chinook Salmon","late-fall","BT-4","AC","NJ, BP","41",74.6,181,"5508",2025-01-03,"3:13",193,"1:29",89,"3:00",180,"","RT-13","2025-01-09 RT-13",NA,"PH","SB","FL copied into the weight column. Changed to match datasheet."
"618","2025","Jan",2025-01-08,"Chinook Salmon","late-fall","BT-4","AC","NJ, BP","42",27.7,142,"5A8F",2025-01-03,"3:10",190,"1:55",115,"1:00",60,"","RT-13","2025-01-09 RT-13",NA,"PH","SB","FL copied into the weight column. Changed to match datasheet."
"619","2025","Jan",2025-01-08,"Chinook Salmon","late-fall","BT-4","AC","NJ, BP","43",24.3,139,"5DA2",2025-01-03,"3:05",185,"1:36",96,"1:07",67,"skinny ","RT-13","2025-01-09 RT-13",NA,"PH","SB","FL copied into the weight column. Changed to match datasheet."
"620","2025","Jan",2025-01-08,"Chinook Salmon","late-fall","BT-4","AC","NJ, BP","44",38.1,158,"55C9",2025-01-03,"2:39",159,"1:34",94,"1:32",92,"","RT-13","2025-01-09 RT-13",NA,"PH","SB","FL copied into the weight column. Changed to match datasheet."
"621","2025","Jan",2025-01-08,"Chinook Salmon","late-fall","BT-4","AC","NJ, BP","45",24.4,139,"5432",2025-01-03,"2:50",170,"1:34",94,"1:08",68,"","RT-13","2025-01-09 RT-13",NA,"PH","SB","FL copied into the weight column. Changed to match datasheet."
"622","2025","Jan",2025-01-08,"Chinook Salmon","late-fall","BT-4","AC","NJ, BP","46",23.7,133,"5A3B",2025-01-03,"3:00",180,"1:40",100,"3:00",180,"","RT-13","2025-01-09 RT-13",NA,"PH","SB","FL copied into the weight column. Changed to match datasheet."
"623","2025","Jan",2025-01-08,"Chinook Salmon","late-fall","BT-4","AC","NJ, BP","47",17.8,127,"5A79",2025-01-03,"3:24",204,"1:41",101,"1:09",69,"skinny ","RT-13","2025-01-09 RT-13",NA,"PH","SB","FL copied into the weight column. Changed to match datasheet."
"624","2025","Jan",2025-01-08,"Chinook Salmon","late-fall","BT-4","AC","NJ, BP","48",42.2,158,"56A0",2025-01-03,"2:34",154,"1:36",96,"1:19",79,"","RT-13","2025-01-09 RT-13",NA,"PH","SB","FL copied into the weight column. Changed to match datasheet."
"625","2025","Jan",2025-01-08,"Chinook Salmon","late-fall","BT-4","AC","NJ, BP","49",29.2,142,"53AB",2025-01-03,"2:52",172,"1:48",108,"2:25",145,"","RT-13","2025-01-09 RT-13",NA,"PH","SB","FL copied into the weight column. Changed to match datasheet."
"626","2025","Jan",2025-01-08,"Chinook Salmon","late-fall","BT-4","AC","NJ, BP","50",37.8,153,"5925",2025-01-03,"3:52",232,"1:44",104,"1:10",70,"","RT-13","2025-01-09 RT-13",NA,"PH","SB","FL copied into the weight column. Changed to match datasheet."
"627","2025","Jan",2025-01-08,"Chinook Salmon","late-fall","BT-4","AC","NJ, EH","51",71.7,175,"525E",2025-01-03,"3:06",186,"1:28",88,"2:57",177,"","RT-14","2025-01-09 RT-14",NA,"PH","SB",""
"628","2025","Jan",2025-01-08,"Chinook Salmon","late-fall","BT-4","AC","NJ, EH","52",28.8,143,"6265",2025-01-03,"3:26",206,"1:32",92,"3:50",230,"","RT-14","2025-01-09 RT-14",NA,"PH","SB",""
"629","2025","Jan",2025-01-08,"Chinook Salmon","late-fall","BT-4","AC","NJ, EH","53",24.7,135,"54D0",2025-01-03,"3:04",184,"1:42",102,"1:36",96,"","RT-14","2025-01-09 RT-14",NA,"PH","SB",""
"630","2025","Jan",2025-01-08,"Chinook Salmon","late-fall","BT-4","AC","NJ, EH","54",19.7,135,"5953",2025-01-03,"3:02",182,"1:24",84,"1:21",81,"","RT-14","2025-01-09 RT-14",NA,"PH","SB",""
"631","2025","Jan",2025-01-08,"Chinook Salmon","late-fall","BT-4","AC","NJ, EH","55",52.3,159,"5927",2025-01-03,"3:02",182,"1:31",91,"1:28",88,"","RT-14","2025-01-09 RT-14",NA,"PH","SB",""
"632","2025","Jan",2025-01-08,"Chinook Salmon","late-fall","BT-4","AC","NJ, EH","56",81.8,189,"59E9",2025-01-03,"3:06",186,"1:47",107,"1:55",115,"","RT-14","2025-01-09 RT-14",NA,"PH","SB",""
"633","2025","Jan",2025-01-08,"Chinook Salmon","late-fall","BT-4","AC","NJ, EH","57",27.1,134,"57A7",2025-01-03,"3:35",215,"1:26",86,"3:00",180,"During activation read EF6A, 03C7, 6485, C38F, reactivated to correct number 57A7","RT-14","2025-01-09 RT-14",NA,"PH","SB",""
"634","2025","Jan",2025-01-08,"Chinook Salmon","late-fall","BT-4","AC","NJ, EH","58",63.3,177,"5DA4",2025-01-03,"3:09",189,"1:33",93,"3:00",180,"","RT-14","2025-01-09 RT-14",NA,"PH","SB",""
"635","2025","Jan",2025-01-08,"Chinook Salmon","late-fall","BT-4","AC","NJ, EH","59",79.3,185,"52B7",2025-01-03,"2:55",175,"1:22",82,"4:22",262,"","RT-14","2025-01-09 RT-14",NA,"PH","SB",""
"636","2025","Jan",2025-01-08,"Chinook Salmon","late-fall","BT-4","AC","NJ, EH","60",56.1,167,"5C65",2025-01-03,"3:20",200,"1:34",94,"1:32",92,"","RT-14","2025-01-09 RT-14",NA,"PH","SB",""
"637","2025","Jan",2025-01-08,"Chinook Salmon","late-fall","BT-4","AC","NJ, EH, NS","61",14.4,104,"5942",2025-01-03,"3:28",208,"1:37",97,"1:03",63,"","RT-15","2025-01-09 RT-15",NA,"PH","SB",""
"638","2025","Jan",2025-01-08,"Chinook Salmon","late-fall","BT-4","AC","NJ, EH, NS","62",45.2,163,"590A",2025-01-03,"2:52",172,"1:30",90,"2:30",150,"","RT-15","2025-01-09 RT-15",NA,"PH","SB",""
"639","2025","Jan",2025-01-08,"Chinook Salmon","late-fall","BT-4","AC","NJ, EH, NS","63",80.5,185,"5D35",2025-01-03,"3:21",201,"1:40",100,"1:08",68,"","RT-15","2025-01-09 RT-15",NA,"PH","SB",""
"640","2025","Jan",2025-01-08,"Chinook Salmon","late-fall","BT-4","AC","NJ, EH, NS","64",39.2,158,"546F",2025-01-03,"3:39",219,"1:29",89,"3:39",219,"","RT-15","2025-01-09 RT-15",NA,"PH","SB",""
"641","2025","Jan",2025-01-08,"Chinook Salmon","late-fall","BT-4","AC","NJ, EH, NS","65",22.7,124,"56B3",2025-01-03,"3:10",190,"1:40",100,"2:40",160,"","RT-15","2025-01-09 RT-15",NA,"PH","SB",""
"642","2025","Jan",2025-01-08,"Chinook Salmon","late-fall","BT-4","AC","NJ, EH, NS","66",22.8,132,"54D7",2025-01-03,"3:10",190,"1:27",87,"1:17",77,"","RT-15","2025-01-09 RT-15",NA,"PH","SB",""
"643","2025","Jan",2025-01-08,"Chinook Salmon","late-fall","BT-4","AC","NJ, EH, NS","67",30.2,146,"5D72",2025-01-03,"3:27",207,"1:35",95,"1:14",74,"","RT-15","2025-01-09 RT-15",NA,"PH","SB",""
"644","2025","Jan",2025-01-08,"Chinook Salmon","late-fall","BT-4","AC","NJ, EH, NS","68",18.9,125,"5CEA",2025-01-03,"3:22",202,"1:42",102,"1:07",67,"","RT-15","2025-01-09 RT-15",NA,"PH","SB",""
"645","2025","Jan",2025-01-08,"Chinook Salmon","late-fall","BT-4","AC","NJ, EH, NS","69",12.7,112,"59A6",2025-01-03,"3:11",191,"2:01",121,"2:00",120,"","RT-15","2025-01-09 RT-15",NA,"PH","SB",""
"646","2025","Jan",2025-01-08,"Chinook Salmon","late-fall","BT-4","AC","NJ, EH, NS","70",31.7,140,"52A0",2025-01-03,"3:40",220,"1:27",87,"1:11",71,"","RT-15","2025-01-09 RT-15",NA,"PH","SB",""
"647","2025","Jan",2025-01-08,"Chinook Salmon","late-fall","BT-4","AC","NJ, EH, NS","71",19.4,130,"54C5",2025-01-03,"3:17",197,"1:53",113,"1:15",75,"skinny ","RT-16","2025-01-09 RT-16",NA,"PH","SB",""
"648","2025","Jan",2025-01-08,"Chinook Salmon","late-fall","BT-4","AC","NJ, EH, NS","72",31.1,137,"5767",2025-01-03,"3:07",187,"2:26",146,"1:56",116,"","RT-16","2025-01-09 RT-16",NA,"PH","SB",""
"649","2025","Jan",2025-01-08,"Chinook Salmon","late-fall","BT-4","AC","NJ, EH, NS","73",37.4,155,"56AD",2025-01-03,"4:39",279,"1:16",76,"2:30",150,"","RT-16","2025-01-09 RT-16",NA,"PH","SB",""
"650","2025","Jan",2025-01-08,"Chinook Salmon","late-fall","BT-4","AC","NJ, EH, NS","74",51.2,162,"5BA1",2025-01-03,"3:56",236,"2:08",128,"1:30",90,"weight is approx - large wake","RT-16","2025-01-09 RT-16",NA,"PH","SB",""
"651","2025","Jan",2025-01-08,"Chinook Salmon","late-fall","BT-4","AC","NJ, EH, NS","75",39.4,157,"5A6B",2025-01-03,"3:20",200,"1:52",112,"2:25",145,"","RT-16","2025-01-09 RT-16",NA,"PH","SB",""
"652","2025","Jan",2025-01-08,"Chinook Salmon","late-fall","BT-4","AC","NJ, EH, NS","76",40.3,155,"599B",2025-01-03,"3:16",196,"2:16",136,"1:43",103,"","RT-16","2025-01-09 RT-16",NA,"PH","SB",""
"653","2025","Jan",2025-01-08,"Chinook Salmon","late-fall","BT-4","AC","NJ, EH, NS","77",49.7,167,"5872",2025-01-03,"3:31",211,"1:53",113,"1:12",72,"","RT-16","2025-01-09 RT-16",NA,"PH","SB",""
"654","2025","Jan",2025-01-08,"Chinook Salmon","late-fall","BT-4","AC","NJ, EH, NS","78",52.1,168,"5EB5",2025-01-03,"3:39",219,"1:30",90,"1:18",78,"","RT-16","2025-01-09 RT-16",NA,"PH","SB",""
"655","2025","Jan",2025-01-08,"Chinook Salmon","late-fall","BT-4","AC","NJ, EH, NS","79",30.9,147,"5B3A",2025-01-03,"3:41",221,"1:28",88,"1:19",79," ","RT-16","2025-01-09 RT-16",NA,"PH","SB",""
"656","2025","Jan",2025-01-08,"Chinook Salmon","late-fall","BT-4","AC","NJ, EH, NS","80",37.4,155,"5AB1",2025-01-03,"3:18",198,"1:37",97,"1:37",97,"","RT-16","2025-01-09 RT-16",NA,"PH","SB",""
"657","2025","Jan",2025-01-09,"Chinook Salmon","late-fall","BT-1","AC","EH, BP, MDD","1",36.2,149,"54D8",2025-01-03,"3:16",196,"1:25",85,"1:39",99,"","RT-17","2025-01-10 RT-17",NA,"CY","SB",""
"658","2025","Jan",2025-01-09,"Chinook Salmon","late-fall","BT-1","AC","EH, BP, MDD","2",26.4,137,"5F5D",2025-01-03,"2:10",130,"1:21",81,"1:06",66,"","RT-17","2025-01-10 RT-17",NA,"CY","SB",""
"659","2025","Jan",2025-01-09,"Chinook Salmon","late-fall","BT-1","AC","EH, BP, MDD","3",37.3,157,"5AB7",2025-01-03,"2:30",150,"1:28",88,"1:54",114,"","RT-17","2025-01-10 RT-17",NA,"CY","SB",""
"660","2025","Jan",2025-01-09,"Chinook Salmon","late-fall","BT-1","AC","EH, BP, MDD","4",15.2,120,"5A77",2025-01-03,"1:59",119,"1:15",75,"1:26",86,"","RT-17","2025-01-10 RT-17",NA,"CY","SB",""
"661","2025","Jan",2025-01-09,"Chinook Salmon","late-fall","BT-1","AC","EH, BP, MDD","5",51.3,166,"5976",2025-01-03,"2:24",144,"1:55",115,"2:22",142,"","RT-17","2025-01-10 RT-17",NA,"CY","SB",""
"662","2025","Jan",2025-01-09,"Chinook Salmon","late-fall","BT-1","AC","EH, BP, MDD","6",26.8,142,"5917",2025-01-03,"2:39",159,"1:37",97,"1:50",110,"","RT-17","2025-01-10 RT-17",NA,"CY","SB",""
"663","2025","Jan",2025-01-09,"Chinook Salmon","late-fall","BT-1","AC","EH, BP, MDD","7",39.1,143,"5CAB",2025-01-03,"2:41",161,"1:16",76,"2:47",167,"","RT-17","2025-01-10 RT-17",NA,"CY","SB",""
"664","2025","Jan",2025-01-09,"Chinook Salmon","late-fall","BT-1","AC","EH, BP, MDD","8",35.2,152,"5DA6",2025-01-03,"2:19",139,"1:33",93,"1:01",61,"","RT-17","2025-01-10 RT-17",NA,"CY","SB",""
"665","2025","Jan",2025-01-09,"Chinook Salmon","late-fall","BT-1","AC","EH, BP, MDD","9",37.8,158,"626A",2025-01-03,"2:44",164,"1:41",101,"1:08",68,"","RT-17","2025-01-10 RT-17",NA,"CY","SB",""
"666","2025","Jan",2025-01-09,"Chinook Salmon","late-fall","BT-1","AC","EH, BP, MDD","10",41.2,154,"59AD",2025-01-03,"2:32",152,"1:33",93,"1:27",87,"","RT-17","2025-01-10 RT-17",NA,"CY","SB",""
"667","2025","Jan",2025-01-09,"Chinook Salmon","late-fall","BT-1","AC","EH, BP, MDD","11",45.9,156,"54A7",2025-01-03,"2:30",150,"1:19",79,"2:21",141,"","RT-18","2025-01-10 RT-18",NA,"CY","SB",""
"668","2025","Jan",2025-01-09,"Chinook Salmon","late-fall","BT-1","AC","EH, BP, MDD","12",58.1,177,"59B1",2025-01-03,"2:19",139,"1:39",99,"1:13",73,"","RT-18","2025-01-10 RT-18",NA,"CY","SB",""
"669","2025","Jan",2025-01-09,"Chinook Salmon","late-fall","BT-1","AC","EH, BP, MDD","13",27.5,142,"56BC",2025-01-03,"2:15",135,"1:19",79,"1:02",62,"","RT-18","2025-01-10 RT-18",NA,"CY","SB",""
"670","2025","Jan",2025-01-09,"Chinook Salmon","late-fall","BT-1","AC","EH, BP, MDD","14",62.8,170,"54AD",2025-01-03,"2:23",143,"1:22",82,"1:31",91,"","RT-18","2025-01-10 RT-18",NA,"CY","SB",""
"671","2025","Jan",2025-01-09,"Chinook Salmon","late-fall","BT-1","AC","EH, BP, MDD","15",34.7,154,"54A9",2025-01-03,"2:20",140,"1:42",102,"1:04",64,"","RT-18","2025-01-10 RT-18",NA,"CY","SB",""
"672","2025","Jan",2025-01-09,"Chinook Salmon","late-fall","BT-1","AC","EH, BP, MDD","16",69.2,184,"5A44",2025-01-03,"2:36",156,"1:27",87,"1:01",61,"","RT-18","2025-01-10 RT-18",NA,"CY","SB",""
"673","2025","Jan",2025-01-09,"Chinook Salmon","late-fall","BT-1","AC","EH, BP, MDD","17",25.3,139,"5C6A",2025-01-03,"2:31",151,"1:45",105,"1:10",70,"","RT-18","2025-01-10 RT-18",NA,"CY","SB",""
"674","2025","Jan",2025-01-09,"Chinook Salmon","late-fall","BT-1","AC","EH, BP, MDD","18",29.1,143,"57C2",2025-01-03,"2:31",151,"1:17",77,"2:12",132,"","RT-18","2025-01-10 RT-18",NA,"CY","SB",""
"675","2025","Jan",2025-01-09,"Chinook Salmon","late-fall","BT-1","AC","EH, BP, MDD","19",12.5,102,"5CB2",2025-01-03,"2:00",120,"2:10",130,"2:14",134,"","RT-18","2025-01-10 RT-18",NA,"CY","SB",""
"676","2025","Jan",2025-01-09,"Chinook Salmon","late-fall","BT-1","AC","EH, BP, MDD","20",53.5,165,"53A9",2025-01-03,"2:51",171,"1:34",94,"2:22",142,"","RT-18","2025-01-10 RT-18",NA,"CY","SB",""
"677","2025","Jan",2025-01-09,"Chinook Salmon","late-fall","BT-1","AC","EH, BP, MDD","21",36.2,147,"5439",2025-01-03,"2:06",126,"1:36",96,"2:14",134,"","RT-19","2025-01-10 RT-19",NA,"CY","SB",""
"678","2025","Jan",2025-01-09,"Chinook Salmon","late-fall","BT-1","AC","EH, BP, MDD","22",31.9,144,"5258",2025-01-03,"2:24",144,"1:09",69,"1:01",61,"","RT-19","2025-01-10 RT-19",NA,"CY","SB",""
"679","2025","Jan",2025-01-09,"Chinook Salmon","late-fall","BT-1","AC","EH, BP, MDD","23",26.5,137,"5997",2025-01-03,"2:32",152,"1:15",75,"2:13",133,"","RT-19","2025-01-10 RT-19",NA,"CY","SB",""
"680","2025","Jan",2025-01-09,"Chinook Salmon","late-fall","BT-1","AC","EH, BP, MDD","24",49.9,162,"54AC",2025-01-03,"2:07",127,"1:09",69,"1:06",66,"","RT-19","2025-01-10 RT-19",NA,"CY","SB",""
"681","2025","Jan",2025-01-09,"Chinook Salmon","late-fall","BT-1","AC","EH, BP, MDD","25",31.4,150,"5996",2025-01-03,"2:11",131,"1:13",73,"1:12",72,"","RT-19","2025-01-10 RT-19",NA,"CY","SB",""
"682","2025","Jan",2025-01-09,"Chinook Salmon","late-fall","BT-1","AC","EH, BP, MDD","26",37.4,148,"58B1",2025-01-03,"2:12",132,"1:21",81,"1:30",90,"","RT-19","2025-01-10 RT-19",NA,"CY","SB",""
"683","2025","Jan",2025-01-09,"Chinook Salmon","late-fall","BT-1","AC","EH, BP, MDD","27",28.2,145,"625D",2025-01-03,"2:17",137,"1:11",71,"1:30",90,"","RT-19","2025-01-10 RT-19",NA,"CY","SB",""
"684","2025","Jan",2025-01-09,"Chinook Salmon","late-fall","BT-1","AC","EH, BP, MDD","28",23.5,128,"5481",2025-01-03,"2:01",121,"1:17",77,"1:18",78,"","RT-19","2025-01-10 RT-19",NA,"CY","SB",""
"685","2025","Jan",2025-01-09,"Chinook Salmon","late-fall","BT-1","AC","EH, BP, MDD","29",57.2,169,"62A6",2025-01-03,"2:41",161,"1:40",100,"1:11",71,"","RT-19","2025-01-10 RT-19",NA,"CY","SB",""
"686","2025","Jan",2025-01-09,"Chinook Salmon","late-fall","BT-1","AC","EH, BP, MDD","30",9.4,100,"5A57",2025-01-03,"2:35",155,"1:55",115,"2:11",131,"","RT-19","2025-01-10 RT-19",NA,"CY","SB",""
"687","2025","Jan",2025-01-09,"Chinook Salmon","late-fall","BT-1","AC","EH, BP, MDD","31",26.2,140,"5A7B",2025-01-03,"2:27",147,"1:19",79,"1:00",60,"","RT-20","2025-01-10 RT-20",NA,"CY","SB",""
"688","2025","Jan",2025-01-09,"Chinook Salmon","late-fall","BT-1","AC","EH, BP, MDD","32",27.1,139,"53B3",2025-01-03,"2:36",156,"1:58",118,"1:06",66,"","RT-20","2025-01-10 RT-20",NA,"CY","SB",""
"689","2025","Jan",2025-01-09,"Chinook Salmon","late-fall","BT-1","AC","EH, BP, MDD","33",20.8,119,"59AC",2025-01-03,"2:30",150,"1:40",100,"2:40",160,"","RT-20","2025-01-10 RT-20",NA,"CY","SB",""
"690","2025","Jan",2025-01-09,"Chinook Salmon","late-fall","BT-1","AC","EH, BP, MDD","34",49.3,162,"529B",2025-01-03,"2:19",139,"1:50",110,"1:39",99,"","RT-20","2025-01-10 RT-20",NA,"CY","SB",""
"691","2025","Jan",2025-01-09,"Chinook Salmon","late-fall","BT-1","AC","EH, BP, MDD","35",16.7,122,"5293",2025-01-03,"2:01",121,"1:53",113,"1:18",78,"","RT-20","2025-01-10 RT-20",NA,"CY","SB",""
"692","2025","Jan",2025-01-09,"Chinook Salmon","late-fall","BT-1","AC","EH, BP, MDD","36",66.3,168,"5257",2025-01-03,"2:37",157,"1:37",97,"1:22",82,"Boat wake, weight may be off","RT-20","2025-01-10 RT-20",NA,"CY","SB",""
"693","2025","Jan",2025-01-09,"Chinook Salmon","late-fall","BT-1","AC","EH, BP, MDD","37",30.6,149,"54DC",2025-01-03,"2:56",176,"1:20",80,"1:55",115,"","RT-20","2025-01-10 RT-20",NA,"CY","SB",""
"694","2025","Jan",2025-01-09,"Chinook Salmon","late-fall","BT-1","AC","EH, BP, MDD","38",20.7,118,"57AB",2025-01-03,"2:10",130,"1:41",101,"1:28",88,"","RT-20","2025-01-10 RT-20",NA,"CY","SB",""
"695","2025","Jan",2025-01-09,"Chinook Salmon","late-fall","BT-1","AC","EH, BP, MDD","39",21.7,137,"5494",2025-01-03,"2:27",147,"1:21",81,"1:05",65,"","RT-20","2025-01-10 RT-20",NA,"CY","SB",""
"696","2025","Jan",2025-01-09,"Chinook Salmon","late-fall","BT-1","AC","EH, BP, MDD","40",24.1,130,"54B8",2025-01-03,"2:17",137,"1:23",83,"1:29",89,"","RT-20","2025-01-10 RT-20",NA,"CY","SB",""
"697","2025","Jan",2025-01-09,"Chinook Salmon","late-fall","BT-2","AC","EH, BP, MDD","41",46.7,165,"5EDD",2025-01-03,"1:50",110,"1:32",92,"1:05",65,"","RT-21","2025-01-10 RT-21",NA,"CY","SB",""
"698","2025","Jan",2025-01-09,"Chinook Salmon","late-fall","BT-2","AC","EH, BP, MDD","42",23.4,135,"5289",2025-01-03,"1:32",92,"1:18",78,"2:00",120,"","RT-21","2025-01-10 RT-21",NA,"CY","SB",""
"699","2025","Jan",2025-01-09,"Chinook Salmon","late-fall","BT-2","AC","EH, BP, MDD","43",22.9,133,"5B12",2025-01-03,"1:57",117,"1:04",64,"1:05",65,"","RT-21","2025-01-10 RT-21",NA,"CY","SB",""
"700","2025","Jan",2025-01-09,"Chinook Salmon","late-fall","BT-2","AC","EH, BP, MDD","44",18.1,117,"52CF",2025-01-03,"2:18",138,"1:24",84,"1:23",83,"","RT-21","2025-01-10 RT-21",NA,"CY","SB",""
"701","2025","Jan",2025-01-09,"Chinook Salmon","late-fall","BT-2","AC","EH, BP, MDD","45",26.9,143,"5CB5",2025-01-03,"2:56",176,"1:25",85,"1:00",60,"","RT-21","2025-01-10 RT-21",NA,"CY","SB",""
"702","2025","Jan",2025-01-09,"Chinook Salmon","late-fall","BT-2","AC","EH, BP, MDD","46",14.6,125,"525C",2025-01-03,"2:10",130,"1:21",81,"1:10",70,"","RT-21","2025-01-10 RT-21",NA,"CY","SB",""
"703","2025","Jan",2025-01-09,"Chinook Salmon","late-fall","BT-2","AC","EH, BP, MDD","47",48.9,169,"5BAD",2025-01-03,"2:09",129,"1:46",106,"1:06",66,"","RT-21","2025-01-10 RT-21",NA,"CY","SB",""
"704","2025","Jan",2025-01-09,"Chinook Salmon","late-fall","BT-2","AC","EH, BP, MDD","48",44.6,157,"6296",2025-01-03,"2:15",135,"1:12",72,"1:23",83,"","RT-21","2025-01-10 RT-21",NA,"CY","SB",""
"705","2025","Jan",2025-01-09,"Chinook Salmon","late-fall","BT-2","AC","EH, BP, MDD","49",47.4,162,"542A",2025-01-03,"2:25",145,"1:20",80,"1:24",84,"","RT-21","2025-01-10 RT-21",NA,"CY","SB",""
"706","2025","Jan",2025-01-09,"Chinook Salmon","late-fall","BT-2","AC","EH, BP, MDD","50",34,143,"5D17",2025-01-03,"2:34",154,"1:20",80,"1:49",109,"","RT-21","2025-01-10 RT-21",NA,"CY","SB",""
"707","2025","Jan",2025-01-09,"Chinook Salmon","late-fall","BT-2","AC","EH, BP, MDD","51",40.3,152,"6275",2025-01-03,"3:27",207,"1:17",77,"1:18",78,"","RT-22","2025-01-10 RT-22",NA,"CY","SB",""
"708","2025","Jan",2025-01-09,"Chinook Salmon","late-fall","BT-2","AC","EH, BP, MDD","52",52.3,163,"53DA",2025-01-03,"2:05",125,"1:35",95,"1:28",88,"","RT-22","2025-01-10 RT-22",NA,"CY","SB",""
"709","2025","Jan",2025-01-09,"Chinook Salmon","late-fall","BT-2","AC","EH, BP, MDD","53",85.5,185,"5CAF",2025-01-03,"1:52",112,"1:15",75,"1:01",61,"","RT-22","2025-01-10 RT-22",NA,"CY","SB",""
"710","2025","Jan",2025-01-09,"Chinook Salmon","late-fall","BT-2","AC","EH, BP, MDD","54",48.5,167,"5D25",2025-01-03,"2:00",120,"1:22",82,"1:00",60,"","RT-22","2025-01-10 RT-22",NA,"CY","SB",""
"711","2025","Jan",2025-01-09,"Chinook Salmon","late-fall","BT-2","AC","EH, BP, MDD","55",57.7,152,"56AB",2025-01-03,"1:58",118,"1:38",98,"1:20",80,"","RT-22","2025-01-10 RT-22",NA,"CY","SB",""
"712","2025","Jan",2025-01-09,"Chinook Salmon","late-fall","BT-2","AC","EH, BP, MDD","56",57.1,170,"5297",2025-01-03,"2:06",126,"1:24",84,"1:05",65,"","RT-22","2025-01-10 RT-22",NA,"CY","SB",""
"713","2025","Jan",2025-01-09,"Chinook Salmon","late-fall","BT-2","AC","EH, BP, MDD","57",38.2,154,"5B66",2025-01-03,"2:05",125,"1:16",76,"2:04",124,"","RT-22","2025-01-10 RT-22",NA,"CY","SB",""
"714","2025","Jan",2025-01-09,"Chinook Salmon","late-fall","BT-2","AC","EH, BP, MDD","58",25.2,129,"5EA1",2025-01-03,"2:03",123,"1:26",86,"1:08",68,"","RT-22","2025-01-10 RT-22",NA,"CY","SB",""
"715","2025","Jan",2025-01-09,"Chinook Salmon","late-fall","BT-2","AC","EH, BP, MDD","59",24.8,140,"58BB",2025-01-03,"2:16",136,"1:28",88,"1:05",65,"","RT-22","2025-01-10 RT-22",NA,"CY","SB",""
"716","2025","Jan",2025-01-09,"Chinook Salmon","late-fall","BT-2","AC","EH, BP, MDD","60",38.1,157,"5A9E",2025-01-03,"2:01",121,"1:32",92,"2:15",135,"","RT-22","2025-01-10 RT-22",NA,"CY","SB",""
"717","2025","Jan",2025-01-09,"Chinook Salmon","late-fall","BT-2","AC","EH, BP, MDD","61",74.7,183,"57A9",2025-01-03,"2:30",150,"1:32",92,"1:12",72,"","RT-23","2025-01-10 RT-23",NA,"CY","SB",""
"718","2025","Jan",2025-01-09,"Chinook Salmon","late-fall","BT-2","AC","EH, BP, MDD","62",30.1,138,"5255",2025-01-03,"2:12",132,"1:32",92,"1:12",72,"","RT-23","2025-01-10 RT-23",NA,"CY","SB",""
"719","2025","Jan",2025-01-09,"Chinook Salmon","late-fall","BT-2","AC","EH, BP, MDD","63",55.2,160,"626B",2025-01-03,"2:09",129,"1:23",83,"1:14",74,"","RT-23","2025-01-10 RT-23",NA,"CY","SB",""
"720","2025","Jan",2025-01-09,"Chinook Salmon","late-fall","BT-2","AC","EH, BP, MDD","64",23.6,133,"52A3",2025-01-03,"2:22",142,"1:29",89,"3:03",183,"","RT-23","2025-01-10 RT-23",NA,"CY","SB",""
"721","2025","Jan",2025-01-09,"Chinook Salmon","late-fall","BT-2","AC","EH, BP, MDD","65",39.5,148,"5262",2025-01-03,"2:02",122,"1:18",78,"2:22",142,"","RT-23","2025-01-10 RT-23",NA,"CY","SB",""
"722","2025","Jan",2025-01-09,"Chinook Salmon","late-fall","BT-2","AC","EH, BP, MDD","66",55.7,173,"5939",2025-01-03,"2:34",154,"1:28",88,"1:20",80,"","RT-23","2025-01-10 RT-23",NA,"CY","SB",""
"723","2025","Jan",2025-01-09,"Chinook Salmon","late-fall","BT-2","AC","EH, BP, MDD","67",51.9,168,"529C",2025-01-03,"2:21",141,"1:49",109,"1:30",90,"","RT-23","2025-01-10 RT-23",NA,"CY","SB",""
"724","2025","Jan",2025-01-09,"Chinook Salmon","late-fall","BT-2","AC","EH, BP, MDD","68",29.6,137,"5BAC",2025-01-03,"1:55",115,"1:19",79,"2:00",120,"","RT-23","2025-01-10 RT-23",NA,"CY","SB",""
"725","2025","Jan",2025-01-09,"Chinook Salmon","late-fall","BT-2","AC","EH, BP, MDD","69",58.7,170,"5EB1",2025-01-03,"1:58",118,"1:20",80,"1:22",82,"","RT-23","2025-01-10 RT-23",NA,"CY","SB",""
"726","2025","Jan",2025-01-09,"Chinook Salmon","late-fall","BT-2","AC","EH, BP, MDD","70",46.4,156,"59B3",2025-01-03,"2:19",139,"1:10",70,"1:22",82,"","RT-23","2025-01-10 RT-23",NA,"CY","SB",""
"727","2025","Jan",2025-01-09,"Chinook Salmon","late-fall","BT-2","AC","EH, BP, MDD","71",31.1,148,"61AA",2025-01-03,"2:31",151,"1:12",72,"1:30",90,"","RT-24","2025-01-10 RT-24",NA,"CY","SB",""
"728","2025","Jan",2025-01-09,"Chinook Salmon","late-fall","BT-2","AC","EH, BP, MDD","72",70.7,180,"5CDB",2025-01-03,"2:18",138,"1:35",95,"2:00",120,"","RT-24","2025-01-10 RT-24",NA,"CY","SB",""
"729","2025","Jan",2025-01-09,"Chinook Salmon","late-fall","BT-2","AC","EH, BP, MDD","73",28.9,144,"5B2F",2025-01-03,"2:15",135,"1:23",83,"1:07",67,"","RT-24","2025-01-10 RT-24",NA,"CY","SB",""
"730","2025","Jan",2025-01-09,"Chinook Salmon","late-fall","BT-2","AC","EH, BP, MDD","74",29.2,137,"5F5B",2025-01-03,"1:28",88,"1:25",85,"2:00",120,"","RT-24","2025-01-10 RT-24",NA,"CY","SB",""
"731","2025","Jan",2025-01-09,"Chinook Salmon","late-fall","BT-2","AC","EH, BP, MDD","75",12.7,107,"58EA",2025-01-03,"2:06",126,"1:56",116,"1:32",92,"","RT-24","2025-01-10 RT-24",NA,"CY","SB",""
"732","2025","Jan",2025-01-09,"Chinook Salmon","late-fall","BT-2","AC","EH, BP, MDD","76",44.1,154,"622B",2025-01-03,"2:07",127,"1:33",93,"1:06",66,"","RT-24","2025-01-10 RT-24",NA,"CY","SB",""
"733","2025","Jan",2025-01-09,"Chinook Salmon","late-fall","BT-2","AC","EH, BP, MDD","77",58.7,172,"5937",2025-01-03,"2:24",144,"1:20",80,"1:32",92,"","RT-24","2025-01-10 RT-24",NA,"CY","SB",""
"734","2025","Jan",2025-01-09,"Chinook Salmon","late-fall","BT-2","AC","EH, BP, MDD","78",17.9,124,"5E65",2025-01-03,"2:01",121,"1:38",98,"1:10",70,"","RT-24","2025-01-10 RT-24",NA,"CY","SB",""
"735","2025","Jan",2025-01-09,"Chinook Salmon","late-fall","BT-2","AC","EH, BP, MDD","79",28.8,147,"5A59",2025-01-03,"2:24",144,"1:23",83,"1:29",89,"","RT-24","2025-01-10 RT-24",NA,"CY","SB",""
"736","2025","Jan",2025-01-09,"Chinook Salmon","late-fall","BT-2","AC","EH, BP, MDD","80",17.9,127,"5253",2025-01-03,"1:53",113,"1:20",80,"2:12",132,"","RT-24","2025-01-10 RT-24",NA,"CY","SB",""
"737","2025","Jan",2025-01-14,"Chinook Salmon","late-fall","BT-1","NJ","AC, KB","1",51.9,170,"5493",2025-01-10,"2:49",169,"1:42",102,"2:30",150,"","RT-1","2025-01-15 RT-1",NA,"CY","SB",""
"738","2025","Jan",2025-01-14,"Chinook Salmon","late-fall","BT-1","NJ","AC, KB","2",33.9,144,"5D89",2025-01-10,"2:28",148,"1:22",82,"2:00",120,"","RT-1","2025-01-15 RT-1",NA,"CY","SB",""
"739","2025","Jan",2025-01-14,"Chinook Salmon","late-fall","BT-1","NJ","AC, KB","3",78.3,188,"54D1",2025-01-10,"2:21",141,"1:14",74,"2:33",153,"","RT-1","2025-01-15 RT-1",NA,"CY","SB",""
"740","2025","Jan",2025-01-14,"Chinook Salmon","late-fall","BT-1","NJ","AC, KB","4",25.6,141,"5AC7",2025-01-10,"3:37",217,"1:13",73,"4:00",240,"","RT-1","2025-01-15 RT-1",NA,"CY","SB",""
"741","2025","Jan",2025-01-14,"Chinook Salmon","late-fall","BT-1","NJ","AC, KB","5",26.5,139,"53ED",2025-01-10,"1:53",113,"1:23",83,"1:37",97,"","RT-1","2025-01-15 RT-1",NA,"CY","SB",""
"742","2025","Jan",2025-01-14,"Chinook Salmon","late-fall","BT-1","NJ","AC, KB","6",57.7,172,"622D",2025-01-10,"2:52",172,"2:01",121,"1:26",86,"","RT-1","2025-01-15 RT-1",NA,"CY","SB",""
"743","2025","Jan",2025-01-14,"Chinook Salmon","late-fall","BT-1","NJ","AC, KB","7",36.8,160,"59B4",2025-01-10,"3:32",212,"1:28",88,"4:00",240,"","RT-1","2025-01-15 RT-1",NA,"CY","SB",""
"744","2025","Jan",2025-01-14,"Chinook Salmon","late-fall","BT-1","NJ","AC, KB","8",31.4,141,"5286",2025-01-10,"2:45",165,"1:31",91,"3:14",194,"","RT-1","2025-01-15 RT-1",NA,"CY","SB",""
"745","2025","Jan",2025-01-14,"Chinook Salmon","late-fall","BT-1","NJ","AC, KB","9",51.6,171,"593C",2025-01-10,"3:19",199,"1:18",78,"2:50",170,"","RT-1","2025-01-15 RT-1",NA,"CY","SB",""
"746","2025","Jan",2025-01-14,"Chinook Salmon","late-fall","BT-1","NJ","AC, KB","10",42.9,159,"54B7",2025-01-10,"3:18",198,"1:32",92,"2:50",170,"","RT-1","2025-01-15 RT-1",NA,"CY","SB",""
"747","2025","Jan",2025-01-14,"Chinook Salmon","late-fall","BT-1","NJ","AC, KB","11",20.8,131,"5A98",2025-01-10,"2:45",165,"1:34",94,"2:19",139,"","RT-2","2025-01-15 RT-2",NA,"CY","SB",""
"748","2025","Jan",2025-01-14,"Chinook Salmon","late-fall","BT-1","NJ","AC, KB","12",40.6,150,"56B9",2025-01-10,"2:23",143,"1:17",77,"2:29",149,"","RT-2","2025-01-15 RT-2",NA,"CY","SB",""
"749","2025","Jan",2025-01-14,"Chinook Salmon","late-fall","BT-1","NJ","AC, KB","13",117.6,210,"5BA8",2025-01-10,"2:34",154,"1:31",91,"2:40",160,"","RT-2","2025-01-15 RT-2",NA,"CY","SB",""
"750","2025","Jan",2025-01-14,"Chinook Salmon","late-fall","BT-1","NJ","AC, KB","14",15.8,119,"5A50",2025-01-10,"4:24",264,"1:05",65,"2:06",126,"","RT-2","2025-01-15 RT-2",NA,"CY","SB",""
"751","2025","Jan",2025-01-14,"Chinook Salmon","late-fall","BT-1","NJ","AC, KB","15",42.7,152,"6289",2025-01-10,"2:29",149,"1:07",67,"2:30",150,"","RT-2","2025-01-15 RT-2",NA,"CY","SB",""
"752","2025","Jan",2025-01-14,"Chinook Salmon","late-fall","BT-1","NJ","AC, KB","16",23.7,135,"586D",2025-01-10,"2:18",138,"1:11",71,"1:50",110,"","RT-2","2025-01-15 RT-2",NA,"CY","SB",""
"753","2025","Jan",2025-01-14,"Chinook Salmon","late-fall","BT-1","NJ","AC, KB","17",28.8,156,"53AC",2025-01-10,"2:46",166,"1:22",82,"4:17",257,"","RT-2","2025-01-15 RT-2",NA,"CY","SB",""
"754","2025","Jan",2025-01-14,"Chinook Salmon","late-fall","BT-1","NJ","AC, KB","18",34.3,142,"5F51",2025-01-10,"3:07",187,"1:36",96,"3:20",200,"","RT-2","2025-01-15 RT-2",NA,"CY","SB",""
"755","2025","Jan",2025-01-14,"Chinook Salmon","late-fall","BT-1","NJ","AC, KB","19",50.4,161,"5BA5",2025-01-10,"2:32",152,"1:19",79,"1:08",68,"","RT-2","2025-01-15 RT-2",NA,"CY","SB",""
"756","2025","Jan",2025-01-14,"Chinook Salmon","late-fall","BT-1","NJ","AC, KB","20",8.6,98,"5A9B",2025-01-10,"2:28",148,"1:41",101,"1:52",112,"","RT-2","2025-01-15 RT-2",NA,"CY","SB",""
"757","2025","Jan",2025-01-14,"Chinook Salmon","late-fall","BT-1","NJ","AC, KB","21",37,156,"5CED",2025-01-10,"2:33",153,"1:10",70,"4:00",240,"","RT-3","2025-01-15 RT-3",NA,"CY","SB",""
"758","2025","Jan",2025-01-14,"Chinook Salmon","late-fall","BT-1","NJ","AC, KB","22",41.1,160,"5DA8",2025-01-10,"2:31",151,"1:36",96,"3:00",180,"","RT-3","2025-01-15 RT-3",NA,"CY","SB",""
"759","2025","Jan",2025-01-14,"Chinook Salmon","late-fall","BT-1","NJ","AC, KB","23",40.3,159,"551C",2025-01-10,"2:49",169,"1:23",83,"4:16",256,"","RT-3","2025-01-15 RT-3",NA,"CY","SB",""
"760","2025","Jan",2025-01-14,"Chinook Salmon","late-fall","BT-1","NJ","AC, KB","24",40.1,160,"5ABD",2025-01-10,"2:40",160,"1:13",73,"1:34",94,"","RT-3","2025-01-15 RT-3",NA,"CY","SB",""
"761","2025","Jan",2025-01-14,"Chinook Salmon","late-fall","BT-1","NJ","AC, KB","25",58.4,170,"5455",2025-01-10,"3:08",188,"1:19",79,"3:16",196,"","RT-3","2025-01-15 RT-3",NA,"CY","SB",""
"762","2025","Jan",2025-01-14,"Chinook Salmon","late-fall","BT-1","NJ","AC, KB","26",111.3,206,"5A9D",2025-01-10,"3:36",216,"1:28",88,"3:00",180,"","RT-3","2025-01-15 RT-3",NA,"CY","SB",""
"763","2025","Jan",2025-01-14,"Chinook Salmon","late-fall","BT-1","NJ","AC, KB","27",28.8,141,"58EB",2025-01-10,"2:59",179,"1:19",79,"4:00",240,"","RT-3","2025-01-15 RT-3",NA,"CY","SB",""
"764","2025","Jan",2025-01-14,"Chinook Salmon","late-fall","BT-1","NJ","AC, KB","28",20.5,122,"5A85",2025-01-10,"3:02",182,"1:48",108,"4:00",240,"","RT-3","2025-01-15 RT-3",NA,"CY","SB",""
"765","2025","Jan",2025-01-14,"Chinook Salmon","late-fall","BT-1","NJ","AC, KB","29",38.5,150,"5BC5",2025-01-10,"4:12",252,"1:21",81,"3:30",210,"","RT-3","2025-01-15 RT-3",NA,"CY","SB",""
"766","2025","Jan",2025-01-14,"Chinook Salmon","late-fall","BT-1","NJ","AC, KB","30",58.1,175,"58B6",2025-01-10,"3:52",232,"1:15",75,"2:45",165,"","RT-3","2025-01-15 RT-3",NA,"CY","SB",""
"767","2025","Jan",2025-01-14,"Chinook Salmon","late-fall","BT-1","NJ","AC, KB","31",79.1,187,"543D",2025-01-10,"2:54",174,"1:21",81,"3:00",180,"","RT-4","2025-01-15 RT-4",NA,"CY","SB",""
"768","2025","Jan",2025-01-14,"Chinook Salmon","late-fall","BT-1","NJ","AC, KB","32",40.8,152,"5E5A",2025-01-10,"2:48",168,"1:19",79,"4:35",275,"","RT-4","2025-01-15 RT-4",NA,"CY","SB",""
"769","2025","Jan",2025-01-14,"Chinook Salmon","late-fall","BT-1","NJ","AC, KB","33",71.6,176,"590B",2025-01-10,"3:06",186,"1:29",89,"3:00",180,"","RT-4","2025-01-15 RT-4",NA,"CY","SB",""
"770","2025","Jan",2025-01-14,"Chinook Salmon","late-fall","BT-1","NJ","AC, KB","34",66.1,176,"5CEB",2025-01-10,"2:19",139,"1:48",108,"1:57",117,"","RT-4","2025-01-15 RT-4",NA,"CY","SB",""
"771","2025","Jan",2025-01-14,"Chinook Salmon","late-fall","BT-1","NJ","AC, KB","35",48.4,163,"5A7D",2025-01-10,"2:40",160,"1:43",103,"2:02",122,"","RT-4","2025-01-15 RT-4",NA,"CY","SB",""
"772","2025","Jan",2025-01-14,"Chinook Salmon","late-fall","BT-1","NJ","AC, KB","36",83.1,185,"5A46",2025-01-10,"2:22",142,"1:29",89,"3:35",215,"","RT-4","2025-01-15 RT-4",NA,"CY","SB",""
"773","2025","Jan",2025-01-14,"Chinook Salmon","late-fall","BT-1","NJ","AC, KB","37",28.6,145,"5DA9",2025-01-10,"3:39",219,"1:45",105,"3:20",200,"","RT-4","2025-01-15 RT-4",NA,"CY","SB",""
"774","2025","Jan",2025-01-14,"Chinook Salmon","late-fall","BT-1","NJ","AC, KB","38",57.5,167,"5EB9",2025-01-10,"2:38",158,"1:05",65,"2:02",122,"","RT-4","2025-01-15 RT-4",NA,"CY","SB",""
"775","2025","Jan",2025-01-14,"Chinook Salmon","late-fall","BT-1","NJ","AC, KB","39",23.2,130,"5265",2025-01-10,"2:26",146,"1:16",76,"2:37",157,"","RT-4","2025-01-15 RT-4",NA,"CY","SB",""
"776","2025","Jan",2025-01-14,"Chinook Salmon","late-fall","BT-1","NJ","AC, KB","40",32,146,"5B37",2025-01-10,"2:49",169,"1:08",68,"4:27",267,"","RT-4","2025-01-15 RT-4",NA,"CY","SB",""
"777","2025","Jan",2025-01-14,"Chinook Salmon","late-fall","BT-2","AC","NJ, KB","41",39.9,159,"6252",2025-01-10,"2:50",170,"1:39",99,"2:05",125,"Skinny","RT-5","2025-01-15 RT-5",NA,"CY","SB",""
"778","2025","Jan",2025-01-14,"Chinook Salmon","late-fall","BT-2","AC","NJ, KB","42",13.7,110,"5AA9",2025-01-10,"3:28",208,"1:43",103,"3:08",188,"","RT-5","2025-01-15 RT-5",NA,"CY","SB",""
"779","2025","Jan",2025-01-14,"Chinook Salmon","late-fall","BT-2","AC","NJ, KB","43",47.8,164,"59EB",2025-01-10,"2:51",171,"1:34",94,"3:27",207,"","RT-5","2025-01-15 RT-5",NA,"CY","SB",""
"780","2025","Jan",2025-01-14,"Chinook Salmon","late-fall","BT-2","AC","NJ, KB","44",55,165,"5958",2025-01-10,"2:12",132,"1:35",95,"1:29",89,"","RT-5","2025-01-15 RT-5",NA,"CY","SB",""
"781","2025","Jan",2025-01-14,"Chinook Salmon","late-fall","BT-2","AC","NJ, KB","45",17.8,126,"52AF",2025-01-10,"2:25",145,"1:52",112,"1:05",65,"Skinny","RT-5","2025-01-15 RT-5",NA,"CY","SB",""
"782","2025","Jan",2025-01-14,"Chinook Salmon","late-fall","BT-2","AC","NJ, KB","46",51.3,164,"6291",2025-01-10,"2:34",154,"1:41",101,"1:07",67,"","RT-5","2025-01-15 RT-5",NA,"CY","SB",""
"783","2025","Jan",2025-01-14,"Chinook Salmon","late-fall","BT-2","AC","NJ, KB","47",27.3,146,"5D0A",2025-01-10,"2:26",146,"1:30",90,"3:08",188,"Skinny","RT-5","2025-01-15 RT-5",NA,"CY","SB",""
"784","2025","Jan",2025-01-14,"Chinook Salmon","late-fall","BT-2","AC","NJ, KB","48",41.7,153,"52A5",2025-01-10,"2:17",137,"1:43",103,"3:20",200,"","RT-5","2025-01-15 RT-5",NA,"CY","SB",""
"785","2025","Jan",2025-01-14,"Chinook Salmon","late-fall","BT-2","AC","NJ, KB","49",69.1,182,"5CD1",2025-01-10,"2:41",161,"1:34",94,"2:27",147,"","RT-5","2025-01-15 RT-5",NA,"CY","SB",""
"786","2025","Jan",2025-01-14,"Chinook Salmon","late-fall","BT-2","AC","NJ, KB","50",16.1,120,"5D27",2025-01-10,"2:50",170,"1:32",92,"1:28",88,"","RT-5","2025-01-15 RT-5",NA,"CY","SB",""
"787","2025","Jan",2025-01-14,"Chinook Salmon","late-fall","BT-2","AC","NJ, KB","51",39.7,148,"5A2B",2025-01-10,"2:32",152,"1:21",81,"3:41",221,"","RT-6","2025-01-15 RT-6",NA,"CY","SB",""
"788","2025","Jan",2025-01-14,"Chinook Salmon","late-fall","BT-2","AC","NJ, KB","52",34.2,151,"57A8",2025-01-10,"3:13",193,"1:17",77,"3:43",223,"","RT-6","2025-01-15 RT-6",NA,"CY","SB",""
"789","2025","Jan",2025-01-14,"Chinook Salmon","late-fall","BT-2","AC","NJ, KB","53",78.4,184,"5491",2025-01-10,"3:06",186,"1:26",86,"3:16",196,"","RT-6","2025-01-15 RT-6",NA,"CY","SB",""
"790","2025","Jan",2025-01-14,"Chinook Salmon","late-fall","BT-2","AC","NJ, KB","54",25.5,140,"5CBA",2025-01-10,"2:40",160,"1:26",86,"1:15",75,"","RT-6","2025-01-15 RT-6",NA,"CY","SB",""
"791","2025","Jan",2025-01-14,"Chinook Salmon","late-fall","BT-2","AC","NJ, KB","55",54.9,170,"5ABF",2025-01-10,"2:37",157,"1:36",96,"3:27",207,"","RT-6","2025-01-15 RT-6",NA,"CY","SB",""
"792","2025","Jan",2025-01-14,"Chinook Salmon","late-fall","BT-2","AC","NJ, KB","56",19.8,123,"5D45",2025-01-10,"2:44",164,"1:29",89,"4:08",248,"","RT-6","2025-01-15 RT-6",NA,"CY","SB",""
"793","2025","Jan",2025-01-14,"Chinook Salmon","late-fall","BT-2","AC","NJ, KB","57",36.8,147,"5279",2025-01-10,"2:52",172,"1:20",80,"3:37",217,"","RT-6","2025-01-15 RT-6",NA,"CY","SB",""
"794","2025","Jan",2025-01-14,"Chinook Salmon","late-fall","BT-2","AC","NJ, KB","58",43.4,153,"5CD2",2025-01-10,"2:34",154,"1:28",88,"3:36",216,"","RT-6","2025-01-15 RT-6",NA,"CY","SB",""
"795","2025","Jan",2025-01-14,"Chinook Salmon","late-fall","BT-2","AC","NJ, KB","59",55.8,169,"5AA3",2025-01-10,"2:50",170,"1:24",84,"3:05",185,"","RT-6","2025-01-15 RT-6",NA,"CY","SB",""
"796","2025","Jan",2025-01-14,"Chinook Salmon","late-fall","BT-2","AC","NJ, KB","60",26.9,147,"56B1",2025-01-10,"2:32",152,"1:33",93,"1:49",109,"","RT-6","2025-01-15 RT-6",NA,"CY","SB",""
"797","2025","Jan",2025-01-14,"Chinook Salmon","late-fall","BT-2","AC","NJ, KB","61",23.6,135,"622A",2025-01-10,"2:49",169,"1:25",85,"1:06",66,"","RT-7","2025-01-15 RT-7",NA,"CY","SB",""
"798","2025","Jan",2025-01-14,"Chinook Salmon","late-fall","BT-2","AC","NJ, KB","62",67.2,181,"6269",2025-01-10,"2:37",157,"1:18",78,"1:31",91,"","RT-7","2025-01-15 RT-7",NA,"CY","SB",""
"799","2025","Jan",2025-01-14,"Chinook Salmon","late-fall","BT-2","AC","NJ, KB","63",83.7,185,"5497",2025-01-10,"2:36",156,"1:44",104,"3:17",197,"","RT-7","2025-01-15 RT-7",NA,"CY","SB",""
"800","2025","Jan",2025-01-14,"Chinook Salmon","late-fall","BT-2","AC","NJ, KB","64",76.8,186,"5F55",2025-01-10,"2:44",164,"1:23",83,"1:26",86,"","RT-7","2025-01-15 RT-7",NA,"CY","SB",""
"801","2025","Jan",2025-01-14,"Chinook Salmon","late-fall","BT-2","AC","NJ, KB","65",40.1,158,"532D",2025-01-10,"2:33",153,"1:30",90,"2:14",134,"","RT-7","2025-01-15 RT-7",NA,"CY","SB",""
"802","2025","Jan",2025-01-14,"Chinook Salmon","late-fall","BT-2","AC","NJ, KB","66",57.7,162,"58C9",2025-01-10,"2:34",154,"1:23",83,"4:18",258,"","RT-7","2025-01-15 RT-7",NA,"CY","SB",""
"803","2025","Jan",2025-01-14,"Chinook Salmon","late-fall","BT-2","AC","NJ, KB","67",30.9,147,"56A7",2025-01-10,"2:34",154,"1:42",102,"1:12",72,"","RT-7","2025-01-15 RT-7",NA,"CY","SB",""
"804","2025","Jan",2025-01-14,"Chinook Salmon","late-fall","BT-2","AC","NJ, KB","68",52.3,161,"54A3",2025-01-10,"2:58",178,"1:34",94,"1:29",89,"","RT-7","2025-01-15 RT-7",NA,"CY","SB",""
"805","2025","Jan",2025-01-14,"Chinook Salmon","late-fall","BT-2","AC","NJ, KB","69",32.4,150,"59A2",2025-01-10,"2:41",161,"1:31",91,"3:12",192,"","RT-7","2025-01-15 RT-7",NA,"CY","SB",""
"806","2025","Jan",2025-01-14,"Chinook Salmon","late-fall","BT-2","AC","NJ, KB","70",23.1,135,"58B3",2025-01-10,"2:34",154,"1:38",98,"1:16",76,"Skinny","RT-7","2025-01-15 RT-7",NA,"CY","SB",""
"807","2025","Jan",2025-01-14,"Chinook Salmon","late-fall","BT-2","AC","NJ, KB","71",36.7,153,"54A0",2025-01-10,"2:34",154,"1:32",92,"1:13",73,"","RT-8","2025-01-15 RT-8",NA,"CY","SB",""
"808","2025","Jan",2025-01-14,"Chinook Salmon","late-fall","BT-2","AC","NJ, KB","72",48.8,158,"58AF",2025-01-10,"2:29",149,"2:53",173,"3:13",193,"","RT-8","2025-01-15 RT-8",NA,"CY","SB",""
"809","2025","Jan",2025-01-14,"Chinook Salmon","late-fall","BT-2","AC","NJ, KB","73",28.5,142,"543A",2025-01-10,"4:22",262,"1:19",79,"2:36",156,"","RT-8","2025-01-15 RT-8",NA,"CY","SB",""
"810","2025","Jan",2025-01-14,"Chinook Salmon","late-fall","BT-2","AC","NJ, KB","74",27.1,143,"599A",2025-01-10,"2:32",152,"1:40",100,"1:26",86,"","RT-8","2025-01-15 RT-8",NA,"CY","SB",""
"811","2025","Jan",2025-01-14,"Chinook Salmon","late-fall","BT-2","AC","NJ, KB","75",43.9,160,"54CD",2025-01-10,"2:56",176,"1:43",103,"3:07",187,"","RT-8","2025-01-15 RT-8",NA,"CY","SB",""
"812","2025","Jan",2025-01-14,"Chinook Salmon","late-fall","BT-2","AC","NJ, KB","76",35.2,141,"58CD",2025-01-10,"2:41",161,"1:44",104,"2:39",159,"","RT-8","2025-01-15 RT-8",NA,"CY","SB",""
"813","2025","Jan",2025-01-14,"Chinook Salmon","late-fall","BT-2","AC","NJ, KB","77",38,154,"5698",2025-01-10,"2:12",132,"1:42",102,"1:09",69,"","RT-8","2025-01-15 RT-8",NA,"CY","SB",""
"814","2025","Jan",2025-01-14,"Chinook Salmon","late-fall","BT-2","AC","NJ, KB","78",20.3,128,"625B",2025-01-10,"2:24",144,"1:23",83,"3:08",188,"","RT-8","2025-01-15 RT-8",NA,"CY","SB",""
"815","2025","Jan",2025-01-14,"Chinook Salmon","late-fall","BT-2","AC","NJ, KB","79",39.6,151,"6235",2025-01-10,"2:31",151,"1:33",93,"1:34",94,"","RT-8","2025-01-15 RT-8",NA,"CY","SB",""
"816","2025","Jan",2025-01-14,"Chinook Salmon","late-fall","BT-2","AC","NJ, KB","80",46.5,167,"5D92",2025-01-10,"2:43",163,"2:00",120,"2:10",130,"","RT-8","2025-01-15 RT-8",NA,"CY","SB",""
"817","2025","Jan",2025-01-14,"Chinook Salmon","late-fall","BT-1","NJ","AC, KB","D1",46.7,170,"95B2",2025-01-10,"2:19",139,"1:39",99,"2:15",135,"Dummy Tag",NA,NA,"A","CY","SB",""
"818","2025","Jan",2025-01-14,"Chinook Salmon","late-fall","BT-1","NJ","AC, KB","D2",36.5,146,"2335",2025-01-10,"2:54",174,"1:22",82,"2:06",126,"Dummy Tag",NA,NA,"A","CY","SB",""
"819","2025","Jan",2025-01-14,"Chinook Salmon","late-fall","BT-1","NJ","AC, KB","D3",20.8,132,"9CAD",2025-01-10,"3:05",185,"1:46",106,"2:20",140,"Dummy Tag, Skinny",NA,NA,"A","CY","SB",""
"820","2025","Jan",2025-01-14,"Chinook Salmon","late-fall","BT-1","NJ","AC, KB","D4",35.8,150,"A23A",2025-01-10,"3:27",207,"1:38",98,"3:10",190,"Dummy Tag",NA,NA,"A","CY","SB",""
"821","2025","Jan",2025-01-14,"Chinook Salmon","late-fall","BT-2","AC","NJ, KB","D5",53.5,163,"A284",2025-01-10,"2:50",170,"1:39",99,"4:50",290,"Dummy Tag",NA,NA,"A","CY","SB",""
"822","2025","Jan",2025-01-14,"Chinook Salmon","late-fall","BT-2","AC","NJ, KB","D6",59.2,169,"250A",2025-01-10,"2:41",161,"1:33",93,"3:07",187,"Dummy Tag",NA,NA,"A","CY","SB",""
"823","2025","Jan",2025-01-14,"Chinook Salmon","late-fall","BT-2","AC","NJ, KB","D7",21.6,132,"1EDA",2025-01-10,"3:12",192,"1:53",113,"1:05",65,"Dummy Tag, Skinny",NA,NA,"A","CY","SB",""
"824","2025","Jan",2025-01-14,"Chinook Salmon","late-fall","BT-2","AC","NJ, KB","D8",81.5,181,"23A9",2025-01-10,"2:47",167,"1:38",98,"1:06",66,"Dummy Tag, Jumpy",NA,NA,"A","CY","SB",""
"825","2025","Jan",2025-01-15,"Chinook Salmon","late-fall","BT-3","NJ","AC, EH, CC","1",52,171,"5CE5",2025-01-10,"2:45",165,"1:13",73,"3:40",220,"","RT-9","2025-01-16 RT-9",NA,"EH","SB",""
"826","2025","Jan",2025-01-15,"Chinook Salmon","late-fall","BT-3","NJ","AC, EH, CC","2",45.6,168,"585D",2025-01-10,"2:55",175,"1:28",88,"2:50",170,"","RT-9","2025-01-16 RT-9",NA,"EH","SB",""
"827","2025","Jan",2025-01-15,"Chinook Salmon","late-fall","BT-3","NJ","AC, EH, CC","3",100.6,196,"5D3A",2025-01-10,"2:17",137,"1:30",90,"3:00",180,"","RT-9","2025-01-16 RT-9",NA,"EH","SB",""
"828","2025","Jan",2025-01-15,"Chinook Salmon","late-fall","BT-3","NJ","AC, EH, CC","4",102.4,197,"5A7A",2025-01-10,"2:11",131,"1:23",83,"4:00",240,"","RT-9","2025-01-16 RT-9",NA,"EH","SB",""
"829","2025","Jan",2025-01-15,"Chinook Salmon","late-fall","BT-3","NJ","AC, EH, CC","5",29.6,149,"5AF1",2025-01-10,"3:22",202,"1:33",93,"2:36",156,"Skinny","RT-9","2025-01-16 RT-9",NA,"EH","SB",""
"830","2025","Jan",2025-01-15,"Chinook Salmon","late-fall","BT-3","NJ","AC, EH, CC","6",50.2,164,"5D7D",2025-01-10,"2:30",150,"1:15",75,"3:45",225,"","RT-9","2025-01-16 RT-9",NA,"EH","SB",""
"831","2025","Jan",2025-01-15,"Chinook Salmon","late-fall","BT-3","NJ","AC, EH, CC","7",101.6,199,"5CD9",2025-01-10,"3:37",217,"1:23",83,"3:40",220,"","RT-9","2025-01-16 RT-9",NA,"EH","SB",""
"832","2025","Jan",2025-01-15,"Chinook Salmon","late-fall","BT-3","NJ","AC, EH, CC","8",43,162,"5974",2025-01-10,"2:11",131,"2:06",126,"1:25",85,"","RT-9","2025-01-16 RT-9",NA,"EH","SB",""
"833","2025","Jan",2025-01-15,"Chinook Salmon","late-fall","BT-3","NJ","AC, EH, CC","9",39.4,160,"5EDB",2025-01-10,"3:11",191,"1:09",69,"4:45",285,"","RT-9","2025-01-16 RT-9",NA,"EH","SB",""
"834","2025","Jan",2025-01-15,"Chinook Salmon","late-fall","BT-3","NJ","AC, EH, CC","10",24.2,137,"53AF",2025-01-10,"2:53",173,"1:43",103,"2:42",162,"","RT-9","2025-01-16 RT-9",NA,"EH","SB",""
"835","2025","Jan",2025-01-15,"Chinook Salmon","late-fall","BT-3","NJ","AC, EH, CC","11",40.9,156,"6245",2025-01-10,"2:47",167,"1:33",93,"2:22",142,"","RT-10","2025-01-16 RT-10",NA,"EH","SB",""
"836","2025","Jan",2025-01-15,"Chinook Salmon","late-fall","BT-3","NJ","AC, EH, CC","12",57.3,170,"5CD4",2025-01-10,"2:15",135,"1:13",73,"2:30",150,"","RT-10","2025-01-16 RT-10",NA,"EH","SB",""
"837","2025","Jan",2025-01-15,"Chinook Salmon","late-fall","BT-3","NJ","AC, EH, CC","13",48.8,160,"5442",2025-01-10,"1:29",89,"1:31",91,"2:30",150,"","RT-10","2025-01-16 RT-10",NA,"EH","SB",""
"838","2025","Jan",2025-01-15,"Chinook Salmon","late-fall","BT-3","NJ","AC, EH, CC","14",24.2,139,"547A",2025-01-10,"2:09",129,"1:08",68,"3:41",221,"Skinny","RT-10","2025-01-16 RT-10",NA,"EH","SB",""
"839","2025","Jan",2025-01-15,"Chinook Salmon","late-fall","BT-3","NJ","AC, EH, CC","15",15.7,123,"5291",2025-01-10,"1:53",113,"1:20",80,"2:55",175,"","RT-10","2025-01-16 RT-10",NA,"EH","SB",""
"840","2025","Jan",2025-01-15,"Chinook Salmon","late-fall","BT-3","NJ","AC, EH, CC","16",58.9,171,"5AAB",2025-01-10,"2:34",154,"1:12",72,"2:55",175,"","RT-10","2025-01-16 RT-10",NA,"EH","SB",""
"841","2025","Jan",2025-01-15,"Chinook Salmon","late-fall","BT-3","NJ","AC, EH, CC","17",39.9,150,"56CD",2025-01-10,"2:13",133,"1:22",82,"3:24",204,"","RT-10","2025-01-16 RT-10",NA,"EH","SB",""
"842","2025","Jan",2025-01-15,"Chinook Salmon","late-fall","BT-3","NJ","AC, EH, CC","18",29.2,140,"5EED",2025-01-10,"2:01",121,"1:16",76,"3:01",181,"","RT-10","2025-01-16 RT-10",NA,"EH","SB",""
"843","2025","Jan",2025-01-15,"Chinook Salmon","late-fall","BT-3","NJ","AC, EH, CC","19",46.6,165,"54D5",2025-01-10,"2:01",121,"1:03",63,"1:34",94,"","RT-10","2025-01-16 RT-10",NA,"EH","SB",""
"844","2025","Jan",2025-01-15,"Chinook Salmon","late-fall","BT-3","NJ","AC, EH, CC","20",45.7,162,"53B5",2025-01-10,"2:29",149,"1:13",73,"3:28",208,"","RT-10","2025-01-16 RT-10",NA,"EH","SB",""
"845","2025","Jan",2025-01-15,"Chinook Salmon","late-fall","BT-3","NJ","AC, EH, CC","21",31.6,151,"5D9D",2025-01-10,"2:05",125,"1:15",75,"3:40",220,"","RT-11","2025-01-16 RT-11",NA,"EH","SB",""
"846","2025","Jan",2025-01-15,"Chinook Salmon","late-fall","BT-3","NJ","AC, EH, CC","22",39.6,158,"54C1",2025-01-10,"2:20",140,"1:16",76,"2:38",158,"","RT-11","2025-01-16 RT-11",NA,"EH","SB",""
"847","2025","Jan",2025-01-15,"Chinook Salmon","late-fall","BT-3","NJ","AC, EH, CC","23",13.8,116,"5D28",2025-01-10,"2:12",132,"1:28",88,"3:52",232,"","RT-11","2025-01-16 RT-11",NA,"EH","SB",""
"848","2025","Jan",2025-01-15,"Chinook Salmon","late-fall","BT-3","NJ","AC, EH, CC","24",38.6,160,"5944",2025-01-10,"2:17",137,"1:09",69,"4:45",285,"","RT-11","2025-01-16 RT-11",NA,"EH","SB",""
"849","2025","Jan",2025-01-15,"Chinook Salmon","late-fall","BT-3","NJ","AC, EH, CC","25",41.7,157,"614A",2025-01-10,"2:34",154,"1:08",68,"1:40",100,"","RT-11","2025-01-16 RT-11",NA,"EH","SB",""
"850","2025","Jan",2025-01-15,"Chinook Salmon","late-fall","BT-3","NJ","AC, EH, CC","26",47.8,172,"5457",2025-01-10,"3:22",202,"1:17",77,"4:30",270,"","RT-11","2025-01-16 RT-11",NA,"EH","SB",""
"851","2025","Jan",2025-01-15,"Chinook Salmon","late-fall","BT-3","NJ","AC, EH, CC","27",44.6,159,"594E",2025-01-10,"2:33",153,"1:31",91,"3:00",180,"","RT-11","2025-01-16 RT-11",NA,"EH","SB",""
"852","2025","Jan",2025-01-15,"Chinook Salmon","late-fall","BT-3","NJ","AC, EH, CC","28",88.9,190,"5285",2025-01-10,"2:42",162,"1:26",86,"2:48",168,"","RT-11","2025-01-16 RT-11",NA,"EH","SB",""
"853","2025","Jan",2025-01-15,"Chinook Salmon","late-fall","BT-3","NJ","AC, EH, CC","29",26.5,140,"5945",2025-01-10,"2:09",129,"1:34",94,"3:20",200,"","RT-11","2025-01-16 RT-11",NA,"EH","SB",""
"854","2025","Jan",2025-01-15,"Chinook Salmon","late-fall","BT-3","NJ","AC, EH, CC","30",75.2,188,"597B",2025-01-10,"2:23",143,"1:07",67,"2:50",170,"","RT-11","2025-01-16 RT-11",NA,"EH","SB",""
"855","2025","Jan",2025-01-15,"Chinook Salmon","late-fall","BT-3","NJ","AC, EH, CC","31",33.1,147,"5E75",2025-01-10,"2:48",168,"1:44",104,"2:33",153,"","RT-12","2025-01-16 RT-12",NA,"EH","SB",""
"856","2025","Jan",2025-01-15,"Chinook Salmon","late-fall","BT-3","NJ","AC, EH, CC","32",27.3,144,"54B3",2025-01-10,"2:50",170,"1:38",98,"4:00",240,"","RT-12","2025-01-16 RT-12",NA,"EH","SB",""
"857","2025","Jan",2025-01-15,"Chinook Salmon","late-fall","BT-3","NJ","AC, EH, CC","33",41.5,148,"5D42",2025-01-10,"2:37",157,"1:50",110,"3:40",220,"","RT-12","2025-01-16 RT-12",NA,"EH","SB",""
"858","2025","Jan",2025-01-15,"Chinook Salmon","late-fall","BT-3","NJ","AC, EH, CC","34",76.7,181,"55C8",2025-01-10,"3:17",197,"1:53",113,"3:00",180,"","RT-12","2025-01-16 RT-12",NA,"EH","SB",""
"859","2025","Jan",2025-01-15,"Chinook Salmon","late-fall","BT-3","NJ","AC, EH, CC","35",40.3,152,"56BD",2025-01-10,"2:44",164,"1:42",102,"3:04",184,"","RT-12","2025-01-16 RT-12",NA,"EH","SB",""
"860","2025","Jan",2025-01-15,"Chinook Salmon","late-fall","BT-3","NJ","AC, EH, CC","36",20.9,138,"5ACE",2025-01-10,"3:30",210,"1:32",92,"3:30",210,"Skinny","RT-12","2025-01-16 RT-12",NA,"EH","SB",""
"861","2025","Jan",2025-01-15,"Chinook Salmon","late-fall","BT-3","NJ","AC, EH, CC","37",36.1,150,"5D58",2025-01-10,"3:15",195,"1:53",113,"3:49",229,"","RT-12","2025-01-16 RT-12",NA,"EH","SB",""
"862","2025","Jan",2025-01-15,"Chinook Salmon","late-fall","BT-3","NJ","AC, EH, CC","38",37.5,149,"54E4",2025-01-10,"2:41",161,"2:00",120,"3:40",220,"","RT-12","2025-01-16 RT-12",NA,"EH","SB",""
"863","2025","Jan",2025-01-15,"Chinook Salmon","late-fall","BT-3","NJ","AC, EH, CC","39",29.2,141,"53EB",2025-01-10,"2:57",177,"2:06",126,"3:49",229,"","RT-12","2025-01-16 RT-12",NA,"EH","SB",""
"864","2025","Jan",2025-01-15,"Chinook Salmon","late-fall","BT-3","NJ","AC, EH, CC","40",15.4,116,"58D2",2025-01-10,"2:12",132,"1:54",114,"3:25",205,"","RT-12","2025-01-16 RT-12",NA,"EH","SB",""
"865","2025","Jan",2025-01-15,"Chinook Salmon","late-fall","BT-4","AC","NJ","41",46.1,156,"59A8",2025-01-10,"2:22",142,"1:24",84,"2:25",145,"","RT-13","2025-01-16 RT-13",NA,"EH","SB",""
"866","2025","Jan",2025-01-15,"Chinook Salmon","late-fall","BT-4","AC","NJ","42",13.8,110,"528C",2025-01-10,"2:14",134,"1:32",92,"2:44",164,"","RT-13","2025-01-16 RT-13",NA,"EH","SB",""
"867","2025","Jan",2025-01-15,"Chinook Salmon","late-fall","BT-4","AC","NJ","43",50.8,157,"5451",2025-01-10,"2:10",130,"1:20",80,"3:00",180,"","RT-13","2025-01-16 RT-13",NA,"EH","SB",""
"868","2025","Jan",2025-01-15,"Chinook Salmon","late-fall","BT-4","AC","NJ","44",117.6,204,"56ED",2025-01-10,"2:16",136,"2:13",133,"2:35",155,"","RT-13","2025-01-16 RT-13",NA,"EH","SB",""
"869","2025","Jan",2025-01-15,"Chinook Salmon","late-fall","BT-4","AC","NJ","45",43.8,157,"5BD2",2025-01-10,"2:38",158,"2:45",165,"1:57",117,"","RT-13","2025-01-16 RT-13",NA,"EH","SB",""
"870","2025","Jan",2025-01-15,"Chinook Salmon","late-fall","BT-4","AC","NJ","46",49.6,159,"54A5",2025-01-10,"2:55",175,"1:15",75,"3:06",186,"","RT-13","2025-01-16 RT-13",NA,"EH","SB",""
"871","2025","Jan",2025-01-15,"Chinook Salmon","late-fall","BT-4","AC","NJ","47",73.1,180,"5C92",2025-01-10,"1:25",85,"1:22",82,"2:33",153,"","RT-13","2025-01-16 RT-13",NA,"EH","SB",""
"872","2025","Jan",2025-01-15,"Chinook Salmon","late-fall","BT-4","AC","NJ","48",22.4,140,"5475",2025-01-10,"2:12",132,"1:23",83,"2:56",176,"Skinny","RT-13","2025-01-16 RT-13",NA,"EH","SB",""
"873","2025","Jan",2025-01-15,"Chinook Salmon","late-fall","BT-4","AC","NJ","49",69.4,177,"54CE",2025-01-10,"2:06",126,"1:19",79,"2:49",169,"","RT-13","2025-01-16 RT-13",NA,"EH","SB",""
"874","2025","Jan",2025-01-15,"Chinook Salmon","late-fall","BT-4","AC","NJ","50",26.2,138,"58DD",2025-01-10,"2:10",130,"1:26",86,"3:29",209,"","RT-13","2025-01-16 RT-13",NA,"EH","SB",""
"875","2025","Jan",2025-01-15,"Chinook Salmon","late-fall","BT-4","AC","NJ, PH","51",48.8,165,"52BC",2025-01-10,"2:22",142,"1:38",98,"3:31",211,"","RT-14","2025-01-16 RT-14",NA,"EH","SB",""
"876","2025","Jan",2025-01-15,"Chinook Salmon","late-fall","BT-4","AC","NJ, PH","52",75.5,181,"5EE5",2025-01-10,"2:05",125,"1:31",91,"3:26",206,"","RT-14","2025-01-16 RT-14",NA,"EH","SB",""
"877","2025","Jan",2025-01-15,"Chinook Salmon","late-fall","BT-4","AC","NJ, PH","53",36.5,147,"529D",2025-01-10,"2:02",122,"1:20",80,"3:33",213,"","RT-14","2025-01-16 RT-14",NA,"EH","SB",""
"878","2025","Jan",2025-01-15,"Chinook Salmon","late-fall","BT-4","AC","NJ, PH","54",44.2,162,"5AB8",2025-01-10,"2:40",160,"1:21",81,"1:31",91,"","RT-14","2025-01-16 RT-14",NA,"EH","SB",""
"879","2025","Jan",2025-01-15,"Chinook Salmon","late-fall","BT-4","AC","NJ, PH","55",49.3,169,"59A7",2025-01-10,"2:25",145,"1:21",81,"2:37",157,"","RT-14","2025-01-16 RT-14",NA,"EH","SB",""
"880","2025","Jan",2025-01-15,"Chinook Salmon","late-fall","BT-4","AC","NJ, PH","56",66.7,176,"59A4",2025-01-10,"2:19",139,"1:16",76,"3:45",225,"","RT-14","2025-01-16 RT-14",NA,"EH","SB",""
"881","2025","Jan",2025-01-15,"Chinook Salmon","late-fall","BT-4","AC","NJ, PH","57",32.1,150,"5C53",2025-01-10,"2:14",134,"1:31",91,"1:57",117,"","RT-14","2025-01-16 RT-14",NA,"EH","SB",""
"882","2025","Jan",2025-01-15,"Chinook Salmon","late-fall","BT-4","AC","NJ, PH","58",51.7,161,"526F",2025-01-10,"2:27",147,"1:19",79,"3:16",196,"","RT-14","2025-01-16 RT-14",NA,"EH","SB",""
"883","2025","Jan",2025-01-15,"Chinook Salmon","late-fall","BT-4","AC","NJ, PH","59",17.9,125,"5CB6",2025-01-10,"2:11",131,"1:31",91,"3:06",186,"Skinny","RT-14","2025-01-16 RT-14",NA,"EH","SB",""
"884","2025","Jan",2025-01-15,"Chinook Salmon","late-fall","BT-4","AC","NJ, PH","60",31.2,147,"55B9",2025-01-10,"2:18",138,"1:24",84,"2:45",165,"","RT-14","2025-01-16 RT-14",NA,"EH","SB",""
"885","2025","Jan",2025-01-15,"Chinook Salmon","late-fall","BT-4","AC","NJ, PH","61",38.8,160,"61AB",2025-01-10,"3:09",189,"1:23",83,"3:12",192,"","RT-15","2025-01-16 RT-15",NA,"EH","SB",""
"886","2025","Jan",2025-01-15,"Chinook Salmon","late-fall","BT-4","AC","NJ, PH","62",58.5,177,"5B32",2025-01-10,"2:28",148,"1:23",83,"2:59",179,"","RT-15","2025-01-16 RT-15",NA,"EH","SB",""
"887","2025","Jan",2025-01-15,"Chinook Salmon","late-fall","BT-4","AC","NJ, PH","63",46.7,154,"5A47",2025-01-10,"2:37",157,"1:09",69,"3:26",206,"","RT-15","2025-01-16 RT-15",NA,"EH","SB",""
"888","2025","Jan",2025-01-15,"Chinook Salmon","late-fall","BT-4","AC","NJ, PH","64",33.5,149,"60A5",2025-01-10,"2:37",157,"1:15",75,"1:15",75,"","RT-15","2025-01-16 RT-15",NA,"EH","SB",""
"889","2025","Jan",2025-01-15,"Chinook Salmon","late-fall","BT-4","AC","NJ, PH","65",18.3,123,"53A3",2025-01-10,"2:35",155,"1:20",80,"1:41",101,"Skinny","RT-15","2025-01-16 RT-15",NA,"EH","SB",""
"890","2025","Jan",2025-01-15,"Chinook Salmon","late-fall","BT-4","AC","NJ, PH","66",49.8,161,"5B2B",2025-01-10,"2:55",175,"1:13",73,"3:58",238,"","RT-15","2025-01-16 RT-15",NA,"EH","SB",""
"891","2025","Jan",2025-01-15,"Chinook Salmon","late-fall","BT-4","AC","NJ, PH","67",56.9,172,"5851",2025-01-10,"2:28",148,"1:11",71,"1:20",80,"","RT-15","2025-01-16 RT-15",NA,"EH","SB",""
"892","2025","Jan",2025-01-15,"Chinook Salmon","late-fall","BT-4","AC","NJ, PH","68",24.5,139,"5482",2025-01-10,"3:26",206,"1:20",80,"3:17",197,"","RT-15","2025-01-16 RT-15",NA,"EH","SB",""
"893","2025","Jan",2025-01-15,"Chinook Salmon","late-fall","BT-4","AC","NJ, PH","69",66.1,174,"6253",2025-01-10,"2:21",141,"1:28",88,"3:20",200,"","RT-15","2025-01-16 RT-15",NA,"EH","SB",""
"894","2025","Jan",2025-01-15,"Chinook Salmon","late-fall","BT-4","AC","NJ, PH","70",40.2,155,"5E91",2025-01-10,"2:29",149,"1:25",85,"2:00",120,"","RT-15","2025-01-16 RT-15",NA,"EH","SB",""
"895","2025","Jan",2025-01-15,"Chinook Salmon","late-fall","BT-4","AC","NJ, PH","71",39.8,157,"5A19",2025-01-10,"2:31",151,"1:17",77,"1:12",72,"","RT-16","2025-01-16 RT-16",NA,"EH","SB",""
"896","2025","Jan",2025-01-15,"Chinook Salmon","late-fall","BT-4","AC","NJ, PH","72",27.1,137,"552D",2025-01-10,"2:07",127,"1:29",89,"3:50",230,"","RT-16","2025-01-16 RT-16",NA,"EH","SB",""
"897","2025","Jan",2025-01-15,"Chinook Salmon","late-fall","BT-4","AC","NJ, PH","73",23.6,138,"5BD9",2025-01-10,"2:31",151,"1:41",101,"3:29",209,"","RT-16","2025-01-16 RT-16",NA,"EH","SB",""
"898","2025","Jan",2025-01-15,"Chinook Salmon","late-fall","BT-4","AC","NJ, PH","74",35.7,150,"5BED",2025-01-10,"2:45",165,"1:14",74,"4:00",240,"","RT-16","2025-01-16 RT-16",NA,"EH","SB",""
"899","2025","Jan",2025-01-15,"Chinook Salmon","late-fall","BT-4","AC","NJ, PH","75",39.3,156,"5DAC",2025-01-10,"1:38",98,"1:17",77,"3:38",218,"","RT-16","2025-01-16 RT-16",NA,"EH","SB",""
"900","2025","Jan",2025-01-15,"Chinook Salmon","late-fall","BT-4","AC","NJ, PH","76",34.8,152,"592D",2025-01-10,"2:50",170,"1:31",91,"2:43",163,"","RT-16","2025-01-16 RT-16",NA,"EH","SB",""
"901","2025","Jan",2025-01-15,"Chinook Salmon","late-fall","BT-4","AC","NJ, PH","77",53.2,163,"54C9",2025-01-10,"2:36",156,"1:34",94,"3:26",206,"","RT-16","2025-01-16 RT-16",NA,"EH","SB",""
"902","2025","Jan",2025-01-15,"Chinook Salmon","late-fall","BT-4","AC","NJ, PH","78",36.8,158,"5D0D",2025-01-10,"2:43",163,"1:45",105,"3:25",205,"","RT-16","2025-01-16 RT-16",NA,"EH","SB",""
"903","2025","Jan",2025-01-15,"Chinook Salmon","late-fall","BT-4","AC","NJ, PH","79",20.6,125,"5525",2025-01-10,"2:44",164,"1:33",93,"3:27",207,"","RT-16","2025-01-16 RT-16",NA,"EH","SB",""
"904","2025","Jan",2025-01-15,"Chinook Salmon","late-fall","BT-4","AC","NJ, PH","80",57.3,169,"5389",2025-01-10,"2:52",172,"1:30",90,"3:02",182,"","RT-16","2025-01-16 RT-16",NA,"EH","SB",""
"905","2025","Jan",2025-01-15,"Chinook Salmon","late-fall","BT-3","NJ","AC, EH, CC","D1",24.8,135,"A361",2025-01-10,"2:32",152,"2:00",120,"3:20",200,"Dummy Tag",NA,NA,"B","EH","SB",""
"906","2025","Jan",2025-01-15,"Chinook Salmon","late-fall","BT-3","NJ","AC, EH, CC","D2",30.3,147,"A465",2025-01-10,"3:07",187,"1:43",103,"1:00",60,"Dummy Tag",NA,NA,"B","EH","SB",""
"907","2025","Jan",2025-01-15,"Chinook Salmon","late-fall","BT-3","NJ","AC, EH, CC","D3",25.2,139,"95BA",2025-01-10,"2:21",141,"1:10",70,"3:00",180,"Dummy Tag",NA,NA,"B","EH","SB",""
"908","2025","Jan",2025-01-15,"Chinook Salmon","late-fall","BT-3","NJ","AC, EH, CC","D4",29.3,145,"A17D",2025-01-10,"2:34",154,"1:52",112,"3:49",229,"Dummy Tag. Skinny",NA,NA,"B","EH","SB",""
"909","2025","Jan",2025-01-15,"Chinook Salmon","late-fall","BT-4","AC","NJ","D5",90.3,190,"96A6",2025-01-10,"2:30",150,"1:23",83,"4:22",262,"Dummy Tag",NA,NA,"B","EH","SB",""
"910","2025","Jan",2025-01-15,"Chinook Salmon","late-fall","BT-4","AC","NJ, PH","D6",29.3,147,"9CA1",2025-01-10,"2:17",137,"1:34",94,"1:22",82,"Dummy Tag. Skinny",NA,NA,"B","EH","SB",""
"911","2025","Jan",2025-01-15,"Chinook Salmon","late-fall","BT-4","AC","NJ, PH","D7",34.1,152,"A11D",2025-01-10,"2:31",151,"1:25",85,"1:32",92,"Dummy Tag",NA,NA,"B","EH","SB",""
"912","2025","Jan",2025-01-15,"Chinook Salmon","late-fall","BT-4","AC","NJ, PH","D8",51.1,165,"1D58",2025-01-10,"2:22",142,"1:27",87,"1:40",100,"Dummy Tag. Jumpy",NA,NA,"B","EH","SB",""
"913","2025","Jan",2025-01-16,"Chinook Salmon","late-fall","BT-5","NJ","AC, PH, AT, CJ","1",26.6,141,"52CE",2025-01-10,"2:52",172,"1:21",81,"2:15",135,"","RT-17","2025-01-17 RT-17",NA,"EH","CY",""
"914","2025","Jan",2025-01-16,"Chinook Salmon","late-fall","BT-5","NJ","AC, PH, AT, CJ","2",51.2,170,"5F62",2025-01-10,"2:50",170,"1:33",93,"2:30",150,"","RT-17","2025-01-17 RT-17",NA,"EH","CY",""
"915","2025","Jan",2025-01-16,"Chinook Salmon","late-fall","BT-5","NJ","AC, PH, AT, CJ","3",26.4,140,"593D",2025-01-10,"1:41",101,"1:29",89,"1:31",91,"","RT-17","2025-01-17 RT-17",NA,"EH","CY",""
"916","2025","Jan",2025-01-16,"Chinook Salmon","late-fall","BT-5","NJ","AC, PH, AT, CJ","4",29.8,149,"5F4D",2025-01-10,"2:04",124,"1:18",78,"2:37",157,"","RT-17","2025-01-17 RT-17",NA,"EH","CY",""
"917","2025","Jan",2025-01-16,"Chinook Salmon","late-fall","BT-5","NJ","AC, PH, AT, CJ","5",34.8,155,"5BD3",2025-01-10,"2:19",139,"1:22",82,"2:50",170,"","RT-17","2025-01-17 RT-17",NA,"EH","CY",""
"918","2025","Jan",2025-01-16,"Chinook Salmon","late-fall","BT-5","NJ","AC, PH, AT, CJ","6",52.3,171,"5F25",2025-01-10,"2:29",149,"1:14",74,"3:14",194,"","RT-17","2025-01-17 RT-17",NA,"EH","CY",""
"919","2025","Jan",2025-01-16,"Chinook Salmon","late-fall","BT-5","NJ","AC, PH, AT, CJ","7",39.1,150,"57D7",2025-01-10,"2:21",141,"1:02",62,"4:26",266,"","RT-17","2025-01-17 RT-17",NA,"EH","CY",""
"920","2025","Jan",2025-01-16,"Chinook Salmon","late-fall","BT-5","NJ","AC, PH, AT, CJ","8",44.9,165,"5D11",2025-01-10,"2:13",133,"1:10",70,"2:39",159,"","RT-17","2025-01-17 RT-17",NA,"EH","CY",""
"921","2025","Jan",2025-01-16,"Chinook Salmon","late-fall","BT-5","NJ","AC, PH, AT, CJ","9",46.2,161,"5865",2025-01-10,"1:58",118,"1:08",68,"4:20",260,"","RT-17","2025-01-17 RT-17",NA,"EH","CY",""
"922","2025","Jan",2025-01-16,"Chinook Salmon","late-fall","BT-5","NJ","AC, PH, AT, CJ","10",46.2,166,"58B5",2025-01-10,"2:19",139,"1:03",63,"4:20",260,"","RT-17","2025-01-17 RT-17",NA,"EH","CY",""
"923","2025","Jan",2025-01-16,"Chinook Salmon","late-fall","BT-5","NJ","AC, PH, AT, CJ","11",82.7,184,"529E",2025-01-10,"1:52",112,"1:17",77,"3:20",200,"","RT-18","2025-01-17 RT-18",NA,"EH","CY",""
"924","2025","Jan",2025-01-16,"Chinook Salmon","late-fall","BT-5","NJ","AC, PH, AT, CJ","12",51.1,163,"5931",2025-01-10,"2:24",144,"1:09",69,"4:10",250,"","RT-18","2025-01-17 RT-18",NA,"EH","CY",""
"925","2025","Jan",2025-01-16,"Chinook Salmon","late-fall","BT-5","NJ","AC, PH, AT, CJ","13",59.9,170,"5DAF",2025-01-10,"2:49",169,"1:18",78,"4:10",250,"","RT-18","2025-01-17 RT-18",NA,"EH","CY",""
"926","2025","Jan",2025-01-16,"Chinook Salmon","late-fall","BT-5","NJ","AC, PH, AT, CJ","14",61.1,171,"6155",2025-01-10,"2:17",137,"1:16",76,"1:41",101,"","RT-18","2025-01-17 RT-18",NA,"EH","CY",""
"927","2025","Jan",2025-01-16,"Chinook Salmon","late-fall","BT-5","NJ","AC, PH, AT, CJ","15",47.6,162,"58AD",2025-01-10,"2:16",136,"1:20",80,"2:59",179,"","RT-18","2025-01-17 RT-18",NA,"EH","CY",""
"928","2025","Jan",2025-01-16,"Chinook Salmon","late-fall","BT-5","NJ","AC, PH, AT, CJ","16",33.3,152,"5FA9",2025-01-10,"2:17",137,"1:08",68,"1:00",60,"Skinny","RT-18","2025-01-17 RT-18",NA,"EH","CY",""
"929","2025","Jan",2025-01-16,"Chinook Salmon","late-fall","BT-5","NJ","AC, PH, AT, CJ","17",34.4,150,"5B3B",2025-01-10,"2:05",125,"1:10",70,"3:48",228,"","RT-18","2025-01-17 RT-18",NA,"EH","CY",""
"930","2025","Jan",2025-01-16,"Chinook Salmon","late-fall","BT-5","NJ","AC, PH, AT, CJ","18",27.7,147,"544D",2025-01-10,"2:07",127,"1:08",68,"1:10",70,"Skinny","RT-18","2025-01-17 RT-18",NA,"EH","CY",""
"931","2025","Jan",2025-01-16,"Chinook Salmon","late-fall","BT-5","NJ","AC, PH, AT, CJ","19",89.7,190,"58A9",2025-01-10,"2:23",143,"1:01",61,"4:02",242,"","RT-18","2025-01-17 RT-18",NA,"EH","CY",""
"932","2025","Jan",2025-01-16,"Chinook Salmon","late-fall","BT-5","NJ","AC, PH, AT, CJ","20",29.1,147,"6156",2025-01-10,"2:37",157,"2:01",121,"3:01",181,"","RT-18","2025-01-17 RT-18",NA,"EH","CY",""
"933","2025","Jan",2025-01-16,"Chinook Salmon","late-fall","BT-5","NJ","AC, PH, AT, CJ","21",17.9,122,"5267",2025-01-10,"1:51",111,"1:17",77,"1:49",109,"","RT-19","2025-01-17 RT-19",NA,"EH","CY",""
"934","2025","Jan",2025-01-16,"Chinook Salmon","late-fall","BT-5","NJ","AC, PH, AT, CJ","22",18.8,120,"5D15",2025-01-10,"2:36",156,"1:21",81,"4:00",240,"","RT-19","2025-01-17 RT-19",NA,"EH","CY",""
"935","2025","Jan",2025-01-16,"Chinook Salmon","late-fall","BT-5","NJ","AC, PH, AT, CJ","23",46.8,160,"628B",2025-01-10,"2:25",145,"1:25",85,"4:00",240,"","RT-19","2025-01-17 RT-19",NA,"EH","CY",""
"936","2025","Jan",2025-01-16,"Chinook Salmon","late-fall","BT-5","NJ","AC, PH, AT, CJ","24",34.2,152,"5F59",2025-01-10,"1:15",75,"1:20",80,"3:10",190,"","RT-19","2025-01-17 RT-19",NA,"EH","CY",""
"937","2025","Jan",2025-01-16,"Chinook Salmon","late-fall","BT-5","NJ","AC, PH, AT, CJ","25",37.9,158,"5859",2025-01-10,"4:37",277,"1:35",95,"4:20",260,"","RT-19","2025-01-17 RT-19",NA,"EH","CY",""
"938","2025","Jan",2025-01-16,"Chinook Salmon","late-fall","BT-5","NJ","AC, PH, AT, CJ","26",46.3,156,"52A1",2025-01-10,"2:01",121,"1:12",72,"2:30",150,"","RT-19","2025-01-17 RT-19",NA,"EH","CY",""
"939","2025","Jan",2025-01-16,"Chinook Salmon","late-fall","BT-5","NJ","AC, PH, AT, CJ","27",36.8,154,"52ED",2025-01-10,"2:35",155,"1:19",79,"4:58",298,"","RT-19","2025-01-17 RT-19",NA,"EH","CY",""
"940","2025","Jan",2025-01-16,"Chinook Salmon","late-fall","BT-5","NJ","AC, PH, AT, CJ","28",20.2,127,"5994",2025-01-10,"2:22",142,"1:25",85,"3:42",222,"","RT-19","2025-01-17 RT-19",NA,"EH","CY",""
"941","2025","Jan",2025-01-16,"Chinook Salmon","late-fall","BT-5","NJ","AC, PH, AT, CJ","29",50.9,162,"5835",2025-01-10,"2:35",155,"1:19",79,"2:31",151,"","RT-19","2025-01-17 RT-19",NA,"EH","CY",""
"942","2025","Jan",2025-01-16,"Chinook Salmon","late-fall","BT-5","NJ","AC, PH, AT, CJ","30",26.4,137,"5AE1",2025-01-10,"4:15",255,"1:10",70,"2:21",141,"","RT-19","2025-01-17 RT-19",NA,"EH","CY",""
"943","2025","Jan",2025-01-16,"Chinook Salmon","late-fall","BT-5","NJ","AC, PH, AT, CJ","31",39,151,"5AE9",2025-01-10,"2:13",133,"1:17",77,"2:24",144,"","RT-20","2025-01-17 RT-20",NA,"EH","CY",""
"944","2025","Jan",2025-01-16,"Chinook Salmon","late-fall","BT-5","NJ","AC, PH, AT, CJ","32",39.3,155,"57AC",2025-01-10,"1:58",118,"1:22",82,"1:52",112,"","RT-20","2025-01-17 RT-20",NA,"EH","CY",""
"945","2025","Jan",2025-01-16,"Chinook Salmon","late-fall","BT-5","NJ","AC, PH, AT, CJ","33",37.1,143,"5436",2025-01-10,"2:15",135,"1:18",78,"1:34",94,"","RT-20","2025-01-17 RT-20",NA,"EH","CY",""
"946","2025","Jan",2025-01-16,"Chinook Salmon","late-fall","BT-5","NJ","AC, PH, AT, CJ","34",34,149,"5E69",2025-01-10,"2:38",158,"1:24",84,"3:11",191,"","RT-20","2025-01-17 RT-20",NA,"EH","CY",""
"947","2025","Jan",2025-01-16,"Chinook Salmon","late-fall","BT-5","NJ","AC, PH, AT, CJ","35",45.2,160,"5ECD",2025-01-10,"2:06",126,"1:32",92,"1:18",78,"","RT-20","2025-01-17 RT-20",NA,"EH","CY",""
"948","2025","Jan",2025-01-16,"Chinook Salmon","late-fall","BT-5","NJ","AC, PH, AT, CJ","36",40.9,156,"5DAB",2025-01-10,"2:42",162,"1:19",79,"4:50",290,"","RT-20","2025-01-17 RT-20",NA,"EH","CY",""
"949","2025","Jan",2025-01-16,"Chinook Salmon","late-fall","BT-5","NJ","AC, PH, AT, CJ","37",18.2,127,"56CC",2025-01-10,"2:36",156,"1:41",101,"3:41",221,"Skinny","RT-20","2025-01-17 RT-20",NA,"EH","CY",""
"950","2025","Jan",2025-01-16,"Chinook Salmon","late-fall","BT-5","NJ","AC, PH, AT, CJ","38",28.9,140,"54C8",2025-01-10,"2:38",158,"1:29",89,"1:52",112,"","RT-20","2025-01-17 RT-20",NA,"EH","CY",""
"951","2025","Jan",2025-01-16,"Chinook Salmon","late-fall","BT-5","NJ","AC, PH, AT, CJ","39",24.3,138,"5CDD",2025-01-10,"2:08",128,"1:20",80,"2:15",135,"","RT-20","2025-01-17 RT-20",NA,"EH","CY",""
"952","2025","Jan",2025-01-16,"Chinook Salmon","late-fall","BT-5","NJ","AC, PH, AT, CJ","40",34.3,154,"526B",2025-01-10,"3:16",196,"1:40",100,"3:47",227,"skinny","RT-20","2025-01-17 RT-20",NA,"EH","CY",""
"953","2025","Jan",2025-01-16,"Chinook Salmon","late-fall","BT-6","AC","NJ, AT, PH, CJ","41",25.2,141,"592C",2025-01-10,"2:22",142,"1:38",98,"2:45",165,"boat wake - weight is approximate","RT-21","2025-01-17 RT-21",NA,"EH","CY",""
"954","2025","Jan",2025-01-16,"Chinook Salmon","late-fall","BT-6","AC","NJ, AT, PH, CJ","42",64.6,175,"5731",2025-01-10,"2:10",130,"1:35",95,"2:28",148,"","RT-21","2025-01-17 RT-21",NA,"EH","CY",""
"955","2025","Jan",2025-01-16,"Chinook Salmon","late-fall","BT-6","AC","NJ, AT, PH, CJ","43",19,130,"5DEB",2025-01-10,"2:50",170,"1:20",80,"2:32",152,"","RT-21","2025-01-17 RT-21",NA,"EH","CY",""
"956","2025","Jan",2025-01-16,"Chinook Salmon","late-fall","BT-6","AC","NJ, AT, PH, CJ","44",66.9,177,"52B0",2025-01-10,"2:35",155,"1:21",81,"3:58",238,"","RT-21","2025-01-17 RT-21",NA,"EH","CY",""
"957","2025","Jan",2025-01-16,"Chinook Salmon","late-fall","BT-6","AC","NJ, AT, PH, CJ","45",25.4,134,"54 E8",2025-01-10,"3:01",181,"1:15",75,"2:43",163,"","RT-21","2025-01-17 RT-21",NA,"EH","CY",""
"958","2025","Jan",2025-01-16,"Chinook Salmon","late-fall","BT-6","AC","NJ, AT, PH, CJ","46",35.3,158,"5F9A",2025-01-10,"2:15",135,"1:15",75,"2:07",127,"","RT-21","2025-01-17 RT-21",NA,"EH","CY",""
"959","2025","Jan",2025-01-16,"Chinook Salmon","late-fall","BT-6","AC","NJ, AT, PH, CJ","47",23.9,136,"548B",2025-01-10,"2:11",131,"1:19",79,"4:05",245,"skinny","RT-21","2025-01-17 RT-21",NA,"EH","CY",""
"960","2025","Jan",2025-01-16,"Chinook Salmon","late-fall","BT-6","AC","NJ, AT, PH, CJ","48",31.4,145,"6292",2025-01-10,"2:20",140,"1:58",118,"2:42",162,"","RT-21","2025-01-17 RT-21",NA,"EH","CY",""
"961","2025","Jan",2025-01-16,"Chinook Salmon","late-fall","BT-6","AC","NJ, AT, PH, CJ","49",25.9,140,"53C9",2025-01-10,"2:20",140,"1:47",107,"4:01",241,"","RT-21","2025-01-17 RT-21",NA,"EH","CY",""
"962","2025","Jan",2025-01-16,"Chinook Salmon","late-fall","BT-6","AC","NJ, AT, PH, CJ","50",50,150,"525B",2025-01-10,"2:13",133,"1:51",111,"3:49",229,"","RT-21","2025-01-17 RT-21",NA,"EH","CY",""
"963","2025","Jan",2025-01-16,"Chinook Salmon","late-fall","BT-6","AC","NJ, AT, PH, CJ","51",51.5,161,"52EF",2025-01-10,"2:18",138,"1:39",99,"2:00",120,"","RT-22","2025-01-17 RT-22",NA,"EH","CY",""
"964","2025","Jan",2025-01-16,"Chinook Salmon","late-fall","BT-6","AC","NJ, AT, PH, CJ","52",18,124,"61B5",2025-01-10,"2:33",153,"1:40",100,"1:25",85,"","RT-22","2025-01-17 RT-22",NA,"EH","CY",""
"965","2025","Jan",2025-01-16,"Chinook Salmon","late-fall","BT-6","AC","NJ, AT, PH, CJ","53",39.4,155,"615A",2025-01-10,"2:21",141,"1:13",73,"4:17",257,"","RT-22","2025-01-17 RT-22",NA,"EH","CY",""
"966","2025","Jan",2025-01-16,"Chinook Salmon","late-fall","BT-6","AC","NJ, AT, PH, CJ","54",69.6,180,"56AF",2025-01-10,"2:36",156,"1:38",98,"2:49",169,"","RT-22","2025-01-17 RT-22",NA,"EH","CY",""
"967","2025","Jan",2025-01-16,"Chinook Salmon","late-fall","BT-6","AC","NJ, AT, PH, CJ","55",14.2,118,"5DB5",2025-01-10,"2:06",126,"1:37",97,"2:49",169,"Skinny","RT-22","2025-01-17 RT-22",NA,"EH","CY",""
"968","2025","Jan",2025-01-16,"Chinook Salmon","late-fall","BT-6","AC","NJ, AT, PH, CJ","56",27.3,142,"58D4",2025-01-10,"2:23",143,"1:15",75,"3:40",220,"","RT-22","2025-01-17 RT-22",NA,"EH","CY",""
"969","2025","Jan",2025-01-16,"Chinook Salmon","late-fall","BT-6","AC","NJ, AT, PH, CJ","57",91.5,191,"54EA",2025-01-10,"2:46",166,"1:35",95,"2:32",152,"","RT-22","2025-01-17 RT-22",NA,"EH","CY",""
"970","2025","Jan",2025-01-16,"Chinook Salmon","late-fall","BT-6","AC","NJ, AT, PH, CJ","58",29.2,149,"5CC9",2025-01-10,"2:17",137,"1:14",74,"2:01",121,"","RT-22","2025-01-17 RT-22",NA,"EH","CY",""
"971","2025","Jan",2025-01-16,"Chinook Salmon","late-fall","BT-6","AC","NJ, AT, PH, CJ","59",27.9,145,"58AE",2025-01-10,"2:19",139,"1:27",87,"3:35",215,"","RT-22","2025-01-17 RT-22",NA,"EH","CY",""
"972","2025","Jan",2025-01-16,"Chinook Salmon","late-fall","BT-6","AC","NJ, AT, PH, CJ","60",31.5,146,"5F29",2025-01-10,"2:49",169,"1:31",91,"1:41",101,"","RT-22","2025-01-17 RT-22",NA,"EH","CY",""
"973","2025","Jan",2025-01-16,"Chinook Salmon","late-fall","BT-6","AC","NJ, AT, PH, CJ","61",24.1,140,"5B36",2025-01-10,"3:07",187,"1:13",73,"3:04",184,"","RT-23","2025-01-17 RT-23",NA,"EH","CY",""
"974","2025","Jan",2025-01-16,"Chinook Salmon","late-fall","BT-6","AC","NJ, AT, PH, CJ","62",26.8,142,"552F",2025-01-10,"2:15",135,"1:16",76,"3:29",209,"","RT-23","2025-01-17 RT-23",NA,"EH","CY",""
"975","2025","Jan",2025-01-16,"Chinook Salmon","late-fall","BT-6","AC","NJ, AT, PH, CJ","63",29.6,133,"615B",2025-01-10,"2:04",124,"1:46",106,"1:00",60,"","RT-23","2025-01-17 RT-23",NA,"EH","CY",""
"976","2025","Jan",2025-01-16,"Chinook Salmon","late-fall","BT-6","AC","NJ, AT, PH, CJ","64",53.1,170,"6259",2025-01-10,"2:24",144,"1:39",99,"2:43",163,"","RT-23","2025-01-17 RT-23",NA,"EH","CY",""
"977","2025","Jan",2025-01-16,"Chinook Salmon","late-fall","BT-6","AC","NJ, AT, PH, CJ","65",66.5,171,"528D",2025-01-10,"2:32",152,"1:41",101,"2:33",153,"","RT-23","2025-01-17 RT-23",NA,"EH","CY",""
"978","2025","Jan",2025-01-16,"Chinook Salmon","late-fall","BT-6","AC","NJ, AT, PH, CJ","66",30.2,144,"5D53",2025-01-10,"2:25",145,"1:19",79,"3:21",201,"","RT-23","2025-01-17 RT-23",NA,"EH","CY",""
"979","2025","Jan",2025-01-16,"Chinook Salmon","late-fall","BT-6","AC","NJ, AT, PH, CJ","67",57.1,169,"5928",2025-01-10,"1:50",110,"1:10",70,"3:09",189,"","RT-23","2025-01-17 RT-23",NA,"EH","CY",""
"980","2025","Jan",2025-01-16,"Chinook Salmon","late-fall","BT-6","AC","NJ, AT, PH, CJ","68",74.1,182,"58D1",2025-01-10,"3:05",185,"1:24",84,"2:44",164,"boat wake - weight is approximate","RT-23","2025-01-17 RT-23",NA,"EH","CY",""
"981","2025","Jan",2025-01-16,"Chinook Salmon","late-fall","BT-6","AC","NJ, AT, PH, CJ","69",63.8,174,"54C7",2025-01-10,"2:21",141,"1:13",73,"1:10",70,"","RT-23","2025-01-17 RT-23",NA,"EH","CY",""
"982","2025","Jan",2025-01-16,"Chinook Salmon","late-fall","BT-6","AC","NJ, AT, PH, CJ","70",15.3,120,"5BB3",2025-01-10,"1:56",116,"1:20",80,"2:12",132,"","RT-23","2025-01-17 RT-23",NA,"EH","CY",""
"983","2025","Jan",2025-01-16,"Chinook Salmon","late-fall","BT-6","AC","NJ, AT, PH, CJ","71",35.2,145,"5935",2025-01-10,"2:26",146,"1:27",87,"3:05",185,"","RT-24","2025-01-17 RT-24",NA,"EH","CY",""
"984","2025","Jan",2025-01-16,"Chinook Salmon","late-fall","BT-6","AC","NJ, AT, PH, CJ","72",63.2,173,"593A",2025-01-10,"2:19",139,"1:40",100,"3:34",214,"","RT-24","2025-01-17 RT-24",NA,"EH","CY",""
"985","2025","Jan",2025-01-16,"Chinook Salmon","late-fall","BT-6","AC","NJ, AT, PH, CJ","73",27,132,"5D57",2025-01-10,"2:16",136,"1:17",77,"4:31",271,"","RT-24","2025-01-17 RT-24",NA,"EH","CY",""
"986","2025","Jan",2025-01-16,"Chinook Salmon","late-fall","BT-6","AC","NJ, AT, PH, CJ","74",44.5,157,"5281",2025-01-10,"3:17",197,"1:34",94,"3:57",237,"","RT-24","2025-01-17 RT-24",NA,"EH","CY",""
"987","2025","Jan",2025-01-16,"Chinook Salmon","late-fall","BT-6","AC","NJ, AT, PH, CJ","75",39.1,154,"5EAE",2025-01-10,"2:05",125,"1:21",81,"3:37",217,"","RT-24","2025-01-17 RT-24",NA,"EH","CY",""
"988","2025","Jan",2025-01-16,"Chinook Salmon","late-fall","BT-6","AC","NJ, AT, PH, CJ","76",25.9,149,"5957",2025-01-10,"2:57",177,"1:39",99,"2:57",177,"","RT-24","2025-01-17 RT-24",NA,"EH","CY",""
"989","2025","Jan",2025-01-16,"Chinook Salmon","late-fall","BT-6","AC","NJ, AT, PH, CJ","77",27.1,142,"5268",2025-01-10,"2:32",152,"1:25",85,"2:58",178,"","RT-24","2025-01-17 RT-24",NA,"EH","CY",""
"990","2025","Jan",2025-01-16,"Chinook Salmon","late-fall","BT-6","AC","NJ, AT, PH, CJ","78",26.1,133,"532F",2025-01-10,"2:17",137,"1:31",91,"3:00",180,"","RT-24","2025-01-17 RT-24",NA,"EH","CY",""
"991","2025","Jan",2025-01-16,"Chinook Salmon","late-fall","BT-6","AC","NJ, AT, PH, CJ","79",27.1,142,"526D",2025-01-10,"2:13",133,"1:30",90,"3:32",212,"","RT-24","2025-01-17 RT-24",NA,"EH","CY",""
"992","2025","Jan",2025-01-16,"Chinook Salmon","late-fall","BT-6","AC","NJ, AT, PH, CJ","80",44.2,156,"5BBD",2025-01-10,"2:25",145,"1:41",101,"2:04",124,"","RT-24","2025-01-17 RT-24",NA,"EH","CY",""
"993","2025","Feb",2025-02-11,"Chinook Salmon","late-fall","O-4","NJ","AC, BP","1",75.5,179,"6475",2025-02-07,"2:26",146,"1:54",114,"2:36",156,"","point_rel","2025-02-12 point_rel","O-7","CY","BP",""
"994","2025","Feb",2025-02-11,"Chinook Salmon","late-fall","O-4","NJ","AC, BP","2",25.6,143,"6355",2025-02-07,"2:20",140,"1:47",107,"2:15",135,"","point_rel","2025-02-12 point_rel","O-7","CY","BP",""
"995","2025","Feb",2025-02-11,"Chinook Salmon","late-fall","O-4","NJ","AC, BP","3",69,180,"6545",2025-02-07,"2:10",130,"1:33",93,"2:40",160,"","point_rel","2025-02-12 point_rel","O-7","CY","BP",""
"996","2025","Feb",2025-02-11,"Chinook Salmon","late-fall","O-4","NJ","AC, BP","4",80.7,189,"64B6",2025-02-07,"2:32",152,"1:27",87,"3:00",180,"","point_rel","2025-02-12 point_rel","O-7","CY","BP",""
"997","2025","Feb",2025-02-11,"Chinook Salmon","late-fall","O-4","NJ","AC, BP","5",36.8,157,"649D",2025-02-07,"2:04",124,"1:10",70,"1:00",60,"","point_rel","2025-02-12 point_rel","O-7","CY","BP",""
"998","2025","Feb",2025-02-11,"Chinook Salmon","late-fall","O-4","NJ","AC, BP","6",102.5,198,"6B5D",2025-02-07,"2:24",144,"1:41",101,"2:33",153,"","point_rel","2025-02-12 point_rel","O-7","CY","BP",""
"999","2025","Feb",2025-02-11,"Chinook Salmon","late-fall","O-4","NJ","AC, BP","7",19,122,"6875",2025-02-07,"2:35",155,"1:20",80,"3:10",190,"","point_rel","2025-02-12 point_rel","O-7","CY","BP",""
"1000","2025","Feb",2025-02-11,"Chinook Salmon","late-fall","O-4","NJ","AC, BP","8",25.3,142,"62C2",2025-02-07,"2:38",158,"1:20",80,"3:41",221,"","point_rel","2025-02-12 point_rel","O-7","CY","BP",""
"1001","2025","Feb",2025-02-11,"Chinook Salmon","late-fall","O-4","NJ","AC, BP","9",66.4,181,"6579",2025-02-07,"2:38",158,"1:08",68,"1:34",94,"","point_rel","2025-02-12 point_rel","O-7","CY","BP",""
"1002","2025","Feb",2025-02-11,"Chinook Salmon","late-fall","O-4","NJ","AC, BP","10",76.8,187,"65AE",2025-02-07,"2:24",144,"1:20",80,"2:00",120,"","point_rel","2025-02-12 point_rel","O-7","CY","BP",""
"1003","2025","Feb",2025-02-11,"Chinook Salmon","late-fall","O-4","NJ","AC, BP","11",87.1,191,"648D",2025-02-07,"2:38",158,"1:21",81,"3:45",225,"","point_rel","2025-02-12 point_rel","O-7","CY","BP",""
"1004","2025","Feb",2025-02-11,"Chinook Salmon","late-fall","O-4","NJ","AC, BP","12",48.8,172,"62DA",2025-02-07,"2:09",129,"1:11",71,"1:33",93,"skinny","point_rel","2025-02-12 point_rel","O-7","CY","BP",""
"1005","2025","Feb",2025-02-11,"Chinook Salmon","late-fall","O-4","NJ","AC, BP","13",39.8,156,"64BA",2025-02-07,"2:28",148,"1:24",84,"1:00",60,"","point_rel","2025-02-12 point_rel","O-7","CY","BP",""
"1006","2025","Feb",2025-02-11,"Chinook Salmon","late-fall","O-4","NJ","AC, BP","14",47,170,"6453",2025-02-07,"2:36",156,"1:20",80,"2:22",142,"","point_rel","2025-02-12 point_rel","O-7","CY","BP",""
"1007","2025","Feb",2025-02-11,"Chinook Salmon","late-fall","O-4","NJ","AC, BP","15",25.7,142,"686A",2025-02-07,"2:11",131,"1:18",78,"1:36",96,"skinny","point_rel","2025-02-12 point_rel","O-7","CY","BP",""
"1008","2025","Feb",2025-02-11,"Chinook Salmon","late-fall","O-4","NJ","AC, BP","16",45,155,"6869",2025-02-07,"2:23",143,"1:23",83,"2:01",121,"","point_rel","2025-02-12 point_rel","O-7","CY","BP",""
"1009","2025","Feb",2025-02-11,"Chinook Salmon","late-fall","O-4","NJ","AC, BP","17",31.1,147,"64B1",2025-02-07,"2:32",152,"1:46",106,"1:47",107,"","point_rel","2025-02-12 point_rel","O-7","CY","BP",""
"1010","2025","Feb",2025-02-11,"Chinook Salmon","late-fall","O-4","NJ","AC, BP","18",14.6,120,"6859",2025-02-07,"2:34",154,"1:28",88,"2:52",172,"skinny","point_rel","2025-02-12 point_rel","O-7","CY","BP",""
"1011","2025","Feb",2025-02-11,"Chinook Salmon","late-fall","O-4","NJ","AC, BP","19",56.8,168,"692D",2025-02-07,"1:57",117,"1:04",64,"4:06",246,"","point_rel","2025-02-12 point_rel","O-7","CY","BP",""
"1012","2025","Feb",2025-02-11,"Chinook Salmon","late-fall","O-4","NJ","AC, BP","20",41.4,151,"6352",2025-02-07,"2:16",136,"1:27",87,"1:03",63,"","point_rel","2025-02-12 point_rel","O-7","CY","BP",""
"1013","2025","Feb",2025-02-11,"Chinook Salmon","late-fall","O-4","NJ","AC, BP","21",58.9,181,"6495",2025-02-07,"2:39",159,"1:24",84,"1:20",80,"","point_rel","2025-02-12 point_rel","O-7","CY","BP",""
"1014","2025","Feb",2025-02-11,"Chinook Salmon","late-fall","O-4","NJ","AC, BP","22",114.7,206,"62AD",2025-02-07,"3:21",201,"1:44",104,"3:51",231,"","point_rel","2025-02-12 point_rel","O-7","CY","BP",""
"1015","2025","Feb",2025-02-11,"Chinook Salmon","late-fall","O-4","NJ","AC, BP","23",59.2,171,"689A",2025-02-07,"2:10",130,"1:19",79,"1:16",76,"","point_rel","2025-02-12 point_rel","O-7","CY","BP",""
"1016","2025","Feb",2025-02-11,"Chinook Salmon","late-fall","O-4","NJ","AC, BP","24",61.1,172,"64B2",2025-02-07,"2:37",157,"1:17",77,"3:38",218,"","point_rel","2025-02-12 point_rel","O-7","CY","BP",""
"1017","2025","Feb",2025-02-11,"Chinook Salmon","late-fall","O-4","NJ","AC, BP","25",45.1,157,"6896",2025-02-07,"2:41",161,"1:14",74,"2:20",140,"","point_rel","2025-02-12 point_rel","O-7","CY","BP",""
"1018","2025","Feb",2025-02-11,"Chinook Salmon","late-fall","O-4","NJ","AC, BP","26",52.8,162,"6665",2025-02-07,"2:20",140,"1:34",94,"2:20",140,"","point_rel","2025-02-12 point_rel","O-7","CY","BP",""
"1019","2025","Feb",2025-02-11,"Chinook Salmon","late-fall","O-4","NJ","AC, BP","27",16,125,"6892",2025-02-07,"2:18",138,"1:25",85,"3:40",220,"skinny","point_rel","2025-02-12 point_rel","O-7","CY","BP",""
"1020","2025","Feb",2025-02-11,"Chinook Salmon","late-fall","O-4","NJ","AC, BP","28",67.7,180,"632B",2025-02-07,"2:10",130,"1:19",79,"2:46",166,"","point_rel","2025-02-12 point_rel","O-7","CY","BP",""
"1021","2025","Feb",2025-02-11,"Chinook Salmon","late-fall","O-4","NJ","AC, BP","29",46.6,164,"6511",2025-02-07,"2:32",152,"1:20",80,"4:20",260,"","point_rel","2025-02-12 point_rel","O-7","CY","BP",""
"1022","2025","Feb",2025-02-11,"Chinook Salmon","late-fall","O-4","NJ","AC, BP","30",71.1,183,"6929",2025-02-07,"2:13",133,"1:29",89,"1:35",95,"","point_rel","2025-02-12 point_rel","O-7","CY","BP",""
"1023","2025","Feb",2025-02-11,"Chinook Salmon","late-fall","O-4","NJ","AC, BP","31",40.6,158,"650A",2025-02-07,"3:10",190,"1:13",73,"2:55",175,"","point_rel","2025-02-12 point_rel","O-7","CY","BP",""
"1024","2025","Feb",2025-02-11,"Chinook Salmon","late-fall","O-4","NJ","AC, BP","32",63.9,175,"6935",2025-02-07,"2:59",179,"1:10",70,"3:55",235,"","point_rel","2025-02-12 point_rel","O-7","CY","BP",""
"1025","2025","Feb",2025-02-11,"Chinook Salmon","late-fall","O-4","NJ","AC, BP","33",25.6,141,"645A",2025-02-07,"2:43",163,"1:30",90,"2:00",120,"","point_rel","2025-02-12 point_rel","O-7","CY","BP",""
"1026","2025","Feb",2025-02-11,"Chinook Salmon","late-fall","O-4","NJ","AC, BP","34",76,181,"64D5",2025-02-07,"2:09",129,"1:16",76,"3:40",220,"","point_rel","2025-02-12 point_rel","O-7","CY","BP",""
"1027","2025","Feb",2025-02-11,"Chinook Salmon","late-fall","O-4","NJ","AC, BP","35",30.1,153,"659A",2025-02-07,"2:59",179,"1:13",73,"4:00",240,"skinny","point_rel","2025-02-12 point_rel","O-7","CY","BP",""
"1028","2025","Feb",2025-02-11,"Chinook Salmon","late-fall","O-4","NJ","AC, BP","36",34.5,146,"668A",2025-02-07,"2:31",151,"2:09",129,"3:40",220,"","point_rel","2025-02-12 point_rel","O-7","CY","BP",""
"1029","2025","Feb",2025-02-11,"Chinook Salmon","late-fall","O-4","NJ","AC, BP","37",58.9,167,"6534",2025-02-07,"3:07",187,"1:38",98,"4:14",254,"","point_rel","2025-02-12 point_rel","O-7","CY","BP",""
"1030","2025","Feb",2025-02-11,"Chinook Salmon","late-fall","O-4","NJ","AC, BP","38",31.9,152,"6456",2025-02-07,"2:49",169,"1:24",84,"4:00",240,"","point_rel","2025-02-12 point_rel","O-7","CY","BP",""
"1031","2025","Feb",2025-02-11,"Chinook Salmon","late-fall","O-4","NJ","AC, BP","39",69,182,"6925",2025-02-07,"2:42",162,"1:29",89,"3:08",188,"","point_rel","2025-02-12 point_rel","O-7","CY","BP",""
"1032","2025","Feb",2025-02-11,"Chinook Salmon","late-fall","O-4","NJ","AC, BP","40",46.6,158,"65CA",2025-02-07,"2:30",150,"1:23",83,"4:20",260,"","point_rel","2025-02-12 point_rel","O-7","CY","BP",""
"1033","2025","Feb",2025-02-11,"Chinook Salmon","late-fall","O-4","AC","NJ, BP","41",61.5,177,"62BD",2025-02-07,"2:51",171,"1:58",118,"1:38",98,"","point_rel","2025-02-12 point_rel","O-7","CY","BP",""
"1034","2025","Feb",2025-02-11,"Chinook Salmon","late-fall","O-4","AC","NJ, BP","42",56,172,"686D",2025-02-07,"2:08",128,"1:21",81,"1:09",69,"","point_rel","2025-02-12 point_rel","O-7","CY","BP",""
"1035","2025","Feb",2025-02-11,"Chinook Salmon","late-fall","O-4","AC","NJ, BP","43",52,163,"6543",2025-02-07,"2:19",139,"1:34",94,"1:26",86,"","point_rel","2025-02-12 point_rel","O-7","CY","BP",""
"1036","2025","Feb",2025-02-11,"Chinook Salmon","late-fall","O-4","AC","NJ, BP","44",37.1,158,"66BA",2025-02-07,"2:42",162,"1:42",102,"1:55",115,"skinny","point_rel","2025-02-12 point_rel","O-7","CY","BP",""
"1037","2025","Feb",2025-02-11,"Chinook Salmon","late-fall","O-4","AC","NJ, BP","45",48.3,161,"62B2",2025-02-07,"2:43",163,"1:28",88,"2:18",138,"","point_rel","2025-02-12 point_rel","O-7","CY","BP",""
"1038","2025","Feb",2025-02-11,"Chinook Salmon","late-fall","O-4","AC","NJ, BP","46",96.7,198,"6889",2025-02-07,"2:33",153,"1:32",92,"2:32",152,"","point_rel","2025-02-12 point_rel","O-7","CY","BP",""
"1039","2025","Feb",2025-02-11,"Chinook Salmon","late-fall","O-4","AC","NJ, BP","47",39.9,149,"659D",2025-02-07,"2:25",145,"1:25",85,"2:55",175,"","point_rel","2025-02-12 point_rel","O-7","CY","BP",""
"1040","2025","Feb",2025-02-11,"Chinook Salmon","late-fall","O-4","AC","NJ, BP","48",40,153,"6596",2025-02-07,"3:02",182,"1:34",94,"2:46",166,"","point_rel","2025-02-12 point_rel","O-7","CY","BP",""
"1041","2025","Feb",2025-02-11,"Chinook Salmon","late-fall","O-4","AC","NJ, BP","49",47.8,160,"6569",2025-02-07,"2:33",153,"1:25",85,"2:27",147,"","point_rel","2025-02-12 point_rel","O-7","CY","BP",""
"1042","2025","Feb",2025-02-11,"Chinook Salmon","late-fall","O-4","AC","NJ, BP","50",62.6,175,"62D5",2025-02-07,"2:24",144,"1:31",91,"3:14",194,"","point_rel","2025-02-12 point_rel","O-7","CY","BP",""
"1043","2025","Feb",2025-02-11,"Chinook Salmon","late-fall","O-4","AC","NJ, BP","51",68.1,183,"652E",2025-02-07,"2:45",165,"1:26",86,"4:09",249,"","point_rel","2025-02-12 point_rel","O-7","CY","BP",""
"1044","2025","Feb",2025-02-11,"Chinook Salmon","late-fall","O-4","AC","NJ, BP","52",32.6,150,"65A4",2025-02-07,"2:30",150,"1:26",86,"1:17",77,"","point_rel","2025-02-12 point_rel","O-7","CY","BP",""
"1045","2025","Feb",2025-02-11,"Chinook Salmon","late-fall","O-4","AC","NJ, BP","53",56.5,175,"66DA",2025-02-07,"2:40",160,"1:14",74,"2:42",162,"","point_rel","2025-02-12 point_rel","O-7","CY","BP",""
"1046","2025","Feb",2025-02-11,"Chinook Salmon","late-fall","O-4","AC","NJ, BP","54",61.1,176,"66BB",2025-02-07,"2:41",161,"1:25",85,"1:37",97,"","point_rel","2025-02-12 point_rel","O-7","CY","BP",""
"1047","2025","Feb",2025-02-11,"Chinook Salmon","late-fall","O-4","AC","NJ, BP","55",56.8,165,"62DD",2025-02-07,"2:46",166,"1:50",110,"4:09",249,"","point_rel","2025-02-12 point_rel","O-7","CY","BP",""
"1048","2025","Feb",2025-02-11,"Chinook Salmon","late-fall","O-4","AC","NJ, BP","56",46.7,170,"6492",2025-02-07,"2:37",157,"1:15",75,"1:38",98,"","point_rel","2025-02-12 point_rel","O-7","CY","BP",""
"1049","2025","Feb",2025-02-11,"Chinook Salmon","late-fall","O-4","AC","NJ, BP","57",61.7,175,"6539",2025-02-07,"2:06",126,"1:15",75,"1:18",78,"","point_rel","2025-02-12 point_rel","O-7","CY","BP",""
"1050","2025","Feb",2025-02-11,"Chinook Salmon","late-fall","O-4","AC","NJ, BP","58",27.4,144,"685A",2025-02-07,"2:15",135,"1:30",90,"2:54",174,"skinny","point_rel","2025-02-12 point_rel","O-7","CY","BP",""
"1051","2025","Feb",2025-02-11,"Chinook Salmon","late-fall","O-4","AC","NJ, BP","59",63.7,176,"6528",2025-02-07,"2:35",155,"1:42",102,"2:54",174,"","point_rel","2025-02-12 point_rel","O-7","CY","BP",""
"1052","2025","Feb",2025-02-11,"Chinook Salmon","late-fall","O-4","AC","NJ, BP","60",33.6,156,"6525",2025-02-07,"2:20",140,"1:20",80,"1:28",88,"","point_rel","2025-02-12 point_rel","O-7","CY","BP",""
"1053","2025","Feb",2025-02-11,"Chinook Salmon","late-fall","O-4","AC","NJ, BP","61",26.7,145,"6592",2025-02-07,"2:11",131,"1:23",83,"2:45",165,"","point_rel","2025-02-12 point_rel","O-7","CY","BP",""
"1054","2025","Feb",2025-02-11,"Chinook Salmon","late-fall","O-4","AC","NJ, BP","62",44.9,157,"64D9",2025-02-07,"2:26",146,"1:31",91,"4:02",242,"","point_rel","2025-02-12 point_rel","O-7","CY","BP",""
"1055","2025","Feb",2025-02-11,"Chinook Salmon","late-fall","O-4","AC","NJ, BP","63",61.9,176,"64D2",2025-02-07,"2:15",135,"1:32",92,"3:22",202,"","point_rel","2025-02-12 point_rel","O-7","CY","BP",""
"1056","2025","Feb",2025-02-11,"Chinook Salmon","late-fall","O-4","AC","NJ, BP","64",18.6,134,"654F",2025-02-07,"2:34",154,"1:59",119,"1:44",104,"skinny","point_rel","2025-02-12 point_rel","O-7","CY","BP",""
"1057","2025","Feb",2025-02-11,"Chinook Salmon","late-fall","O-4","AC","NJ, BP","65",90.9,196,"6356",2025-02-07,"2:53",173,"1:35",95,"1:42",102,"","point_rel","2025-02-12 point_rel","O-7","CY","BP",""
"1058","2025","Feb",2025-02-11,"Chinook Salmon","late-fall","O-4","AC","NJ, BP","66",33.3,157,"6527",2025-02-07,"3:22",202,"1:30",90,"1:57",117,"","point_rel","2025-02-12 point_rel","O-7","CY","BP",""
"1059","2025","Feb",2025-02-11,"Chinook Salmon","late-fall","O-4","AC","NJ, BP","67",63.2,176,"66A2",2025-02-07,"1:51",111,"1:19",79,"3:11",191,"","point_rel","2025-02-12 point_rel","O-7","CY","BP",""
"1060","2025","Feb",2025-02-11,"Chinook Salmon","late-fall","O-4","AC","NJ, BP","68",25.2,142,"66D4",2025-02-07,"2:05",125,"1:47",107,"2:05",125,"","point_rel","2025-02-12 point_rel","O-7","CY","BP",""
"1061","2025","Feb",2025-02-11,"Chinook Salmon","late-fall","O-4","AC","NJ, BP","69",62.8,175,"6493",2025-02-07,"2:33",153,"1:25",85,"2:58",178,"","point_rel","2025-02-12 point_rel","O-7","CY","BP",""
"1062","2025","Feb",2025-02-11,"Chinook Salmon","late-fall","O-4","AC","NJ, BP","70",27.4,147,"6576",2025-02-07,"3:40",220,"1:37",97,"2:28",148,"","point_rel","2025-02-12 point_rel","O-7","CY","BP",""
"1063","2025","Feb",2025-02-11,"Chinook Salmon","late-fall","O-4","AC","NJ, BP","71",29.2,148,"648B",2025-02-07,"3:04",184,"1:24",84,"2:00",120,"","point_rel","2025-02-12 point_rel","O-7","CY","BP",""
"1064","2025","Feb",2025-02-11,"Chinook Salmon","late-fall","O-4","AC","NJ, BP","72",20.6,134,"64C9",2025-02-07,"2:17",137,"1:36",96,"2:57",177,"","point_rel","2025-02-12 point_rel","O-7","CY","BP",""
"1065","2025","Feb",2025-02-11,"Chinook Salmon","late-fall","O-4","AC","NJ, BP","73",90.2,202,"64E5",2025-02-07,"2:58",178,"1:34",94,"2:25",145,"","point_rel","2025-02-12 point_rel","O-7","CY","BP",""
"1066","2025","Feb",2025-02-11,"Chinook Salmon","late-fall","O-4","AC","NJ, BP","74",28.9,146,"6692",2025-02-07,"2:14",134,"1:24",84,"2:38",158,"","point_rel","2025-02-12 point_rel","O-7","CY","BP",""
"1067","2025","Feb",2025-02-11,"Chinook Salmon","late-fall","O-4","AC","NJ, BP","75",53.1,167,"688B",2025-02-07,"1:48",108,"1:28",88,"1:03",63,"","point_rel","2025-02-12 point_rel","O-7","CY","BP",""
"1068","2025","Feb",2025-02-11,"Chinook Salmon","late-fall","O-4","AC","NJ, BP","76",47.8,166,"653B",2025-02-07,"2:55",175,"1:36",96,"2:54",174,"","point_rel","2025-02-12 point_rel","O-7","CY","BP",""
"1069","2025","Feb",2025-02-11,"Chinook Salmon","late-fall","O-4","AC","NJ, BP","77",91.3,193,"65B6",2025-02-07,"2:24",144,"1:33",93,"3:58",238,"","point_rel","2025-02-12 point_rel","O-7","CY","BP",""
"1070","2025","Feb",2025-02-11,"Chinook Salmon","late-fall","O-4","AC","NJ, BP","78",52.5,167,"6895",2025-02-07,"2:28",148,"1:20",80,"3:22",202,"","point_rel","2025-02-12 point_rel","O-7","CY","BP",""
"1071","2025","Feb",2025-02-11,"Chinook Salmon","late-fall","O-4","AC","NJ, BP","79",33.4,150,"64A6",2025-02-07,"2:27",147,"1:20",80,"2:51",171,"","point_rel","2025-02-12 point_rel","O-7","CY","BP",""
"1072","2025","Feb",2025-02-11,"Chinook Salmon","late-fall","O-4","AC","NJ, BP","80",75.5,184,"65AC",2025-02-07,"2:12",132,"1:23",83,"4:30",270,"","point_rel","2025-02-12 point_rel","O-7","CY","BP",""
"1073","2025","Feb",2025-02-11,"Chinook Salmon","late-fall","O-4","NJ","AC, BP","D1",23,141,"9639",2025-02-07,"2:33",153,"1:50",110,"1:25",85,"Skinny, all control fish placed directly into holding tank and observed for recovery",NA,NA,"H-4","CY","BP",""
"1074","2025","Feb",2025-02-11,"Chinook Salmon","late-fall","O-4","NJ","AC, BP","D2",54.4,171,"26A1",2025-02-07,"2:03",123,"1:32",92,"2:00",120,"",NA,NA,"H-4","CY","BP",""
"1075","2025","Feb",2025-02-11,"Chinook Salmon","late-fall","O-4","NJ","AC, BP","D3",97.4,200,"14B0",2025-02-07,"2:46",166,"1:34",94,"1:48",108,"",NA,NA,"H-4","CY","BP",""
"1076","2025","Feb",2025-02-11,"Chinook Salmon","late-fall","O-4","NJ","AC, BP","D4",28.7,146,"2055",2025-02-07,"2:26",146,"1:28",88,"2:02",122,"",NA,NA,"H-4","CY","BP",""
"1077","2025","Feb",2025-02-11,"Chinook Salmon","late-fall","O-4","AC","NJ, BP","D5",25.8,143,"24EA",2025-02-07,"2:18",138,"1:54",114,"1:50",110,"skinny",NA,NA,"H-4","CY","BP",""
"1078","2025","Feb",2025-02-11,"Chinook Salmon","late-fall","O-4","AC","NJ, BP","D6",40.6,151,"250C",2025-02-07,"1:48",108,"1:34",94,"2:53",173,"",NA,NA,"H-4","CY","BP",""
"1079","2025","Feb",2025-02-11,"Chinook Salmon","late-fall","O-4","AC","NJ, BP","D7",134.8,215,"2866",2025-02-07,"2:45",165,"3:09",189,"1:20",80,"",NA,NA,"H-4","CY","BP",""
"1080","2025","Feb",2025-02-11,"Chinook Salmon","late-fall","O-4","AC","NJ, BP","D8",26.1,149,"153E",2025-02-07,"2:13",133,"1:38",98,"3:15",195,"Skinny",NA,NA,"H-4","CY","BP",""
"1081","2025","Feb",2025-02-12,"Chinook Salmon","late-fall","O-5","NJ","AC, EH","1",67.3,178,"64BD",2025-02-07,"2:27",147,"1:29",89,"3:20",200,"","point_rel","2025-02-13 point_rel","O-6","EH","BP",""
"1082","2025","Feb",2025-02-12,"Chinook Salmon","late-fall","O-5","NJ","AC, EH","2",80.6,186,"636B",2025-02-07,"2:40",160,"1:34",94,"3:00",180,"","point_rel","2025-02-13 point_rel","O-6","EH","BP",""
"1083","2025","Feb",2025-02-12,"Chinook Salmon","late-fall","O-5","NJ","AC, EH","3",53.6,168,"6529",2025-02-07,"2:33",153,"1:21",81,"1:56",116,"","point_rel","2025-02-13 point_rel","O-6","EH","BP",""
"1084","2025","Feb",2025-02-12,"Chinook Salmon","late-fall","O-5","NJ","AC, EH","4",41.8,161,"62E9",2025-02-07,"2:14",134,"1:14",74,"2:00",120,"","point_rel","2025-02-13 point_rel","O-6","EH","BP",""
"1085","2025","Feb",2025-02-12,"Chinook Salmon","late-fall","O-5","NJ","AC, EH","5",72.3,179,"6508",2025-02-07,"2:19",139,"1:07",67,"2:10",130,"","point_rel","2025-02-13 point_rel","O-6","EH","BP",""
"1086","2025","Feb",2025-02-12,"Chinook Salmon","late-fall","O-5","NJ","AC, EH","6",146.3,223,"6375",2025-02-07,"4:03",243,"1:19",79,"4:30",270,"","point_rel","2025-02-13 point_rel","O-6","EH","BP",""
"1087","2025","Feb",2025-02-12,"Chinook Salmon","late-fall","O-5","NJ","AC, EH","7",88.6,192,"64AB",2025-02-07,"1:32",92,"1:07",67,"1:20",80,"","point_rel","2025-02-13 point_rel","O-6","EH","BP",""
"1088","2025","Feb",2025-02-12,"Chinook Salmon","late-fall","O-5","NJ","AC, EH","8",77.8,188,"62C9",2025-02-07,"2:29",149,"1:41",101,"2:53",173,"","point_rel","2025-02-13 point_rel","O-6","EH","BP",""
"1089","2025","Feb",2025-02-12,"Chinook Salmon","late-fall","O-5","NJ","AC, EH","9",112.1,204,"6691",2025-02-07,"2:08",128,"1:19",79,"4:28",268,"","point_rel","2025-02-13 point_rel","O-6","EH","BP",""
"1090","2025","Feb",2025-02-12,"Chinook Salmon","late-fall","O-5","NJ","AC, EH","10",86.6,191,"65EB",2025-02-07,"2:33",153,"1:10",70,"2:52",172,"","point_rel","2025-02-13 point_rel","O-6","EH","BP",""
"1091","2025","Feb",2025-02-12,"Chinook Salmon","late-fall","O-5","NJ","AC, EH","11",45.9,155,"64D8",2025-02-07,"2:18",138,"1:10",70,"2:08",128,"","point_rel","2025-02-13 point_rel","O-6","EH","BP",""
"1092","2025","Feb",2025-02-12,"Chinook Salmon","late-fall","O-5","NJ","AC, EH","12",67.9,178,"62CB",2025-02-07,"2:17",137,"1:37",97,"1:30",90,"","point_rel","2025-02-13 point_rel","O-6","EH","BP",""
"1093","2025","Feb",2025-02-12,"Chinook Salmon","late-fall","O-5","NJ","AC, EH","13",74.5,180,"6515",2025-02-07,"2:08",128,"1:24",84,"1:30",90,"","point_rel","2025-02-13 point_rel","O-6","EH","BP",""
"1094","2025","Feb",2025-02-12,"Chinook Salmon","late-fall","O-5","NJ","AC, EH","14",79.8,184,"64AF",2025-02-07,"2:19",139,"1:02",62,"2:19",139,"","point_rel","2025-02-13 point_rel","O-6","EH","BP",""
"1095","2025","Feb",2025-02-12,"Chinook Salmon","late-fall","O-5","NJ","AC, EH","15",44.3,153,"6555",2025-02-07,"1:48",108,"1:43",103,"2:31",151,"","point_rel","2025-02-13 point_rel","O-6","EH","BP",""
"1096","2025","Feb",2025-02-12,"Chinook Salmon","late-fall","O-5","NJ","AC, EH","16",68.8,176,"646D",2025-02-07,"2:12",132,"1:16",76,"4:30",270,"","point_rel","2025-02-13 point_rel","O-6","EH","BP",""
"1097","2025","Feb",2025-02-12,"Chinook Salmon","late-fall","O-5","NJ","AC, EH","17",40.2,161,"62ED",2025-02-07,"2:31",151,"1:24",84,"4:00",240,"","point_rel","2025-02-13 point_rel","O-6","EH","BP",""
"1098","2025","Feb",2025-02-12,"Chinook Salmon","late-fall","O-5","NJ","AC, EH","18",35.9,152,"62AF",2025-02-07,"2:32",152,"1:21",81,"2:50",170,"","point_rel","2025-02-13 point_rel","O-6","EH","BP",""
"1099","2025","Feb",2025-02-12,"Chinook Salmon","late-fall","O-5","NJ","AC, EH","19",18.8,131,"64D4",2025-02-07,"2:33",153,"1:37",97,"3:00",180,"Skinny","point_rel","2025-02-13 point_rel","O-6","EH","BP",""
"1100","2025","Feb",2025-02-12,"Chinook Salmon","late-fall","O-5","NJ","AC, EH","20",71.9,181,"665B",2025-02-07,"2:13",133,"1:22",82,"1:41",101,"","point_rel","2025-02-13 point_rel","O-6","EH","BP",""
"1101","2025","Feb",2025-02-12,"Chinook Salmon","late-fall","O-5","NJ","AC, EH","21",62.6,171,"632A",2025-02-07,"1:41",101,"1:19",79,"2:18",138,"","point_rel","2025-02-13 point_rel","O-6","EH","BP",""
"1102","2025","Feb",2025-02-12,"Chinook Salmon","late-fall","O-5","NJ","AC, EH","22",111.2,202,"6469",2025-02-07,"2:11",131,"1:06",66,"2:40",160,"","point_rel","2025-02-13 point_rel","O-6","EH","BP",""
"1103","2025","Feb",2025-02-12,"Chinook Salmon","late-fall","O-5","NJ","AC, EH","23",36.8,150,"68D5",2025-02-07,"2:12",132,"1:14",74,"2:48",168,"","point_rel","2025-02-13 point_rel","O-6","EH","BP",""
"1104","2025","Feb",2025-02-12,"Chinook Salmon","late-fall","O-5","NJ","AC, EH","24",85.3,192,"65ED",2025-02-07,"2:24",144,"1:12",72,"2:58",178,"","point_rel","2025-02-13 point_rel","O-6","EH","BP",""
"1105","2025","Feb",2025-02-12,"Chinook Salmon","late-fall","O-5","NJ","AC, EH","25",53.1,166,"6489",2025-02-07,"2:37",157,"1:07",67,"1:20",80,"","point_rel","2025-02-13 point_rel","O-6","EH","BP",""
"1106","2025","Feb",2025-02-12,"Chinook Salmon","late-fall","O-5","NJ","AC, EH","26",50.7,162,"6325",2025-02-07,"2:31",151,"1:09",69,"2:02",122,"","point_rel","2025-02-13 point_rel","O-6","EH","BP",""
"1107","2025","Feb",2025-02-12,"Chinook Salmon","late-fall","O-5","NJ","AC, EH","27",89.5,190,"6353",2025-02-07,"3:35",215,"1:16",76,"3:40",220,"","point_rel","2025-02-13 point_rel","O-6","EH","BP",""
"1108","2025","Feb",2025-02-12,"Chinook Salmon","late-fall","O-5","NJ","AC, EH","28",35.1,156,"65AB",2025-02-07,"3:01",181,"1:39",99,"1:22",82,"Skinny","point_rel","2025-02-13 point_rel","O-6","EH","BP",""
"1109","2025","Feb",2025-02-12,"Chinook Salmon","late-fall","O-5","NJ","AC, EH","29",65.7,176,"62BB",2025-02-07,"2:47",167,"1:18",78,"3:55",235,"","point_rel","2025-02-13 point_rel","O-6","EH","BP",""
"1110","2025","Feb",2025-02-12,"Chinook Salmon","late-fall","O-5","NJ","AC, EH","30",25.5,145,"64AE",2025-02-07,"2:58",178,"1:23",83,"3:12",192,"Skinny","point_rel","2025-02-13 point_rel","O-6","EH","BP",""
"1111","2025","Feb",2025-02-12,"Chinook Salmon","late-fall","O-5","NJ","AC, EH","31",42.2,162,"642B",2025-02-07,"2:50",170,"1:17",77,"4:40",280,"","point_rel","2025-02-13 point_rel","O-6","EH","BP",""
"1112","2025","Feb",2025-02-12,"Chinook Salmon","late-fall","O-5","NJ","AC, EH","32",65.9,176,"68B9",2025-02-07,"1:56",116,"1:25",85,"3:00",180,"","point_rel","2025-02-13 point_rel","O-6","EH","BP",""
"1113","2025","Feb",2025-02-12,"Chinook Salmon","late-fall","O-5","NJ","AC, EH","33",61.9,171,"66EA",2025-02-07,"2:56",176,"1:24",84,"3:45",225,"","point_rel","2025-02-13 point_rel","O-6","EH","BP",""
"1114","2025","Feb",2025-02-12,"Chinook Salmon","late-fall","O-5","NJ","AC, EH","34",62.3,171,"657A",2025-02-07,"2:36",156,"1:18",78,"4:20",260,"","point_rel","2025-02-13 point_rel","O-6","EH","BP",""
"1115","2025","Feb",2025-02-12,"Chinook Salmon","late-fall","O-5","NJ","AC, EH","35",41.5,155,"64CD",2025-02-07,"3:11",191,"1:50",110,"2:45",165,"","point_rel","2025-02-13 point_rel","O-6","EH","BP",""
"1116","2025","Feb",2025-02-12,"Chinook Salmon","late-fall","O-5","NJ","AC, EH","36",51.6,161,"6893",2025-02-07,"2:41",161,"1:36",96,"4:30",270,"","point_rel","2025-02-13 point_rel","O-6","EH","BP",""
"1117","2025","Feb",2025-02-12,"Chinook Salmon","late-fall","O-5","NJ","AC, EH","37",45.2,163,"68A6",2025-02-07,"3:31",211,"1:20",80,"1:20",80,"","point_rel","2025-02-13 point_rel","O-6","EH","BP",""
"1118","2025","Feb",2025-02-12,"Chinook Salmon","late-fall","O-5","NJ","AC, EH","38",80.7,189,"6589",2025-02-07,"2:39",159,"1:31",91,"1:40",100,"","point_rel","2025-02-13 point_rel","O-6","EH","BP",""
"1119","2025","Feb",2025-02-12,"Chinook Salmon","late-fall","O-5","NJ","AC, EH","39",83.5,178,"634A",2025-02-07,"2:06",126,"1:24",84,"3:55",235,"","point_rel","2025-02-13 point_rel","O-6","EH","BP",""
"1120","2025","Feb",2025-02-12,"Chinook Salmon","late-fall","O-5","NJ","AC, EH","40",31.3,149,"62AE",2025-02-07,"2:01",121,"1:19",79,"2:22",142,"Skinny","point_rel","2025-02-13 point_rel","O-6","EH","BP",""
"1121","2025","Feb",2025-02-12,"Chinook Salmon","late-fall","O-5","AC","NJ, EH","41",79.5,187,"62C5",2025-02-07,"2:08",128,"1:35",95,"2:09",129,"","point_rel","2025-02-13 point_rel","O-6","EH","BP",""
"1122","2025","Feb",2025-02-12,"Chinook Salmon","late-fall","O-5","AC","NJ, EH","42",40.7,158,"66D3",2025-02-07,"2:22",142,"1:44",104,"2:45",165,"","point_rel","2025-02-13 point_rel","O-6","EH","BP",""
"1123","2025","Feb",2025-02-12,"Chinook Salmon","late-fall","O-5","AC","NJ, EH","43",56.3,167,"66E9",2025-02-07,"2:45",165,"1:39",99,"4:20",260,"","point_rel","2025-02-13 point_rel","O-6","EH","BP",""
"1124","2025","Feb",2025-02-12,"Chinook Salmon","late-fall","O-5","AC","NJ, EH","44",67.1,178,"6953",2025-02-07,"2:06",126,"1:28",88,"1:45",105,"","point_rel","2025-02-13 point_rel","O-6","EH","BP",""
"1125","2025","Feb",2025-02-12,"Chinook Salmon","late-fall","O-5","AC","NJ, EH","45",66.1,176,"646B",2025-02-07,"2:18",138,"1:32",92,"1:40",100,"","point_rel","2025-02-13 point_rel","O-6","EH","BP",""
"1126","2025","Feb",2025-02-12,"Chinook Salmon","late-fall","O-5","AC","NJ, EH","46",60.8,169,"6351",2025-02-07,"2:18",138,"1:28",88,"2:08",128,"","point_rel","2025-02-13 point_rel","O-6","EH","BP",""
"1127","2025","Feb",2025-02-12,"Chinook Salmon","late-fall","O-5","AC","NJ, EH","47",24.3,138,"64ED",2025-02-07,"1:53",113,"1:50",110,"1:53",113,"Skinny","point_rel","2025-02-13 point_rel","O-6","EH","BP",""
"1128","2025","Feb",2025-02-12,"Chinook Salmon","late-fall","O-5","AC","NJ, EH","48",38,156,"6532",2025-02-07,"2:34",154,"1:51",111,"3:08",188,"","point_rel","2025-02-13 point_rel","O-6","EH","BP",""
"1129","2025","Feb",2025-02-12,"Chinook Salmon","late-fall","O-5","AC","NJ, EH","49",135.1,224,"62CD",2025-02-07,"2:47",167,"1:44",104,"1:46",106,"","point_rel","2025-02-13 point_rel","O-6","EH","BP",""
"1130","2025","Feb",2025-02-12,"Chinook Salmon","late-fall","O-5","AC","NJ, EH","50",46,158,"6517",2025-02-07,"2:06",126,"1:40",100,"1:45",105,"","point_rel","2025-02-13 point_rel","O-6","EH","BP",""
"1131","2025","Feb",2025-02-12,"Chinook Salmon","late-fall","O-5","AC","NJ, EH","51",87.4,191,"652D",2025-02-07,"2:26",146,"1:37",97,"2:02",122,"","point_rel","2025-02-13 point_rel","O-6","EH","BP",""
"1132","2025","Feb",2025-02-12,"Chinook Salmon","late-fall","O-5","AC","NJ, EH","52",83.6,190,"64B9",2025-02-07,"2:27",147,"1:37",97,"2:05",125,"","point_rel","2025-02-13 point_rel","O-6","EH","BP",""
"1133","2025","Feb",2025-02-12,"Chinook Salmon","late-fall","O-5","AC","NJ, EH","53",64.3,176,"657D",2025-02-07,"2:15",135,"1:37",97,"2:32",152,"","point_rel","2025-02-13 point_rel","O-6","EH","BP",""
"1134","2025","Feb",2025-02-12,"Chinook Salmon","late-fall","O-5","AC","NJ, EH","54",70.8,183,"62AB",2025-02-07,"2:09",129,"1:28",88,"2:33",153,"","point_rel","2025-02-13 point_rel","O-6","EH","BP",""
"1135","2025","Feb",2025-02-12,"Chinook Salmon","late-fall","O-5","AC","NJ, EH","55",36.5,159,"65AF",2025-02-07,"2:23",143,"1:40",100,"2:10",130,"","point_rel","2025-02-13 point_rel","O-6","EH","BP",""
"1136","2025","Feb",2025-02-12,"Chinook Salmon","late-fall","O-5","AC","NJ, EH","56",57.3,172,"6315",2025-02-07,"2:17",137,"1:36",96,"2:10",130,"","point_rel","2025-02-13 point_rel","O-6","EH","BP",""
"1137","2025","Feb",2025-02-12,"Chinook Salmon","late-fall","O-5","AC","NJ, EH","57",65.9,178,"64AD",2025-02-07,"2:27",147,"1:32",92,"2:26",146,"","point_rel","2025-02-13 point_rel","O-6","EH","BP",""
"1138","2025","Feb",2025-02-12,"Chinook Salmon","late-fall","O-5","AC","NJ, EH","58",64.9,171,"65B3",2025-02-07,"2:04",124,"1:40",100,"3:51",231,"","point_rel","2025-02-13 point_rel","O-6","EH","BP",""
"1139","2025","Feb",2025-02-12,"Chinook Salmon","late-fall","O-5","AC","NJ, EH","59",43.2,157,"649A",2025-02-07,"1:51",111,"1:34",94,"2:30",150,"","point_rel","2025-02-13 point_rel","O-6","EH","BP",""
"1140","2025","Feb",2025-02-12,"Chinook Salmon","late-fall","O-5","AC","NJ, EH","60",74.9,183,"650B",2025-02-07,"2:28",148,"1:44",104,"4:00",240,"","point_rel","2025-02-13 point_rel","O-6","EH","BP",""
"1141","2025","Feb",2025-02-12,"Chinook Salmon","late-fall","O-5","AC","NJ, EH","61",66.7,175,"653A",2025-02-07,"2:37",157,"1:37",97,"3:46",226,"","point_rel","2025-02-13 point_rel","O-6","EH","BP",""
"1142","2025","Feb",2025-02-12,"Chinook Salmon","late-fall","O-5","AC","NJ, EH","62",54.1,167,"64D6",2025-02-07,"2:30",150,"1:33",93,"2:45",165,"","point_rel","2025-02-13 point_rel","O-6","EH","BP",""
"1143","2025","Feb",2025-02-12,"Chinook Salmon","late-fall","O-5","AC","NJ, EH","63",57.1,169,"6546",2025-02-07,"2:28",148,"1:30",90,"2:03",123,"","point_rel","2025-02-13 point_rel","O-6","EH","BP",""
"1144","2025","Feb",2025-02-12,"Chinook Salmon","late-fall","O-5","AC","NJ, EH","64",37.6,164,"68EA",2025-02-07,"2:31",151,"1:35",95,"2:15",135,"","point_rel","2025-02-13 point_rel","O-6","EH","BP",""
"1145","2025","Feb",2025-02-12,"Chinook Salmon","late-fall","O-5","AC","NJ, EH","65",57.8,177,"6535",2025-02-07,"2:24",144,"1:25",85,"2:30",150,"","point_rel","2025-02-13 point_rel","O-6","EH","BP",""
"1146","2025","Feb",2025-02-12,"Chinook Salmon","late-fall","O-5","AC","NJ, EH","66",59.6,182,"66EB",2025-02-07,"2:04",124,"1:47",107,"1:45",105,"","point_rel","2025-02-13 point_rel","O-6","EH","BP",""
"1147","2025","Feb",2025-02-12,"Chinook Salmon","late-fall","O-5","AC","NJ, EH","67",57.8,173,"66B4",2025-02-07,"2:24",144,"1:48",108,"3:10",190,"","point_rel","2025-02-13 point_rel","O-6","EH","BP",""
"1148","2025","Feb",2025-02-12,"Chinook Salmon","late-fall","O-5","AC","NJ, EH","68",81.3,189,"6585",2025-02-07,"2:19",139,"1:26",86,"1:35",95,"","point_rel","2025-02-13 point_rel","O-6","EH","BP",""
"1149","2025","Feb",2025-02-12,"Chinook Salmon","late-fall","O-5","AC","NJ, EH","69",80.3,187,"6653",2025-02-07,"2:16",136,"1:38",98,"2:38",158,"","point_rel","2025-02-13 point_rel","O-6","EH","BP",""
"1150","2025","Feb",2025-02-12,"Chinook Salmon","late-fall","O-5","AC","NJ, EH","70",73.9,181,"62F5",2025-02-07,"3:00",180,"1:25",85,"3:11",191,"","point_rel","2025-02-13 point_rel","O-6","EH","BP","Verified tag code on Teraterm - EH, PH"
"1151","2025","Feb",2025-02-12,"Chinook Salmon","late-fall","O-5","AC","NJ, EH","71",70.3,179,"6459",2025-02-07,"2:28",148,"1:25",85,"2:58",178,"","point_rel","2025-02-13 point_rel","O-6","EH","BP",""
"1152","2025","Feb",2025-02-12,"Chinook Salmon","late-fall","O-5","AC","NJ, EH","72",102.3,197,"650D",2025-02-07,"2:28",148,"2:40",160,"3:04",184,"","point_rel","2025-02-13 point_rel","O-6","EH","BP",""
"1153","2025","Feb",2025-02-12,"Chinook Salmon","late-fall","O-5","AC","NJ, EH","73",69.3,178,"6457",2025-02-07,"2:31",151,"1:44",104,"1:45",105,"","point_rel","2025-02-13 point_rel","O-6","EH","BP",""
"1154","2025","Feb",2025-02-12,"Chinook Salmon","late-fall","O-5","AC","NJ, EH","74",53,171,"666B",2025-02-07,"2:09",129,"1:28",88,"3:03",183,"","point_rel","2025-02-13 point_rel","O-6","EH","BP",""
"1155","2025","Feb",2025-02-12,"Chinook Salmon","late-fall","O-5","AC","NJ, EH","75",57.9,182,"6491",2025-02-07,"2:12",132,"1:48",108,"3:00",180,"","point_rel","2025-02-13 point_rel","O-6","EH","BP",""
"1156","2025","Feb",2025-02-12,"Chinook Salmon","late-fall","O-5","AC","NJ, EH","76",85.4,190,"6945",2025-02-07,"3:34",214,"1:31",91,"3:21",201,"","point_rel","2025-02-13 point_rel","O-6","EH","BP","Verified tag code on Teraterm - EH, PH"
"1157","2025","Feb",2025-02-12,"Chinook Salmon","late-fall","O-5","AC","NJ, EH","77",48.5,167,"62B1",2025-02-07,"2:21",141,"1:30",90,"2:45",165,"","point_rel","2025-02-13 point_rel","O-6","EH","BP",""
"1158","2025","Feb",2025-02-12,"Chinook Salmon","late-fall","O-5","AC","NJ, EH","78",74.2,184,"6559",2025-02-07,"3:02",182,"1:31",91,"2:04",124,"","point_rel","2025-02-13 point_rel","O-6","EH","BP",""
"1159","2025","Feb",2025-02-12,"Chinook Salmon","late-fall","O-5","AC","NJ, EH","79",49.1,172,"636A",2025-02-07,"2:14",134,"1:29",89,"2:44",164,"","point_rel","2025-02-13 point_rel","O-6","EH","BP",""
"1160","2025","Feb",2025-02-12,"Chinook Salmon","late-fall","O-5","AC","NJ, EH","80",56.3,170,"642A",2025-02-07,"2:08",128,"1:38",98,"1:54",114,"","point_rel","2025-02-13 point_rel","O-6","EH","BP",""
"1161","2025","Feb",2025-02-12,"Chinook Salmon","late-fall","O-5","NJ","AC, EH","D1",72.3,183,"94A4",2025-02-07,"2:13",133,"1:48",108,"3:28",208,"Control fish are being directly placed in tank from net",NA,NA,"H-4","EH","BP",""
"1162","2025","Feb",2025-02-12,"Chinook Salmon","late-fall","O-5","NJ","AC, EH","D2",84.8,190,"2224",2025-02-07,"2:20",140,"1:28",88,"2:26",146,"",NA,NA,"H-4","EH","BP",""
"1163","2025","Feb",2025-02-12,"Chinook Salmon","late-fall","O-5","NJ","AC, EH","D3",67.3,174,"9354",2025-02-07,"2:06",126,"1:12",72,"2:20",140,"",NA,NA,"H-4","EH","BP",""
"1164","2025","Feb",2025-02-12,"Chinook Salmon","late-fall","O-5","NJ","AC, EH","D4",35.1,185,"16E4",2025-02-07,"2:05",125,"1:26",86,"3:12",192,"",NA,NA,"H-4","EH","BP",""
"1165","2025","Feb",2025-02-12,"Chinook Salmon","late-fall","O-5","AC","NJ, EH","D5",51.2,161,"93B1",2025-02-07,"2:03",123,"1:51",111,"2:15",135,"",NA,NA,"H-4","EH","BP",""
"1166","2025","Feb",2025-02-12,"Chinook Salmon","late-fall","O-5","AC","NJ, EH","D6",65.7,179,"9D25",2025-02-07,"2:12",132,"1:34",94,"1:00",60,"",NA,NA,"H-4","EH","BP",""
"1167","2025","Feb",2025-02-12,"Chinook Salmon","late-fall","O-5","AC","NJ, EH","D7",91.5,196,"1DD2",2025-02-07,"2:13",133,"1:32",92,"2:50",170,"",NA,NA,"H-4","EH","BP",""
"1168","2025","Feb",2025-02-12,"Chinook Salmon","late-fall","O-5","AC","NJ, EH","D8",76.4,181,"1D28",2025-02-07,"2:00",120,"1:36",96,"2:24",144,"",NA,NA,"H-4","EH","BP",""
"1169","2025","Feb",2025-02-13,"Chinook Salmon","late-fall","O-4","NJ","AC, AT","1",93.5,199,"63A2",2025-02-07,"2:02",122,"1:15",75,"3:34",214,"","point_rel","2025-02-14 point_rel","O-7","BP","CY",""
"1170","2025","Feb",2025-02-13,"Chinook Salmon","late-fall","O-4","NJ","AC, AT","2",22.9,128,"635D",2025-02-07,"2:04",124,"1:25",85,"3:15",195,"","point_rel","2025-02-14 point_rel","O-7","BP","CY",""
"1171","2025","Feb",2025-02-13,"Chinook Salmon","late-fall","O-4","NJ","AC, AT","3",74.6,186,"6558",2025-02-07,"2:54",174,"1:32",92,"4:02",242,"","point_rel","2025-02-14 point_rel","O-7","BP","CY",""
"1172","2025","Feb",2025-02-13,"Chinook Salmon","late-fall","O-4","NJ","AC, AT","4",46.4,178,"64EB",2025-02-07,"2:10",130,"1:27",87,"1:00",60,"","point_rel","2025-02-14 point_rel","O-7","BP","CY",""
"1173","2025","Feb",2025-02-13,"Chinook Salmon","late-fall","O-4","NJ","AC, AT","5",32.2,152,"66AF",2025-02-07,"2:03",123,"1:26",86,"2:03",123,"","point_rel","2025-02-14 point_rel","O-7","BP","CY",""
"1174","2025","Feb",2025-02-13,"Chinook Salmon","late-fall","O-4","NJ","AC, AT","6",92.8,198,"6505",2025-02-07,"2:05",125,"1:21",81,"1:06",66,"","point_rel","2025-02-14 point_rel","O-7","BP","CY",""
"1175","2025","Feb",2025-02-13,"Chinook Salmon","late-fall","O-4","NJ","AC, AT","7",51.9,163,"66AD",2025-02-07,"2:11",131,"1:23",83,"2:46",166,"","point_rel","2025-02-14 point_rel","O-7","BP","CY",""
"1176","2025","Feb",2025-02-13,"Chinook Salmon","late-fall","O-4","NJ","AC, AT","8",22.3,138,"62D9",2025-02-07,"2:05",125,"1:16",76,"2:34",154,"","point_rel","2025-02-14 point_rel","O-7","BP","CY",""
"1177","2025","Feb",2025-02-13,"Chinook Salmon","late-fall","O-4","NJ","AC, AT","9",25.5,143,"66D1",2025-02-07,"1:55",115,"1:23",83,"1:55",115,"","point_rel","2025-02-14 point_rel","O-7","BP","CY",""
"1178","2025","Feb",2025-02-13,"Chinook Salmon","late-fall","O-4","NJ","AC, AT","10",89.8,193,"6455",2025-02-07,"3:03",183,"1:15",75,"2:08",128,"","point_rel","2025-02-14 point_rel","O-7","BP","CY",""
"1179","2025","Feb",2025-02-13,"Chinook Salmon","late-fall","O-4","NJ","AC, AT","11",60.7,167,"62B7",2025-02-07,"2:04",124,"1:15",75,"1:04",64,"","point_rel","2025-02-14 point_rel","O-7","BP","CY",""
"1180","2025","Feb",2025-02-13,"Chinook Salmon","late-fall","O-4","NJ","AC, AT","12",91.8,195,"64EA",2025-02-07,"2:04",124,"1:17",77,"2:30",150,"","point_rel","2025-02-14 point_rel","O-7","BP","CY",""
"1181","2025","Feb",2025-02-13,"Chinook Salmon","late-fall","O-4","NJ","AC, AT","13",92.1,197,"66DB",2025-02-07,"2:06",126,"1:10",70,"3:45",225,"","point_rel","2025-02-14 point_rel","O-7","BP","CY",""
"1182","2025","Feb",2025-02-13,"Chinook Salmon","late-fall","O-4","NJ","AC, AT","14",55.1,162,"635A",2025-02-07,"2:20",140,"1:02",62,"1:11",71,"","point_rel","2025-02-14 point_rel","O-7","BP","CY",""
"1183","2025","Feb",2025-02-13,"Chinook Salmon","late-fall","O-4","NJ","AC, AT","15",29.9,133,"76AA",2025-02-07,"2:05",125,"1:22",82,"2:18",138,"Skinny","point_rel","2025-02-14 point_rel","O-7","BP","CY",""
"1184","2025","Feb",2025-02-13,"Chinook Salmon","late-fall","O-4","NJ","AC, AT","16",74.5,185,"79AC",2025-02-07,"2:05",125,"1:19",79,"2:12",132,"","point_rel","2025-02-14 point_rel","O-7","BP","CY",""
"1185","2025","Feb",2025-02-13,"Chinook Salmon","late-fall","O-4","NJ","AC, AT","17",46.1,157,"6A90",2025-02-07,"2:06",126,"1:07",67,"1:07",67,"","point_rel","2025-02-14 point_rel","O-7","BP","CY",""
"1186","2025","Feb",2025-02-13,"Chinook Salmon","late-fall","O-4","NJ","AC, AT","18",51.4,165,"6753",2025-02-07,"2:03",123,"1:37",97,"2:34",154,"","point_rel","2025-02-14 point_rel","O-7","BP","CY",""
"1187","2025","Feb",2025-02-13,"Chinook Salmon","late-fall","O-4","NJ","AC, AT","19",75.9,184,"6AE6",2025-02-07,"2:22",142,"1:14",74,"1:00",60,"","point_rel","2025-02-14 point_rel","O-7","BP","CY",""
"1188","2025","Feb",2025-02-13,"Chinook Salmon","late-fall","O-4","NJ","AC, AT","20",23.2,139,"6BA9",2025-02-07,"2:04",124,"1:17",77,"1:07",67,"Skinny","point_rel","2025-02-14 point_rel","O-7","BP","CY",""
"1189","2025","Feb",2025-02-13,"Chinook Salmon","late-fall","O-4","NJ","AC, AT","21",26.8,148,"6A54",2025-02-07,"2:07",127,"1:22",82,"1:09",69,"Skinny","point_rel","2025-02-14 point_rel","O-7","BP","CY",""
"1190","2025","Feb",2025-02-13,"Chinook Salmon","late-fall","O-4","NJ","AC, AT","22",56.6,170,"6B25",2025-02-07,"2:07",127,"1:04",64,"1:11",71,"","point_rel","2025-02-14 point_rel","O-7","BP","CY",""
"1191","2025","Feb",2025-02-13,"Chinook Salmon","late-fall","O-4","NJ","AC, AT","23",69.5,180,"8ADA",2025-02-07,"2:03",123,"1:23",83,"1:24",84,"","point_rel","2025-02-14 point_rel","O-7","BP","CY",""
"1192","2025","Feb",2025-02-13,"Chinook Salmon","late-fall","O-4","NJ","AC, AT","24",37.7,160,"6DB3",2025-02-07,"2:13",133,"1:18",78,"1:40",100,"Skinny","point_rel","2025-02-14 point_rel","O-7","BP","CY",""
"1193","2025","Feb",2025-02-13,"Chinook Salmon","late-fall","O-4","NJ","AC, AT","25",108,202,"6D61",2025-02-07,"2:09",129,"1:15",75,"1:48",108,"","point_rel","2025-02-14 point_rel","O-7","BP","CY",""
"1194","2025","Feb",2025-02-13,"Chinook Salmon","late-fall","O-4","NJ","AC, AT","26",55.1,180,"6B3A",2025-02-07,"2:14",134,"1:10",70,"1:06",66,"","point_rel","2025-02-14 point_rel","O-7","BP","CY",""
"1195","2025","Feb",2025-02-13,"Chinook Salmon","late-fall","O-4","NJ","AC, AT","27",48.2,164,"6BB5",2025-02-07,"2:48",168,"1:30",90,"2:32",152,"","point_rel","2025-02-14 point_rel","O-7","BP","CY",""
"1196","2025","Feb",2025-02-13,"Chinook Salmon","late-fall","O-4","NJ","AC, AT","28",43.8,161,"8BAB",2025-02-07,"2:24",144,"1:24",84,"2:40",160,"","point_rel","2025-02-14 point_rel","O-7","BP","CY",""
"1197","2025","Feb",2025-02-13,"Chinook Salmon","late-fall","O-4","NJ","AC, AT","29",57,166,"6A93",2025-02-07,"2:23",143,"1:21",81,"1:05",65,"","point_rel","2025-02-14 point_rel","O-7","BP","CY",""
"1198","2025","Feb",2025-02-13,"Chinook Salmon","late-fall","O-4","NJ","AC, AT","30",31.6,149,"8BA9",2025-02-07,"2:58",178,"1:41",101,"1:40",100,"Skinny","point_rel","2025-02-14 point_rel","O-7","BP","CY",""
"1199","2025","Feb",2025-02-13,"Chinook Salmon","late-fall","O-4","NJ","AC, AT","31",66.2,177,"84B2",2025-02-07,"2:39",159,"1:13",73,"1:24",84,"","point_rel","2025-02-14 point_rel","O-7","BP","CY",""
"1200","2025","Feb",2025-02-13,"Chinook Salmon","late-fall","O-4","NJ","AC, AT","32",23.1,137,"6B47",2025-02-07,"1:49",109,"1:30",90,"1:08",68,"","point_rel","2025-02-14 point_rel","O-7","BP","CY",""
"1201","2025","Feb",2025-02-13,"Chinook Salmon","late-fall","O-4","NJ","AC, AT","33",106.8,205,"7529",2025-02-07,"2:19",139,"1:11",71,"1:30",90,"","point_rel","2025-02-14 point_rel","O-7","BP","CY",""
"1202","2025","Feb",2025-02-13,"Chinook Salmon","late-fall","O-4","NJ","AC, AT","34",56.8,165,"6B55",2025-02-07,"2;58",178,"1:12",72,"2:02",122,"","point_rel","2025-02-14 point_rel","O-7","BP","CY",""
"1203","2025","Feb",2025-02-13,"Chinook Salmon","late-fall","O-4","NJ","AC, AT","35",21.6,131,"7AAD",2025-02-07,"2:07",127,"1:24",84,"1:25",85,"","point_rel","2025-02-14 point_rel","O-7","BP","CY",""
"1204","2025","Feb",2025-02-13,"Chinook Salmon","late-fall","O-4","NJ","AC, AT","36",40.2,163,"7557",2025-02-07,"2:09",129,"1:30",90,"1:00",60,"Skinny","point_rel","2025-02-14 point_rel","O-7","BP","CY",""
"1205","2025","Feb",2025-02-13,"Chinook Salmon","late-fall","O-4","NJ","AC, AT","37",48.8,168,"6CAE",2025-02-07,"2:19",139,"1:18",78,"1:10",70,"","point_rel","2025-02-14 point_rel","O-7","BP","CY",""
"1206","2025","Feb",2025-02-13,"Chinook Salmon","late-fall","O-4","NJ","AC, AT","38",56.6,175,"7525",2025-02-07,"1:58",118,"1:26",86,"1:06",66,"","point_rel","2025-02-14 point_rel","O-7","BP","CY",""
"1207","2025","Feb",2025-02-13,"Chinook Salmon","late-fall","O-4","NJ","AC, AT","39",93.2,195,"6BA2",2025-02-07,"2:15",135,"1:24",84,"1:07",67,"","point_rel","2025-02-14 point_rel","O-7","BP","CY",""
"1208","2025","Feb",2025-02-13,"Chinook Salmon","late-fall","O-4","NJ","AC, AT","40",35.9,146,"6AEE",2025-02-07,"1:58",118,"1:11",71,"1:36",96,"","point_rel","2025-02-14 point_rel","O-7","BP","CY",""
"1209","2025","Feb",2025-02-13,"Chinook Salmon","late-fall","O-4","AC","AT, NJ","41",45.7,160,"6D0C",2025-02-07,"2:13",133,"1:27",87,"1:04",64,"","point_rel","2025-02-14 point_rel","O-7","BP","CY",""
"1210","2025","Feb",2025-02-13,"Chinook Salmon","late-fall","O-4","AC","AT, NJ","42",66.5,177,"7AAB",2025-02-07,"1:59",119,"1:25",85,"2:48",168,"","point_rel","2025-02-14 point_rel","O-7","BP","CY",""
"1211","2025","Feb",2025-02-13,"Chinook Salmon","late-fall","O-4","AC","AT, NJ","43",103.7,206,"84AA",2025-02-07,"2:03",123,"1:43",103,"1:16",76,"","point_rel","2025-02-14 point_rel","O-7","BP","CY",""
"1212","2025","Feb",2025-02-13,"Chinook Salmon","late-fall","O-4","AC","AT, NJ","44",38.7,161,"7915",2025-02-07,"2:05",125,"1:31",91,"1:00",60,"Skinny","point_rel","2025-02-14 point_rel","O-7","BP","CY",""
"1213","2025","Feb",2025-02-13,"Chinook Salmon","late-fall","O-4","AC","AT, NJ","45",57.8,170,"6D85",2025-02-07,"2:05",125,"1:21",81,"1:33",93,"","point_rel","2025-02-14 point_rel","O-7","BP","CY",""
"1214","2025","Feb",2025-02-13,"Chinook Salmon","late-fall","O-4","AC","AT, NJ","46",61,172,"6D21",2025-02-07,"2:47",167,"1:15",75,"1:47",107,"","point_rel","2025-02-14 point_rel","O-7","BP","CY",""
"1215","2025","Feb",2025-02-13,"Chinook Salmon","late-fall","O-4","AC","AT, NJ","47",55.9,170,"6CA7",2025-02-07,"1:51",111,"1:19",79,"2:36",156,"","point_rel","2025-02-14 point_rel","O-7","BP","CY",""
"1216","2025","Feb",2025-02-13,"Chinook Salmon","late-fall","O-4","AC","AT, NJ","48",44.1,160,"6A57",2025-02-07,"2:13",133,"1:23",83,"1:44",104,"","point_rel","2025-02-14 point_rel","O-7","BP","CY",""
"1217","2025","Feb",2025-02-13,"Chinook Salmon","late-fall","O-4","AC","AT, NJ","49",61.9,178,"7515",2025-02-07,"1:47",107,"1:38",98,"1:41",101,"","point_rel","2025-02-14 point_rel","O-7","BP","CY",""
"1218","2025","Feb",2025-02-13,"Chinook Salmon","late-fall","O-4","AC","AT, NJ","50",87.8,192,"8554",2025-02-07,"2:11",131,"1:31",91,"1:15",75,"","point_rel","2025-02-14 point_rel","O-7","BP","CY",""
"1219","2025","Feb",2025-02-13,"Chinook Salmon","late-fall","O-4","AC","AT, NJ","51",31.8,147,"6BB4",2025-02-07,"1:52",112,"1:25",85,"1:45",105,"","point_rel","2025-02-14 point_rel","O-7","BP","CY",""
"1220","2025","Feb",2025-02-13,"Chinook Salmon","late-fall","O-4","AC","AT, NJ","52",57.5,171,"6957",2025-02-07,"1:48",108,"1:32",92,"1:25",85,"","point_rel","2025-02-14 point_rel","O-7","BP","CY",""
"1221","2025","Feb",2025-02-13,"Chinook Salmon","late-fall","O-4","AC","AT, NJ","53",31.2,154,"8CCA",2025-02-07,"2:13",133,"1:23",83,"1:19",79,"","point_rel","2025-02-14 point_rel","O-7","BP","CY",""
"1222","2025","Feb",2025-02-13,"Chinook Salmon","late-fall","O-4","AC","AT, NJ","54",15,120,"72AB",2025-02-07,"2:10",130,"1:39",99,"1:18",78,"Skinny","point_rel","2025-02-14 point_rel","O-7","BP","CY",""
"1223","2025","Feb",2025-02-13,"Chinook Salmon","late-fall","O-4","AC","AT, NJ","55",54,169,"6496",2025-02-07,"2:33",153,"1:24",84,"2:19",139,"","point_rel","2025-02-14 point_rel","O-7","BP","CY",""
"1224","2025","Feb",2025-02-13,"Chinook Salmon","late-fall","O-4","AC","AT, NJ","56",50.7,161,"62BA",2025-02-07,"1:50",110,"1:24",84,"1:47",107,"","point_rel","2025-02-14 point_rel","O-7","BP","CY",""
"1225","2025","Feb",2025-02-13,"Chinook Salmon","late-fall","O-4","AC","AT, NJ","57",33.5,151,"8D1A",2025-02-07,"2:07",127,"1:28",88,"1:40",100,"","point_rel","2025-02-14 point_rel","O-7","BP","CY",""
"1226","2025","Feb",2025-02-13,"Chinook Salmon","late-fall","O-4","AC","AT, NJ","58",109.5,209,"6B62",2025-02-07,"2:03",123,"1:32",92,"1:02",62,"","point_rel","2025-02-14 point_rel","O-7","BP","CY",""
"1227","2025","Feb",2025-02-13,"Chinook Salmon","late-fall","O-4","AC","AT, NJ","59",28.8,151,"72DB",2025-02-07,"2:13",133,"1:39",99,"1:27",87,"","point_rel","2025-02-14 point_rel","O-7","BP","CY",""
"1228","2025","Feb",2025-02-13,"Chinook Salmon","late-fall","O-4","AC","AT, NJ","60",31.5,155,"6856",2025-02-07,"2:10",130,"1:36",96,"1:00",60,"Skinny","point_rel","2025-02-14 point_rel","O-7","BP","CY",""
"1229","2025","Feb",2025-02-13,"Chinook Salmon","late-fall","O-4","AC","AT, NJ","61",51.9,174,"6D27",2025-02-07,"2:09",129,"1:44",104,"2:05",125,"","point_rel","2025-02-14 point_rel","O-7","BP","CY",""
"1230","2025","Feb",2025-02-13,"Chinook Salmon","late-fall","O-4","AC","AT, NJ","62",12,115,"84B6",2025-02-07,"1:51",111,"1:48",108,"1:14",74,"Skinny","point_rel","2025-02-14 point_rel","O-7","BP","CY",""
"1231","2025","Feb",2025-02-13,"Chinook Salmon","late-fall","O-4","AC","AT, NJ","63",63.1,178,"6D1A",2025-02-07,"2:27",147,"1:34",94,"1:52",112,"","point_rel","2025-02-14 point_rel","O-7","BP","CY",""
"1232","2025","Feb",2025-02-13,"Chinook Salmon","late-fall","O-4","AC","AT, NJ","64",68.6,182,"6AAB",2025-02-07,"2:01",121,"1:30",90,"1:03",63,"","point_rel","2025-02-14 point_rel","O-7","BP","CY",""
"1233","2025","Feb",2025-02-13,"Chinook Salmon","late-fall","O-4","AC","AT, NJ","65",35.4,157,"6DF5",2025-02-07,"2:08",128,"1:42",102,"1:00",60,"","point_rel","2025-02-14 point_rel","O-7","BP","CY",""
"1234","2025","Feb",2025-02-13,"Chinook Salmon","late-fall","O-4","AC","AT, NJ","66",122.4,210,"676D",2025-02-07,"2:16",136,"1:40",100,"1:30",90,"","point_rel","2025-02-14 point_rel","O-7","BP","CY",""
"1235","2025","Feb",2025-02-13,"Chinook Salmon","late-fall","O-4","AC","AT, NJ","67",84.5,195,"7455",2025-02-07,"2:24",144,"1:26",86,"1:29",89,"","point_rel","2025-02-14 point_rel","O-7","BP","CY",""
"1236","2025","Feb",2025-02-13,"Chinook Salmon","late-fall","O-4","AC","AT, NJ","68",45,157,"7289",2025-02-07,"2:33",153,"1:28",88,"1:57",117,"","point_rel","2025-02-14 point_rel","O-7","BP","CY",""
"1237","2025","Feb",2025-02-13,"Chinook Salmon","late-fall","O-4","AC","AT, NJ","69",65.8,176,"6DEB",2025-02-07,"1:55",115,"1:25",85,"2:46",166,"","point_rel","2025-02-14 point_rel","O-7","BP","CY",""
"1238","2025","Feb",2025-02-13,"Chinook Salmon","late-fall","O-4","AC","AT, NJ","70",49.4,175,"6BC9",2025-02-07,"2:05",125,"1:30",90,"1:00",60,"","point_rel","2025-02-14 point_rel","O-7","BP","CY",""
"1239","2025","Feb",2025-02-13,"Chinook Salmon","late-fall","O-4","AC","AT, NJ","71",39.2,162,"724D",2025-02-07,"2:16",136,"1:34",94,"1:51",111,"Skinny","point_rel","2025-02-14 point_rel","O-7","BP","CY",""
"1240","2025","Feb",2025-02-13,"Chinook Salmon","late-fall","O-4","AC","AT, NJ","72",43.3,156,"6CC9",2025-02-07,"2:20",140,"1:25",85,"1:45",105,"","point_rel","2025-02-14 point_rel","O-7","BP","CY",""
"1241","2025","Feb",2025-02-13,"Chinook Salmon","late-fall","O-4","AC","AT, NJ","73",96.8,200,"6ADE",2025-02-07,"1:58",118,"1:29",89,"2:30",150,"","point_rel","2025-02-14 point_rel","O-7","BP","CY",""
"1242","2025","Feb",2025-02-13,"Chinook Salmon","late-fall","O-4","AC","AT, NJ","74",27.2,130,"894A",2025-02-07,"1:50",110,"1:26",86,"1:30",90,"","point_rel","2025-02-14 point_rel","O-7","BP","CY",""
"1243","2025","Feb",2025-02-13,"Chinook Salmon","late-fall","O-4","AC","AT, NJ","75",22.4,145,"6B65",2025-02-07,"2:27",147,"1:32",92,"1:50",110,"","point_rel","2025-02-14 point_rel","O-7","BP","CY",""
"1244","2025","Feb",2025-02-13,"Chinook Salmon","late-fall","O-4","AC","AT, NJ","76",43.7,167,"84D5",2025-02-07,"2:18",138,"1:30",90,"1:10",70,"","point_rel","2025-02-14 point_rel","O-7","BP","CY",""
"1245","2025","Feb",2025-02-13,"Chinook Salmon","late-fall","O-4","AC","AT, NJ","77",41.9,156,"7955",2025-02-07,"2:06",126,"1:21",81,"1:36",96,"","point_rel","2025-02-14 point_rel","O-7","BP","CY",""
"1246","2025","Feb",2025-02-13,"Chinook Salmon","late-fall","O-4","AC","AT, NJ","78",31.8,151,"6A76",2025-02-07,"1:45",105,"1:18",78,"2:49",169,"","point_rel","2025-02-14 point_rel","O-7","BP","CY",""
"1247","2025","Feb",2025-02-13,"Chinook Salmon","late-fall","O-4","AC","AT, NJ","79",25,137,"8571",2025-02-07,"2:02",122,"1:35",95,"2:40",160,"","point_rel","2025-02-14 point_rel","O-7","BP","CY",""
"1248","2025","Feb",2025-02-13,"Chinook Salmon","late-fall","O-4","AC","AT, NJ","80",32.1,151,"6D74",2025-02-07,"2:17",137,"1:36",96,"2:50",170,"","point_rel","2025-02-14 point_rel","O-7","BP","CY",""
