"","water_year","month","date","species","run","source_tank_id","surgeon","crew","vial_number","weight_gr","fork_length_mm","tag_id_hex","tag_activation_date","anesthetic_time_mmss","anesthetic_time_sec","surgery_time_mmss","surgery_time_sec","recovery_time_mmss","recovery_time_sec","comments","release_container_id","release_id","post_tagging_tank","entered_by","qaqc_by","qaqc_comments"
"1","2025","Apr",2025-04-08,"Chinook Salmon","fall","BT-1","EH","AC, CR, NJ","1",6.9,81,"6B39",2025-04-04,"2:11",131,"3:20",200,"1:00",60,"","RT-1","2025-04-09 RT-1",NA,"PH","SB",""
"2","2025","Apr",2025-04-08,"Chinook Salmon","fall","BT-1","EH","AC, CR, NJ","2",6.9,83,"6A7B",2025-04-04,"2:25",145,"3:52",232,"1:00",60,"","RT-1","2025-04-09 RT-1",NA,"PH","SB",""
"3","2025","Apr",2025-04-08,"Chinook Salmon","fall","BT-1","EH","AC, CR, NJ","3",6.7,83,"6725",2025-04-04,"2:13",133,"3:34",214,"1:50",110,"","RT-1","2025-04-09 RT-1",NA,"PH","SB",""
"4","2025","Apr",2025-04-08,"Chinook Salmon","fall","BT-1","EH","AC, CR, NJ","4",7.2,84,"78EA",2025-04-04,"3:25",205,"2:56",176,"1:22",82,"","RT-1","2025-04-09 RT-1",NA,"PH","SB",""
"5","2025","Apr",2025-04-08,"Chinook Salmon","fall","BT-1","EH","AC, CR, NJ","5",7.8,85,"6BED",2025-04-04,"2:34",154,"3:37",217,"1:00",60,"","RT-1","2025-04-09 RT-1",NA,"PH","SB",""
"6","2025","Apr",2025-04-08,"Chinook Salmon","fall","BT-1","EH","AC, CR, NJ","6",7.2,83,"6A7A",2025-04-04,"2:12",132,"2:55",175,"1:07",67,"","RT-1","2025-04-09 RT-1",NA,"PH","SB",""
"7","2025","Apr",2025-04-08,"Chinook Salmon","fall","BT-1","EH","AC, CR, NJ","7",5.2,75,"6D42",2025-04-04,"2:32",152,"2:45",165,"2:04",124,"","RT-1","2025-04-09 RT-1",NA,"PH","SB",""
"8","2025","Apr",2025-04-08,"Chinook Salmon","fall","BT-1","EH","AC, CR, NJ","8",5.3,78,"6BD6",2025-04-04,"3:14",194,"2:53",173,"1:35",95,"suture was a little tight ","RT-1","2025-04-09 RT-1",NA,"PH","SB",""
"9","2025","Apr",2025-04-08,"Chinook Salmon","fall","BT-1","EH","AC, CR, NJ","9",6.7,82,"6ED9",2025-04-04,"2:06",126,"2:40",160,"1:45",105,"","RT-1","2025-04-09 RT-1",NA,"PH","SB",""
"10","2025","Apr",2025-04-08,"Chinook Salmon","fall","BT-1","EH","AC, CR, NJ","10",7.1,83,"80D5",2025-04-04,"2:56",176,"3:05",185,"1:45",105,"","RT-1","2025-04-09 RT-1",NA,"PH","SB",""
"11","2025","Apr",2025-04-08,"Chinook Salmon","fall","BT-1","EH","AC, CR, NJ","11",8.2,81,"7D55",2025-04-04,"2:02",122,"3:22",202,"2:00",120,"","RT-2","2025-04-09 RT-2",NA,"PH","SB",""
"12","2025","Apr",2025-04-08,"Chinook Salmon","fall","BT-1","EH","AC, CR, NJ","12",5.7,79,"845A",2025-04-04,"3:07",187,"2:48",168,"1:13",73,"","RT-2","2025-04-09 RT-2",NA,"PH","SB",""
"13","2025","Apr",2025-04-08,"Chinook Salmon","fall","BT-1","EH","AC, CR, NJ","13",7.2,82,"71A2",2025-04-04,"2:54",174,"3:32",212,"2:35",155,"","RT-2","2025-04-09 RT-2",NA,"PH","SB",""
"14","2025","Apr",2025-04-08,"Chinook Salmon","fall","BT-1","EH","AC, CR, NJ","14",5.4,77,"7172",2025-04-04,"2:24",144,"3:38",218,"2:05",125,"","RT-2","2025-04-09 RT-2",NA,"PH","SB",""
"15","2025","Apr",2025-04-08,"Chinook Salmon","fall","BT-1","EH","AC, CR, NJ","15",5.4,82,"7155",2025-04-04,"2:44",164,"2:33",153,"1:00",60,"","RT-2","2025-04-09 RT-2",NA,"PH","SB",""
"16","2025","Apr",2025-04-08,"Chinook Salmon","fall","BT-1","EH","AC, CR, NJ","16",6.9,82,"6853",2025-04-04,"2:17",137,"3:20",200,"1:50",110,"","RT-2","2025-04-09 RT-2",NA,"PH","SB",""
"17","2025","Apr",2025-04-08,"Chinook Salmon","fall","BT-1","EH","AC, CR, NJ","17",5.9,78,"6975",2025-04-04,"2:35",155,"3:08",188,"1:45",105,"","RT-2","2025-04-09 RT-2",NA,"PH","SB",""
"18","2025","Apr",2025-04-08,"Chinook Salmon","fall","BT-1","EH","AC, CR, NJ","18",5.1,80,"7689",2025-04-04,"2:28",148,"2:51",171,"1:15",75,"","RT-2","2025-04-09 RT-2",NA,"PH","SB",""
"19","2025","Apr",2025-04-08,"Chinook Salmon","fall","BT-1","EH","AC, CR, NJ","19",5.7,80,"8D0A",2025-04-04,"2:30",150,"2:25",145,"4:03",243,"","RT-2","2025-04-09 RT-2",NA,"PH","SB",""
"20","2025","Apr",2025-04-08,"Chinook Salmon","fall","BT-1","EH","AC, CR, NJ","20",5.4,76,"682B",2025-04-04,"3:17",197,"2:47",167,"2:50",170,"","RT-2","2025-04-09 RT-2",NA,"PH","SB",""
"21","2025","Apr",2025-04-08,"Chinook Salmon","fall","BT-1","EH","AC, CR, NJ","21",NA,80,"6D34",2025-04-04,"2:03",123,"3:57",237,"2:56",176,"boat wake-no weight taken ","RT-3","2025-04-09 RT-3",NA,"PH","SB",""
"22","2025","Apr",2025-04-08,"Chinook Salmon","fall","BT-1","EH","AC, CR, NJ","22",7.1,83,"7545",2025-04-04,"2:44",164,"2:54",174,"3:29",209,"","RT-3","2025-04-09 RT-3",NA,"PH","SB",""
"23","2025","Apr",2025-04-08,"Chinook Salmon","fall","BT-1","EH","AC, CR, NJ","23",6.3,84,"6A45",2025-04-04,"2:24",144,"2:38",158,"3:14",194,"","RT-3","2025-04-09 RT-3",NA,"PH","SB",""
"24","2025","Apr",2025-04-08,"Chinook Salmon","fall","BT-1","EH","AC, CR, NJ","24",6.2,80,"6D64",2025-04-04,"2:40",160,"4:02",242,"1:28",88,"","RT-3","2025-04-09 RT-3",NA,"PH","SB",""
"25","2025","Apr",2025-04-08,"Chinook Salmon","fall","BT-1","EH","AC, CR, NJ","25",5.1,76,"6D57",2025-04-04,"1:43",103,"3:04",184,"1:00",60,"","RT-3","2025-04-09 RT-3",NA,"PH","SB",""
"26","2025","Apr",2025-04-08,"Chinook Salmon","fall","BT-1","EH","AC, CR, NJ","26",4.6,78,"7764",2025-04-04,"2:12",132,"3:33",213,"2:56",176,"","RT-3","2025-04-09 RT-3",NA,"PH","SB",""
"27","2025","Apr",2025-04-08,"Chinook Salmon","fall","BT-1","EH","AC, CR, NJ","27",5.5,79,"8AA6",2025-04-04,"3:18",198,"2:34",154,"2:30",150,"","RT-3","2025-04-09 RT-3",NA,"PH","SB",""
"28","2025","Apr",2025-04-08,"Chinook Salmon","fall","BT-1","EH","AC, CR, NJ","28",6.6,85,"6D7B",2025-04-04,"1:53",113,"3:53",233,"2:41",161,"","RT-3","2025-04-09 RT-3",NA,"PH","SB",""
"29","2025","Apr",2025-04-08,"Chinook Salmon","fall","BT-1","EH","AC, CR, NJ","29",4.8,76,"8C56",2025-04-04,"3:14",194,"2:10",130,"2:50",170,"","RT-3","2025-04-09 RT-3",NA,"PH","SB",""
"30","2025","Apr",2025-04-08,"Chinook Salmon","fall","BT-1","EH","AC, CR, NJ","30",5.4,80,"8556",2025-04-04,"3:22",202,"3:30",210,"2:24",144,"","RT-3","2025-04-09 RT-3",NA,"PH","SB",""
"31","2025","Apr",2025-04-08,"Chinook Salmon","fall","BT-1","EH","AC, CR","31",4.8,76,"6D5D",2025-04-04,"2:14",134,"3:26",206,"1:00",60,"","RT-4","2025-04-09 RT-4",NA,"PH","SB",""
"32","2025","Apr",2025-04-08,"Chinook Salmon","fall","BT-1","EH","AC, CR","32",5,79,"6DA6",2025-04-04,"2:23",143,"2:01",121,"3:30",210,"","RT-4","2025-04-09 RT-4",NA,"PH","SB",""
"33","2025","Apr",2025-04-08,"Chinook Salmon","fall","BT-1","EH","AC, CR","33",4.9,76,"6B46",2025-04-04,"2:17",137,"2:15",135,"2:30",150,"","RT-4","2025-04-09 RT-4",NA,"PH","SB",""
"34","2025","Apr",2025-04-08,"Chinook Salmon","fall","BT-1","EH","AC, CR","34",5,75,"68AE",2025-04-04,"2:26",146,"2:38",158,"3:00",180,"","RT-4","2025-04-09 RT-4",NA,"PH","SB",""
"35","2025","Apr",2025-04-08,"Chinook Salmon","fall","BT-1","EH","AC, CR","35",8.2,90,"8AEA",2025-04-04,"2:02",122,"2:40",160,"1:01",61,"","RT-4","2025-04-09 RT-4",NA,"PH","SB",""
"36","2025","Apr",2025-04-08,"Chinook Salmon","fall","BT-1","EH","AC, CR","36",5.9,82,"6D44",2025-04-04,"2:17",137,"2:46",166,"2:45",165,"","RT-4","2025-04-09 RT-4",NA,"PH","SB",""
"37","2025","Apr",2025-04-08,"Chinook Salmon","fall","BT-1","EH","AC, CR","37",5.3,79,"68AF",2025-04-04,"1:44",104,"2:30",150,"1:14",74,"","RT-4","2025-04-09 RT-4",NA,"PH","SB",""
"38","2025","Apr",2025-04-08,"Chinook Salmon","fall","BT-1","EH","AC, CR","38",7.7,85,"8B56",2025-04-04,"1:48",108,"2:33",153,"1:00",60,"","RT-4","2025-04-09 RT-4",NA,"PH","SB",""
"39","2025","Apr",2025-04-08,"Chinook Salmon","fall","BT-1","EH","AC, CR","39",5.4,77,"6DAD",2025-04-04,"2:45",165,"2:23",143,"1:39",99,"","RT-4","2025-04-09 RT-4",NA,"PH","SB",""
"40","2025","Apr",2025-04-08,"Chinook Salmon","fall","BT-1","EH","AC, CR","40",5,76,"8AB4",2025-04-04,"2:21",141,"2:37",157,"1:42",102,"","RT-4","2025-04-09 RT-4",NA,"PH","SB",""
"41","2025","Apr",2025-04-08,"Chinook Salmon","fall","BT-1","AC","EH, CR","41",4.7,74,"6DA3",2025-04-04,"2:02",122,"1:57",117,"1:06",66,"","RT-5","2025-04-09 RT-5",NA,"PH","SB",""
"42","2025","Apr",2025-04-08,"Chinook Salmon","fall","BT-1","AC","EH, CR","42",6,80,"6D31",2025-04-04,"1:49",109,"2:01",121,"1:13",73,"","RT-5","2025-04-09 RT-5",NA,"PH","SB",""
"43","2025","Apr",2025-04-08,"Chinook Salmon","fall","BT-1","AC","EH, CR","43",4.6,79,"6D96",2025-04-04,"2:30",150,"2:06",126,"1:18",78,"","RT-5","2025-04-09 RT-5",NA,"PH","SB",""
"44","2025","Apr",2025-04-08,"Chinook Salmon","fall","BT-1","AC","EH, CR","44",6.5,85,"69AD",2025-04-04,"2:18",138,"1:42",102,"1:10",70,"","RT-5","2025-04-09 RT-5",NA,"PH","SB",""
"45","2025","Apr",2025-04-08,"Chinook Salmon","fall","BT-1","AC","EH, CR","45",5.2,77,"6BAB",2025-04-04,"2:35",155,"1:34",94,"1:37",97,"","RT-5","2025-04-09 RT-5",NA,"PH","SB",""
"46","2025","Apr",2025-04-08,"Chinook Salmon","fall","BT-1","AC","EH, CR","46",5.1,76,"8BD4",2025-04-04,"2:17",137,"2:00",120,"1:24",84,"","RT-5","2025-04-09 RT-5",NA,"PH","SB",""
"47","2025","Apr",2025-04-08,"Chinook Salmon","fall","BT-1","AC","EH, CR","47",7.1,86,"856A",2025-04-04,"2:14",134,"1:36",96,"1:27",87,"","RT-5","2025-04-09 RT-5",NA,"PH","SB",""
"48","2025","Apr",2025-04-08,"Chinook Salmon","fall","BT-1","AC","EH, CR","48",4.7,75,"6D39",2025-04-04,"2:00",120,"2:11",131,"1:18",78,"","RT-5","2025-04-09 RT-5",NA,"PH","SB",""
"49","2025","Apr",2025-04-08,"Chinook Salmon","fall","BT-1","AC","EH, CR","49",6.9,85,"6ABB",2025-04-04,"2:11",131,"2:30",150,"1:00",60,"","RT-5","2025-04-09 RT-5",NA,"PH","SB",""
"50","2025","Apr",2025-04-08,"Chinook Salmon","fall","BT-1","AC","EH, CR","50",6.1,82,"6D67",2025-04-04,"2:43",163,"1:36",96,"1:15",75,"","RT-5","2025-04-09 RT-5",NA,"PH","SB",""
"51","2025","Apr",2025-04-08,"Chinook Salmon","fall","BT-1","AC","EH, CR","51",6.4,83,"6A2B",2025-04-04,"2:14",134,"1:36",96,"2:03",123,"","RT-6","2025-04-09 RT-6",NA,"PH","SB",""
"52","2025","Apr",2025-04-08,"Chinook Salmon","fall","BT-1","AC","EH, CR","52",5.3,79,"855A",2025-04-04,"2:30",150,"1:32",92,"3:30",210,"","RT-6","2025-04-09 RT-6",NA,"PH","SB",""
"53","2025","Apr",2025-04-08,"Chinook Salmon","fall","BT-1","AC","EH, CR","53",6.3,83,"6C57",2025-04-04,"2:28",148,"1:39",99,"4:30",270,"","RT-6","2025-04-09 RT-6",NA,"PH","SB",""
"54","2025","Apr",2025-04-08,"Chinook Salmon","fall","BT-1","AC","EH, CR","54",5.7,80,"6A25",2025-04-04,"2:11",131,"1:47",107,"1:42",102,"","RT-6","2025-04-09 RT-6",NA,"PH","SB",""
"55","2025","Apr",2025-04-08,"Chinook Salmon","fall","BT-1","AC","EH, CR","55",4.6,74,"6CB5",2025-04-04,"3:11",191,"1:21",81,"2:26",146,"","RT-6","2025-04-09 RT-6",NA,"PH","SB",""
"56","2025","Apr",2025-04-08,"Chinook Salmon","fall","BT-1","AC","EH, CR","56",5.8,81,"6BD9",2025-04-04,"2:53",173,"1:39",99,"2:11",131,"","RT-6","2025-04-09 RT-6",NA,"PH","SB",""
"57","2025","Apr",2025-04-08,"Chinook Salmon","fall","BT-1","AC","EH, CR","57",4.6,74,"7578",2025-04-04,"2:50",170,"2:10",130,"2:37",157,"","RT-6","2025-04-09 RT-6",NA,"PH","SB",""
"58","2025","Apr",2025-04-08,"Chinook Salmon","fall","BT-1","AC","EH, CR","58",5.3,77,"6BEA",2025-04-04,"2:08",128,"2:05",125,"1:21",81,"","RT-6","2025-04-09 RT-6",NA,"PH","SB",""
"59","2025","Apr",2025-04-08,"Chinook Salmon","fall","BT-1","AC","EH, CR","59",4.4,75,"6A99",2025-04-04,"2:34",154,"1:41",101,"1:04",64,"","RT-6","2025-04-09 RT-6",NA,"PH","SB",""
"60","2025","Apr",2025-04-08,"Chinook Salmon","fall","BT-1","AC","EH, CR","60",5.6,79,"8CAE",2025-04-04,"2:05",125,"1:29",89,"1:53",113,"","RT-6","2025-04-09 RT-6",NA,"PH","SB",""
"61","2025","Apr",2025-04-08,"Chinook Salmon","fall","BT-1","AC","EH, CR","61",4.8,71,"6DA2",2025-04-04,"2:09",129,"1:42",102,"2:52",172,"","RT-7","2025-04-09 RT-7",NA,"PH","SB",""
"62","2025","Apr",2025-04-08,"Chinook Salmon","fall","BT-1","AC","EH, CR","62",5.6,79,"6995",2025-04-04,"2:07",127,"1:27",87,"2:00",120,"","RT-7","2025-04-09 RT-7",NA,"PH","SB",""
"63","2025","Apr",2025-04-08,"Chinook Salmon","fall","BT-1","AC","EH, CR","63",6.5,85,"6CB9",2025-04-04,"2:27",147,"1:53",113,"1:09",69,"","RT-7","2025-04-09 RT-7",NA,"PH","SB",""
"64","2025","Apr",2025-04-08,"Chinook Salmon","fall","BT-1","AC","EH, CR","64",4.6,75,"8BBA",2025-04-04,"2:11",131,"1:48",108,"2:35",155,"","RT-7","2025-04-09 RT-7",NA,"PH","SB",""
"65","2025","Apr",2025-04-08,"Chinook Salmon","fall","BT-1","AC","EH, CR","65",6.7,84,"6A97",2025-04-04,"1:50",110,"1:33",93,"2:34",154," ","RT-7","2025-04-09 RT-7",NA,"PH","SB",""
"66","2025","Apr",2025-04-08,"Chinook Salmon","fall","BT-1","AC","EH, CR","66",4.6,74,"6BCD",2025-04-04,"3:00",180,"1:51",111,"4:10",250,"","RT-7","2025-04-09 RT-7",NA,"PH","SB",""
"67","2025","Apr",2025-04-08,"Chinook Salmon","fall","BT-1","AC","EH, CR","67",5.8,77,"6CCD",2025-04-04,"1:50",110,"2:25",145,"2:02",122,"","RT-7","2025-04-09 RT-7",NA,"PH","SB",""
"68","2025","Apr",2025-04-08,"Chinook Salmon","fall","BT-1","AC","EH, CR","68",4.5,75,"6857",2025-04-04,"3:10",190,"1:28",88,"2:41",161,"","RT-7","2025-04-09 RT-7",NA,"PH","SB",""
"69","2025","Apr",2025-04-08,"Chinook Salmon","fall","BT-1","AC","EH, CR","69",6.2,83,"8115",2025-04-04,"2:12",132,"1:37",97,"2:55",175,"","RT-7","2025-04-09 RT-7",NA,"PH","SB",""
"70","2025","Apr",2025-04-08,"Chinook Salmon","fall","BT-1","AC","EH, CR","70",6,81,"895A",2025-04-04,"2:03",123,"1:34",94,"2:30",150,"","RT-7","2025-04-09 RT-7",NA,"PH","SB",""
"71","2025","Apr",2025-04-08,"Chinook Salmon","fall",NA,NA,NA,"71",NA,NA,NA,NA,NA,NA,NA,NA,NA,NA,"Too many small fish and not enough extra fish, no release can #8",NA,NA,NA,"PH","SB",""
"72","2025","Apr",2025-04-08,"Chinook Salmon","fall",NA,NA,NA,"72",NA,NA,NA,NA,NA,NA,NA,NA,NA,NA,"Too many small fish and not enough extra fish, no release can #8",NA,NA,NA,"PH","SB",""
"73","2025","Apr",2025-04-08,"Chinook Salmon","fall",NA,NA,NA,"73",NA,NA,NA,NA,NA,NA,NA,NA,NA,NA,"Too many small fish and not enough extra fish, no release can #8",NA,NA,NA,"PH","SB",""
"74","2025","Apr",2025-04-08,"Chinook Salmon","fall",NA,NA,NA,"74",NA,NA,NA,NA,NA,NA,NA,NA,NA,NA,"Too many small fish and not enough extra fish, no release can #8",NA,NA,NA,"PH","SB",""
"75","2025","Apr",2025-04-08,"Chinook Salmon","fall",NA,NA,NA,"75",NA,NA,NA,NA,NA,NA,NA,NA,NA,NA,"Too many small fish and not enough extra fish, no release can #8",NA,NA,NA,"PH","SB",""
"76","2025","Apr",2025-04-08,"Chinook Salmon","fall",NA,NA,NA,"76",NA,NA,NA,NA,NA,NA,NA,NA,NA,NA,"Too many small fish and not enough extra fish, no release can #8",NA,NA,NA,"PH","SB",""
"77","2025","Apr",2025-04-08,"Chinook Salmon","fall",NA,NA,NA,"77",NA,NA,NA,NA,NA,NA,NA,NA,NA,NA,"Too many small fish and not enough extra fish, no release can #8",NA,NA,NA,"PH","SB",""
"78","2025","Apr",2025-04-08,"Chinook Salmon","fall",NA,NA,NA,"78",NA,NA,NA,NA,NA,NA,NA,NA,NA,NA,"Too many small fish and not enough extra fish, no release can #8",NA,NA,NA,"PH","SB",""
"79","2025","Apr",2025-04-08,"Chinook Salmon","fall",NA,NA,NA,"79",NA,NA,NA,NA,NA,NA,NA,NA,NA,NA,"Too many small fish and not enough extra fish, no release can #8",NA,NA,NA,"PH","SB",""
"80","2025","Apr",2025-04-08,"Chinook Salmon","fall",NA,NA,NA,"80",NA,NA,NA,NA,NA,NA,NA,NA,NA,NA,"Too many small fish and not enough extra fish, no release can #8",NA,NA,NA,"PH","SB",""
"81","2025","Apr",2025-04-09,"Chinook Salmon","fall","BT-2","EH","AC, NJ","1",9.4,92,"7B4D",2025-04-04,"2:43",163,"2:47",167,"1:44",104,"","RT-9","2025-04-10 RT-9",NA,"BP","SB","Corrected surgery time from 2:46 to 2:47"
"82","2025","Apr",2025-04-09,"Chinook Salmon","fall","BT-2","EH","AC, NJ","2",5.4,78,"8954",2025-04-04,"2:16",136,"2:58",178,"1:30",90,"","RT-9","2025-04-10 RT-9",NA,"BP","SB",""
"83","2025","Apr",2025-04-09,"Chinook Salmon","fall","BT-2","EH","AC, NJ","3",6.2,82,"7122",2025-04-04,"2:38",158,"2:45",165,"2:00",120,"","RT-9","2025-04-10 RT-9",NA,"BP","SB",""
"84","2025","Apr",2025-04-09,"Chinook Salmon","fall","BT-2","EH","AC, NJ","4",6.4,82,"8968",2025-04-04,"2:32",152,"2:47",167,"2:00",120,"","RT-9","2025-04-10 RT-9",NA,"BP","SB",""
"85","2025","Apr",2025-04-09,"Chinook Salmon","fall","BT-2","EH","AC, NJ","5",5.7,79,"8B94",2025-04-04,"2:15",135,"2:50",170,"1:30",90,"","RT-9","2025-04-10 RT-9",NA,"BP","SB",""
"86","2025","Apr",2025-04-09,"Chinook Salmon","fall","BT-2","EH","AC, NJ","6",6.9,86,"6D45",2025-04-04,"2:03",123,"2:31",151,"1:30",90,"","RT-9","2025-04-10 RT-9",NA,"BP","SB",""
"87","2025","Apr",2025-04-09,"Chinook Salmon","fall","BT-2","EH","AC, NJ","7",6,80,"6CBB",2025-04-04,"3:12",192,"4:02",242,"1:18",78,"weigt approx. due to boat wake","RT-9","2025-04-10 RT-9",NA,"BP","SB",""
"88","2025","Apr",2025-04-09,"Chinook Salmon","fall","BT-2","EH","AC, NJ","8",5.3,78,"6CDD",2025-04-04,"1:34",94,"2:45",165,"2:24",144,"","RT-9","2025-04-10 RT-9",NA,"BP","SB",""
"89","2025","Apr",2025-04-09,"Chinook Salmon","fall","BT-2","EH","AC, NJ","9",6,80,"6D77",2025-04-04,"3:01",181,"3:20",200,"2:20",140,"","RT-9","2025-04-10 RT-9",NA,"BP","SB",""
"90","2025","Apr",2025-04-09,"Chinook Salmon","fall","BT-2","EH","AC, NJ","10",7.1,86,"8496",2025-04-04,"2:15",135,"3:00",180,"2:30",150,"","RT-9","2025-04-10 RT-9",NA,"BP","SB",""
"91","2025","Apr",2025-04-09,"Chinook Salmon","fall","BT-2","EH","AC, NJ","11",5.1,76,"6CC5",2025-04-04,"2:11",131,"3:00",180,"1:25",85,"","RT-10","2025-04-10 RT-10",NA,"BP","SB",""
"92","2025","Apr",2025-04-09,"Chinook Salmon","fall","BT-2","EH","AC, NJ","12",5.4,79,"8CAD",2025-04-04,"2:20",140,"3:05",185,"2:00",120,"","RT-10","2025-04-10 RT-10",NA,"BP","SB",""
"93","2025","Apr",2025-04-09,"Chinook Salmon","fall","BT-2","EH","AC, NJ","13",6.3,82,"6BA6",2025-04-04,"2:56",176,"2:49",169,"2:01",121,"","RT-10","2025-04-10 RT-10",NA,"BP","SB",""
"94","2025","Apr",2025-04-09,"Chinook Salmon","fall","BT-2","EH","AC, NJ","14",5,79,"6D3D",2025-04-04,"2:57",177,"2:25",145,"1:23",83,"","RT-10","2025-04-10 RT-10",NA,"BP","SB",""
"95","2025","Apr",2025-04-09,"Chinook Salmon","fall","BT-2","EH","AC, NJ","15",4.7,76,"6A74",2025-04-04,"2:10",130,"2:47",167,"1:00",60,"","RT-10","2025-04-10 RT-10",NA,"BP","SB",""
"96","2025","Apr",2025-04-09,"Chinook Salmon","fall","BT-2","EH","AC, NJ","16",6.9,83,"6ACB",2025-04-04,"2:27",147,"2:32",152,"1:23",83,"","RT-10","2025-04-10 RT-10",NA,"BP","SB",""
"97","2025","Apr",2025-04-09,"Chinook Salmon","fall","BT-2","EH","AC, NJ","17",6,79,"6B2F",2025-04-04,"2:07",127,"2:52",172,"1:15",75,"","RT-10","2025-04-10 RT-10",NA,"BP","SB",""
"98","2025","Apr",2025-04-09,"Chinook Salmon","fall","BT-2","EH","AC, NJ","18",6.2,84,"6D4B",2025-04-04,"2:06",126,"2:16",136,"1:25",85,"","RT-10","2025-04-10 RT-10",NA,"BP","SB",""
"99","2025","Apr",2025-04-09,"Chinook Salmon","fall","BT-2","EH","AC, NJ","19",8.1,89,"6D15",2025-04-04,"2:17",137,"3:00",180,"1:08",68,"","RT-10","2025-04-10 RT-10",NA,"BP","SB",""
"100","2025","Apr",2025-04-09,"Chinook Salmon","fall","BT-2","EH","AC, NJ","20",6.6,85,"6C4B",2025-04-04,"1:36",96,"2:17",137,"1:08",68,"","RT-10","2025-04-10 RT-10",NA,"BP","SB",""
"101","2025","Apr",2025-04-09,"Chinook Salmon","fall","BT-2","EH","AC, NJ","21",7.4,86,"896A",2025-04-04,"1:47",107,"2:16",136,"1:11",71,"","RT-11","2025-04-10 RT-11",NA,"BP","SB",""
"102","2025","Apr",2025-04-09,"Chinook Salmon","fall","BT-2","EH","AC, NJ","22",5.6,76,"6D05",2025-04-04,"2:24",144,"3:37",217,"1:40",100,"","RT-11","2025-04-10 RT-11",NA,"BP","SB",""
"103","2025","Apr",2025-04-09,"Chinook Salmon","fall","BT-2","EH","AC, NJ","23",5.5,78,"74D5",2025-04-04,"2:58",178,"2:29",149,"2:00",120,"","RT-11","2025-04-10 RT-11",NA,"BP","SB",""
"104","2025","Apr",2025-04-09,"Chinook Salmon","fall","BT-2","EH","AC, NJ","24",4.4,74,"6C89",2025-04-04,"2:08",128,"3:20",200,"1:43",103,"","RT-11","2025-04-10 RT-11",NA,"BP","SB",""
"105","2025","Apr",2025-04-09,"Chinook Salmon","fall","BT-2","EH","AC, NJ","25",5.9,80,"7521",2025-04-04,"2:23",143,"2:08",128,"1:00",60,"","RT-11","2025-04-10 RT-11",NA,"BP","SB",""
"106","2025","Apr",2025-04-09,"Chinook Salmon","fall","BT-2","EH","AC, NJ","26",5.4,78,"6DA9",2025-04-04,"2:29",149,"2:44",164,"1:15",75,"","RT-11","2025-04-10 RT-11",NA,"BP","SB",""
"107","2025","Apr",2025-04-09,"Chinook Salmon","fall","BT-2","EH","AC, NJ","27",7.1,84,"6DAC",2025-04-04,"2:48",168,"2:45",165,"1:00",60,"","RT-11","2025-04-10 RT-11",NA,"BP","SB",""
"108","2025","Apr",2025-04-09,"Chinook Salmon","fall","BT-2","EH","AC, NJ","28",4.7,75,"8A92",2025-04-04,"2:47",167,"2:29",149,"1:42",102,"","RT-11","2025-04-10 RT-11",NA,"BP","SB",""
"109","2025","Apr",2025-04-09,"Chinook Salmon","fall","BT-2","EH","AC, NJ","29",6.3,82,"7249",2025-04-04,"2:16",136,"2:08",128,"2:05",125,"","RT-11","2025-04-10 RT-11",NA,"BP","SB",""
"110","2025","Apr",2025-04-09,"Chinook Salmon","fall","BT-2","EH","AC, NJ","30",7.1,85,"6B49",2025-04-04,"2:28",148,"2:05",125,"1:37",97,"","RT-11","2025-04-10 RT-11",NA,"BP","SB",""
"111","2025","Apr",2025-04-09,"Chinook Salmon","fall","BT-2","EH","AC, NJ","31",6.8,85,"68B6",2025-04-04,"2:22",142,"3:10",190,"1:00",60,"","RT-12","2025-04-10 RT-12",NA,"BP","SB",""
"112","2025","Apr",2025-04-09,"Chinook Salmon","fall","BT-2","EH","AC, NJ","32",7,83,"87D5",2025-04-04,"2:30",150,"2:20",140,"1:00",60,"","RT-12","2025-04-10 RT-12",NA,"BP","SB",""
"113","2025","Apr",2025-04-09,"Chinook Salmon","fall","BT-2","EH","AC, NJ","33",6.2,82,"6D11",2025-04-04,"2:18",138,"2:05",125,"1:18",78,"","RT-12","2025-04-10 RT-12",NA,"BP","SB",""
"114","2025","Apr",2025-04-09,"Chinook Salmon","fall","BT-2","EH","AC, NJ","34",5.2,78,"6BBD",2025-04-04,"3:13",193,"2:44",164,"2:00",120,"","RT-12","2025-04-10 RT-12",NA,"BP","SB",""
"115","2025","Apr",2025-04-09,"Chinook Salmon","fall","BT-2","EH","AC, NJ","35",5.1,79,"6B2D",2025-04-04,"1:56",116,"2:40",160,"1:04",64,"","RT-12","2025-04-10 RT-12",NA,"BP","SB",""
"116","2025","Apr",2025-04-09,"Chinook Salmon","fall","BT-2","EH","AC, NJ","36",5.6,80,"6D37",2025-04-04,"2:20",140,"2:59",179,"2:00",120,"","RT-12","2025-04-10 RT-12",NA,"BP","SB",""
"117","2025","Apr",2025-04-09,"Chinook Salmon","fall","BT-2","EH","AC, NJ","37",4.5,79,"6CB2",2025-04-04,"2:36",156,"2:46",166,"1:00",60,"","RT-12","2025-04-10 RT-12",NA,"BP","SB","Changed anesthentic time to from 2:26 to 2:36"
"118","2025","Apr",2025-04-09,"Chinook Salmon","fall","BT-2","EH","AC, NJ","38",8.1,89,"6729",2025-04-04,"2:23",143,"2:13",133,"1:11",71,"","RT-12","2025-04-10 RT-12",NA,"BP","SB",""
"119","2025","Apr",2025-04-09,"Chinook Salmon","fall","BT-2","EH","AC, NJ","39",6.4,80,"68AB",2025-04-04,"2:19",139,"2:12",132,"2:30",150,"","RT-12","2025-04-10 RT-12",NA,"BP","SB",""
"120","2025","Apr",2025-04-09,"Chinook Salmon","fall","BT-2","EH","AC, NJ","40",7.5,86,"8552",2025-04-04,"2:14",134,"2:56",176,"1:05",65,"","RT-12","2025-04-10 RT-12",NA,"BP","SB",""
"121","2025","Apr",2025-04-09,"Chinook Salmon","fall","BT-2","EH","AC, NJ","41",5.6,80,"6A95",2025-04-04,"1:53",113,"1:43",103,"2:30",150,"","RT-13","2025-04-10 RT-13",NA,"BP","SB",""
"122","2025","Apr",2025-04-09,"Chinook Salmon","fall","BT-2","EH","AC, NJ","42",6.8,81,"6D97",2025-04-04,"2:10",130,"1:39",99,"1:09",69,"","RT-13","2025-04-10 RT-13",NA,"BP","SB",""
"123","2025","Apr",2025-04-09,"Chinook Salmon","fall","BT-2","EH","AC, NJ","43",6.2,82,"6A2D",2025-04-04,"1:56",116,"1:24",84,"2:30",150,"","RT-13","2025-04-10 RT-13",NA,"BP","SB",""
"124","2025","Apr",2025-04-09,"Chinook Salmon","fall","BT-2","EH","AC, NJ","44",4.8,77,"85C5",2025-04-04,"1:46",106,"1:29",89,"1:00",60,"","RT-13","2025-04-10 RT-13",NA,"BP","SB",""
"125","2025","Apr",2025-04-09,"Chinook Salmon","fall","BT-2","EH","AC, NJ","45",7.8,86,"8C55",2025-04-04,"2:06",126,"1:40",100,"1:04",64,"","RT-13","2025-04-10 RT-13",NA,"BP","SB",""
"126","2025","Apr",2025-04-09,"Chinook Salmon","fall","BT-2","EH","AC, NJ","46",8.4,94,"73DA",2025-04-04,"1:38",98,"2:04",124,"1:12",72,"","RT-13","2025-04-10 RT-13",NA,"BP","SB",""
"127","2025","Apr",2025-04-09,"Chinook Salmon","fall","BT-2","EH","AC, NJ","47",7.8,86,"8514",2025-04-04,"2:35",155,"1:34",94,"1:30",90,"","RT-13","2025-04-10 RT-13",NA,"BP","SB",""
"128","2025","Apr",2025-04-09,"Chinook Salmon","fall","BT-2","EH","AC, NJ","48",5.9,80,"6C91",2025-04-04,"2:16",136,"1:43",103,"2:00",120,"","RT-13","2025-04-10 RT-13",NA,"BP","SB",""
"129","2025","Apr",2025-04-09,"Chinook Salmon","fall","BT-2","EH","AC, NJ","48",6.1,84,"6C2D",2025-04-04,"2:23",143,"1:44",104,"1:08",68,"","RT-13","2025-04-10 RT-13",NA,"BP","SB",""
"130","2025","Apr",2025-04-09,"Chinook Salmon","fall","BT-2","EH","AC, NJ","50",5.4,79,"6B35",2025-04-04,"2:21",141,"1:45",105,"1:32",92,"","RT-13","2025-04-10 RT-13",NA,"BP","SB",""
"131","2025","Apr",2025-04-09,"Chinook Salmon","fall","BT-2","AC","EH, NJ","51",5.8,77,"72AD",2025-04-04,"1:44",104,"1:48",108,"1:27",87,"","RT-14","2025-04-10 RT-14",NA,"BP","SB",""
"132","2025","Apr",2025-04-09,"Chinook Salmon","fall","BT-2","AC","EH, NJ","52",5.9,80,"67A5",2025-04-04,"2:13",133,"1:33",93,"3:03",183,"","RT-14","2025-04-10 RT-14",NA,"BP","SB",""
"133","2025","Apr",2025-04-09,"Chinook Salmon","fall","BT-2","AC","EH, NJ","53",4.5,71,"6CD7",2025-04-04,"2:04",124,"1:40",100,"1:00",60,"","RT-14","2025-04-10 RT-14",NA,"BP","SB",""
"134","2025","Apr",2025-04-09,"Chinook Salmon","fall","BT-2","AC","EH, NJ","54",4.8,76,"6765",2025-04-04,"2:31",151,"1:39",99,"1:35",95,"","RT-14","2025-04-10 RT-14",NA,"BP","SB",""
"135","2025","Apr",2025-04-09,"Chinook Salmon","fall","BT-2","AC","EH, NJ","55",5.6,76,"7355",2025-04-04,"2:27",147,"1:46",106,"1:00",60,"","RT-14","2025-04-10 RT-14",NA,"BP","SB",""
"136","2025","Apr",2025-04-09,"Chinook Salmon","fall","BT-2","AC","EH, NJ","56",6.6,84,"6751",2025-04-04,"2:09",129,"1:26",86,"1:00",60,"","RT-14","2025-04-10 RT-14",NA,"BP","SB",""
"137","2025","Apr",2025-04-09,"Chinook Salmon","fall","BT-2","AC","EH, NJ","57",5,77,"8D15",2025-04-04,"2:21",141,"1:27",87,"1:46",106,"","RT-14","2025-04-10 RT-14",NA,"BP","SB",""
"138","2025","Apr",2025-04-09,"Chinook Salmon","fall","BT-2","AC","EH, NJ","58",6.8,81,"6DD5",2025-04-04,"1:50",110,"1:29",89,"2:00",120,"","RT-14","2025-04-10 RT-14",NA,"BP","SB",""
"139","2025","Apr",2025-04-09,"Chinook Salmon","fall","BT-2","AC","EH, NJ","59",4.5,75,"6C2A",2025-04-04,"1:33",93,"2:08",128,"1:37",97,"","RT-14","2025-04-10 RT-14",NA,"BP","SB",""
"140","2025","Apr",2025-04-09,"Chinook Salmon","fall","BT-2","AC","EH, NJ","60",5.4,79,"8CEA",2025-04-04,"2:40",160,"1:38",98,"2:00",120,"","RT-14","2025-04-10 RT-14",NA,"BP","SB",""
"141","2025","Apr",2025-04-09,"Chinook Salmon","fall","BT-2","AC","EH, NJ","61",5.2,75,"6D3A",2025-04-04,"2:05",125,"1:33",93,"1:40",100,"","RT-15","2025-04-10 RT-15",NA,"BP","SB",""
"142","2025","Apr",2025-04-09,"Chinook Salmon","fall","BT-2","AC","EH, NJ","62",4.6,75,"6A15",2025-04-04,"2:00",120,"1:42",102,"3:09",189,"","RT-15","2025-04-10 RT-15",NA,"BP","SB",""
"143","2025","Apr",2025-04-09,"Chinook Salmon","fall","BT-2","AC","EH, NJ","63",5.5,79,"75A9",2025-04-04,"2:25",145,"1:24",84,"2:30",150,"","RT-15","2025-04-10 RT-15",NA,"BP","SB",""
"144","2025","Apr",2025-04-09,"Chinook Salmon","fall","BT-2","AC","EH, NJ","64",6.2,82,"6BA8",2025-04-04,"2:02",122,"1:29",89,"1:17",77,"","RT-15","2025-04-10 RT-15",NA,"BP","SB",""
"145","2025","Apr",2025-04-09,"Chinook Salmon","fall","BT-2","AC","EH, NJ","65",6.2,84,"6A9B",2025-04-04,"2:03",123,"1:54",114,"1:16",76,"","RT-15","2025-04-10 RT-15",NA,"BP","SB",""
"146","2025","Apr",2025-04-09,"Chinook Salmon","fall","BT-2","AC","EH, NJ","66",4.5,75,"6C5A",2025-04-04,"2:19",139,"2:12",132,"1:00",60,"","RT-15","2025-04-10 RT-15",NA,"BP","SB",""
"147","2025","Apr",2025-04-09,"Chinook Salmon","fall","BT-2","AC","EH, NJ","67",4.4,74,"6EB5",2025-04-04,"2:07",127,"1:59",119,"1:00",60,"","RT-15","2025-04-10 RT-15",NA,"BP","SB",""
"148","2025","Apr",2025-04-09,"Chinook Salmon","fall","BT-2","AC","EH, NJ","68",5.2,77,"6AA1",2025-04-04,"2:12",132,"1:33",93,"2:20",140,"","RT-15","2025-04-10 RT-15",NA,"BP","SB",""
"149","2025","Apr",2025-04-09,"Chinook Salmon","fall","BT-2","AC","EH, NJ","69",4.7,74,"8952",2025-04-04,"2:15",135,"1:34",94,"2:39",159,"","RT-15","2025-04-10 RT-15",NA,"BP","SB",""
"150","2025","Apr",2025-04-09,"Chinook Salmon","fall","BT-2","AC","EH, NJ","70",6.5,83,"8BD2",2025-04-04,"2:02",122,"1:29",89,"1:26",86,"","RT-15","2025-04-10 RT-15",NA,"BP","SB",""
"151","2025","Apr",2025-04-09,"Chinook Salmon","fall","BT-2","AC","EH, NJ","71",6,82,"6D76",2025-04-04,"2:15",135,"1:26",86,"1:00",60,"","RT-16","2025-04-10 RT-16",NA,"BP","SB",""
"152","2025","Apr",2025-04-09,"Chinook Salmon","fall","BT-2","AC","EH, NJ","72",6.4,78,"6CED",2025-04-04,"2:21",141,"1:24",84,"1:43",103,"","RT-16","2025-04-10 RT-16",NA,"BP","SB",""
"153","2025","Apr",2025-04-09,"Chinook Salmon","fall","BT-2","AC","EH, NJ","73",4.9,75,"6BAD",2025-04-04,"2:47",167,"2:00",120,"2:14",134,"","RT-16","2025-04-10 RT-16",NA,"BP","SB",""
"154","2025","Apr",2025-04-09,"Chinook Salmon","fall","BT-2","AC","EH, NJ","74",5.6,79,"6AA4",2025-04-04,"2:02",122,"1:30",90,"2:23",143,"","RT-16","2025-04-10 RT-16",NA,"BP","SB",""
"155","2025","Apr",2025-04-09,"Chinook Salmon","fall","BT-2","AC","EH, NJ","75",4.9,76,"6ED5",2025-04-04,"2:19",139,"1:41",101,"2:30",150,"","RT-16","2025-04-10 RT-16",NA,"BP","SB",""
"156","2025","Apr",2025-04-09,"Chinook Salmon","fall","BT-2","AC","EH, NJ","76",6.1,81,"6CD5",2025-04-04,"2:05",125,"1:38",98,"2:10",130,"","RT-16","2025-04-10 RT-16",NA,"BP","SB",""
"157","2025","Apr",2025-04-09,"Chinook Salmon","fall","BT-2","AC","EH, NJ","77",4.6,77,"8AAC",2025-04-04,"1:55",115,"1:45",105,"3:00",180,"","RT-16","2025-04-10 RT-16",NA,"BP","SB",""
"158","2025","Apr",2025-04-09,"Chinook Salmon","fall","BT-2","AC","EH, NJ","78",4.9,77,"724E",2025-04-04,"2:11",131,"1:43",103,"1:02",62,"","RT-16","2025-04-10 RT-16",NA,"BP","SB",""
"159","2025","Apr",2025-04-09,"Chinook Salmon","fall","BT-2","AC","EH, NJ","79",5.1,78,"6B44",2025-04-04,"2:45",165,"1:33",93,"1:00",60,"","RT-16","2025-04-10 RT-16",NA,"BP","SB",""
"160","2025","Apr",2025-04-09,"Chinook Salmon","fall","BT-2","AC","EH, NJ","80",5.9,82,"68AD",2025-04-04,"2:09",129,"1:25",85,"1:30",90,"","RT-16","2025-04-10 RT-16",NA,"BP","SB",""
"161","2025","Apr",2025-04-10,"Chinook Salmon","fall","BT-4","EH","AC, CJ, CW","1",5.7,78,"6D2D",2025-04-07,"2:39",159,"2:57",177,"1:26",86,"","RT-17","2025-04-11 RT-17",NA,"BP","SB",""
"162","2025","Apr",2025-04-10,"Chinook Salmon","fall","BT-4","EH","AC, CJ, CW","2",6,79,"6AB9",2025-04-07,"2:23",143,"2:23",143,"3:01",181,"","RT-17","2025-04-11 RT-17",NA,"BP","SB",""
"163","2025","Apr",2025-04-10,"Chinook Salmon","fall","BT-4","EH","AC, CJ, CW","3",5.9,81,"6CB1",2025-04-07,"2:24",144,"2:32",152,"1:15",75,"","RT-17","2025-04-11 RT-17",NA,"BP","SB",""
"164","2025","Apr",2025-04-10,"Chinook Salmon","fall","BT-4","EH","AC, CJ, CW","4",4.5,73,"6CA9",2025-04-07,"2:28",148,"2:35",155,"2:05",125,"","RT-17","2025-04-11 RT-17",NA,"BP","SB",""
"165","2025","Apr",2025-04-10,"Chinook Salmon","fall","BT-4","EH","AC, CJ, CW","5",5.8,80,"7B66",2025-04-07,"2:02",122,"2:48",168,"1:10",70,"","RT-17","2025-04-11 RT-17",NA,"BP","SB",""
"166","2025","Apr",2025-04-10,"Chinook Salmon","fall","BT-4","EH","AC, CJ, CW","6",6.5,85,"8516",2025-04-07,"2:04",124,"2:45",165,"1:17",77,"","RT-17","2025-04-11 RT-17",NA,"BP","SB",""
"167","2025","Apr",2025-04-10,"Chinook Salmon","fall","BT-4","EH","AC, CJ, CW","7",4.9,72,"6B5E",2025-04-07,"2:54",174,"2:31",151,"1:40",100,"","RT-17","2025-04-11 RT-17",NA,"BP","SB",""
"168","2025","Apr",2025-04-10,"Chinook Salmon","fall","BT-4","EH","AC, CJ, CW","8",5.6,81,"8D12",2025-04-07,"2:28",148,"2:12",132,"1:09",69,"","RT-17","2025-04-11 RT-17",NA,"BP","SB",""
"169","2025","Apr",2025-04-10,"Chinook Salmon","fall","BT-4","EH","AC, CJ, CW","9",6.8,85,"6E32",2025-04-07,"2:03",123,"3:18",198,"1:15",75,"Tag end is a little short","RT-17","2025-04-11 RT-17",NA,"BP","SB",""
"170","2025","Apr",2025-04-10,"Chinook Salmon","fall","BT-4","EH","AC, CJ, CW","10",5.4,79,"7B55",2025-04-07,"2:39",159,"2:12",132,"3:05",185,"","RT-17","2025-04-11 RT-17",NA,"BP","SB",""
"171","2025","Apr",2025-04-10,"Chinook Salmon","fall","BT-4","EH","AC, CJ, CW","11",5.8,83,"6845",2025-04-07,"2:22",142,"2:28",148,"1:00",60,"","RT-18","2025-04-11 RT-18",NA,"BP","SB",""
"172","2025","Apr",2025-04-10,"Chinook Salmon","fall","BT-4","EH","AC, CJ, CW","12",6.9,85,"6C65",2025-04-07,"1:30",90,"2:47",167,"3:49",229,"","RT-18","2025-04-11 RT-18",NA,"BP","SB",""
"173","2025","Apr",2025-04-10,"Chinook Salmon","fall","BT-4","EH","AC, CJ, CW","13",4.9,74,"6D25",2025-04-07,"2:07",127,"2:27",147,"2:30",150,"","RT-18","2025-04-11 RT-18",NA,"BP","SB",""
"174","2025","Apr",2025-04-10,"Chinook Salmon","fall","BT-4","EH","AC, CJ, CW","14",6.2,84,"8ACA",2025-04-07,"2:29",149,"2:26",146,"1:12",72,"","RT-18","2025-04-11 RT-18",NA,"BP","SB",""
"175","2025","Apr",2025-04-10,"Chinook Salmon","fall","BT-4","EH","AC, CJ, CW","15",5,77,"8CD4",2025-04-07,"1:59",119,"2:46",166,"2:13",133,"","RT-18","2025-04-11 RT-18",NA,"BP","SB",""
"176","2025","Apr",2025-04-10,"Chinook Salmon","fall","BT-4","EH","AC, CJ, CW","16",7.7,87,"6CBA",2025-04-07,"1:42",102,"2:27",147,"1:38",98,"","RT-18","2025-04-11 RT-18",NA,"BP","SB",""
"177","2025","Apr",2025-04-10,"Chinook Salmon","fall","BT-4","EH","AC, CJ, CW","17",4.9,77,"6B4E",2025-04-07,"2:09",129,"2:05",125,"1:20",80,"","RT-18","2025-04-11 RT-18",NA,"BP","SB",""
"178","2025","Apr",2025-04-10,"Chinook Salmon","fall","BT-4","EH","AC, CJ, CW","18",6.9,85,"6D6F",2025-04-07,"1:42",102,"2:05",125,"1:19",79,"","RT-18","2025-04-11 RT-18",NA,"BP","SB",""
"179","2025","Apr",2025-04-10,"Chinook Salmon","fall","BT-4","EH","AC, CJ, CW","19",7.5,87,"6A1B",2025-04-07,"1:31",91,"2:02",122,"1:18",78,"","RT-18","2025-04-11 RT-18",NA,"BP","SB","Corrected anesthetic time from 1:42 to 1:31"
"180","2025","Apr",2025-04-10,"Chinook Salmon","fall","BT-4","EH","AC, CJ, CW","20",5.9,78,"6D4E",2025-04-07,"2:46",166,"2:10",130,"1:16",76,"","RT-18","2025-04-11 RT-18",NA,"BP","SB","Corrected Anesthetic time from 1:31 to 2:46"
"181","2025","Apr",2025-04-10,"Chinook Salmon","fall","BT-4","EH","AC, CJ, CW","21",7.5,86,"675A",2025-04-07,"2:17",137,"3:43",223,"1:53",113,"Two stitches","RT-19","2025-04-11 RT-19",NA,"BP","SB",""
"182","2025","Apr",2025-04-10,"Chinook Salmon","fall","BT-4","EH","AC, CJ, CW","22",6.1,84,"6BE5",2025-04-07,"2:03",123,"2:01",121,"2:00",120,"","RT-19","2025-04-11 RT-19",NA,"BP","SB",""
"183","2025","Apr",2025-04-10,"Chinook Salmon","fall","BT-4","EH","AC, CJ, CW","23",5.6,80,"6AEB",2025-04-07,"1:52",112,"2:48",168,"1:00",60,"","RT-19","2025-04-11 RT-19",NA,"BP","SB",""
"184","2025","Apr",2025-04-10,"Chinook Salmon","fall","BT-4","EH","AC, CJ, CW","24",4.6,74,"8AB5",2025-04-07,"2:10",130,"2:30",150,"1:53",113,"","RT-19","2025-04-11 RT-19",NA,"BP","SB",""
"185","2025","Apr",2025-04-10,"Chinook Salmon","fall","BT-4","EH","AC, CJ, CW","25",6.3,83,"6DB4",2025-04-07,"1:46",106,"2:35",155,"1:08",68,"","RT-19","2025-04-11 RT-19",NA,"BP","SB",""
"186","2025","Apr",2025-04-10,"Chinook Salmon","fall","BT-4","EH","AC, CJ, CW","26",4.7,76,"6BAE",2025-04-07,"1:32",92,"2:22",142,"2:35",155,"","RT-19","2025-04-11 RT-19",NA,"BP","SB",""
"187","2025","Apr",2025-04-10,"Chinook Salmon","fall","BT-4","EH","AC, CJ, CW","27",4.7,74,"6C9B",2025-04-07,"1:44",104,"3:06",186,"1:17",77,"","RT-19","2025-04-11 RT-19",NA,"BP","SB",""
"188","2025","Apr",2025-04-10,"Chinook Salmon","fall","BT-4","EH","AC, CJ, CW","28",5.6,77,"8BD5",2025-04-07,"2:55",175,"2:17",137,"2:55",175,"","RT-19","2025-04-11 RT-19",NA,"BP","SB",""
"189","2025","Apr",2025-04-10,"Chinook Salmon","fall","BT-4","EH","AC, CJ, CW","29",5.9,80,"6C52",2025-04-07,"1:13",73,"2:00",120,"2:48",168,"","RT-19","2025-04-11 RT-19",NA,"BP","SB",""
"190","2025","Apr",2025-04-10,"Chinook Salmon","fall","BT-4","EH","AC, CJ, CW","30",5.3,76,"6AAF",2025-04-07,"1:23",83,"2:47",167,"2:36",156,"","RT-19","2025-04-11 RT-19",NA,"BP","SB",""
"191","2025","Apr",2025-04-10,"Chinook Salmon","fall","BT-4","EH","AC, CJ, CW","31",4.4,75,"892A",2025-04-07,"2:20",140,"2:25",145,"1:05",65,"","RT-20","2025-04-11 RT-20",NA,"BP","SB",""
"192","2025","Apr",2025-04-10,"Chinook Salmon","fall","BT-4","EH","AC, CJ, CW","32",4.6,75,"6769",2025-04-07,"1:31",91,"2:36",156,"1:20",80,"","RT-20","2025-04-11 RT-20",NA,"BP","SB",""
"193","2025","Apr",2025-04-10,"Chinook Salmon","fall","BT-4","EH","AC, CJ, CW","33",6.3,85,"6BB2",2025-04-07,"1:41",101,"2:20",140,"1:40",100,"","RT-20","2025-04-11 RT-20",NA,"BP","SB",""
"194","2025","Apr",2025-04-10,"Chinook Salmon","fall","BT-4","EH","AC, CJ, CW","34",6.9,85,"6DB1",2025-04-07,"2:11",131,"2:18",138,"2:00",120,"","RT-20","2025-04-11 RT-20",NA,"BP","SB",""
"195","2025","Apr",2025-04-10,"Chinook Salmon","fall","BT-4","EH","AC, CJ, CW","35",9,92,"6D0D",2025-04-07,"2:32",152,"2:21",141,"2:29",149,"","RT-20","2025-04-11 RT-20",NA,"BP","SB",""
"196","2025","Apr",2025-04-10,"Chinook Salmon","fall","BT-4","EH","AC, CJ, CW","36",6.6,83,"7553",2025-04-07,"1:50",110,"2:42",162,"3:20",200,"","RT-20","2025-04-11 RT-20",NA,"BP","SB",""
"197","2025","Apr",2025-04-10,"Chinook Salmon","fall","BT-4","EH","AC, CJ, CW","37",5.4,80,"6CEA",2025-04-07,"2:42",162,"2:30",150,"2:11",131,"","RT-20","2025-04-11 RT-20",NA,"BP","SB",""
"198","2025","Apr",2025-04-10,"Chinook Salmon","fall","BT-4","EH","AC, CJ, CW","38",6.5,81,"69AB",2025-04-07,"1:50",110,"2:03",123,"4:00",240,"","RT-20","2025-04-11 RT-20",NA,"BP","SB",""
"199","2025","Apr",2025-04-10,"Chinook Salmon","fall","BT-4","EH","AC, CJ, CW","39",4.8,77,"74AB",2025-04-07,"1:58",118,"2:30",150,"1:50",110,"","RT-20","2025-04-11 RT-20",NA,"BP","SB",""
"200","2025","Apr",2025-04-10,"Chinook Salmon","fall","BT-4","EH","AC, CJ, CW","40",5.5,79,"8BDA",2025-04-07,"1:45",105,"2:26",146,"2:10",130,"","RT-20","2025-04-11 RT-20",NA,"BP","SB",""
"201","2025","Apr",2025-04-10,"Chinook Salmon","fall","BT-4","AC","EH,CJ,CW","41",6,79,"6C69",2025-04-07,"2:06",126,"1:32",92,"1:13",73,"","RT-21","2025-04-11 RT-21",NA,"BP","SB",""
"202","2025","Apr",2025-04-10,"Chinook Salmon","fall","BT-4","AC","EH,CJ,CW","42",6.3,81,"6D17",2025-04-07,"1:41",101,"1:19",79,"2:18",138,"","RT-21","2025-04-11 RT-21",NA,"BP","SB",""
"203","2025","Apr",2025-04-10,"Chinook Salmon","fall","BT-4","AC","EH,CJ,CW","43",6.8,85,"6A29",2025-04-07,"1:53",113,"1:28",88,"1:00",60,"","RT-21","2025-04-11 RT-21",NA,"BP","SB",""
"204","2025","Apr",2025-04-10,"Chinook Salmon","fall","BT-4","AC","EH,CJ,CW","44",6,81,"6AA3",2025-04-07,"1:46",106,"1:55",115,"1:00",60,"","RT-21","2025-04-11 RT-21",NA,"BP","SB",""
"205","2025","Apr",2025-04-10,"Chinook Salmon","fall","BT-4","AC","EH,CJ,CW","45",6.7,83,"8CB5",2025-04-07,"1:36",96,"1:19",79,"1:39",99,"","RT-21","2025-04-11 RT-21",NA,"BP","SB",""
"206","2025","Apr",2025-04-10,"Chinook Salmon","fall","BT-4","AC","EH,CJ,CW","46",5.6,79,"8AB2",2025-04-07,"2:26",146,"1:15",75,"1:50",110,"","RT-21","2025-04-11 RT-21",NA,"BP","SB",""
"207","2025","Apr",2025-04-10,"Chinook Salmon","fall","BT-4","AC","EH,CJ,CW","47",4.9,77,"6D0B",2025-04-07,"2:34",154,"1:44",104,"0:59",59,"","RT-21","2025-04-11 RT-21",NA,"BP","SB",""
"208","2025","Apr",2025-04-10,"Chinook Salmon","fall","BT-4","AC","EH,CJ,CW","48",4.6,74,"75AD",2025-04-07,"2:06",126,"1:44",104,"2:49",169,"","RT-21","2025-04-11 RT-21",NA,"BP","SB",""
"209","2025","Apr",2025-04-10,"Chinook Salmon","fall","BT-4","AC","EH,CJ,CW","49",6.1,80,"8CDA",2025-04-07,"1:56",116,"1:51",111,"1:29",89,"","RT-21","2025-04-11 RT-21",NA,"BP","SB",""
"210","2025","Apr",2025-04-10,"Chinook Salmon","fall","BT-4","AC","EH,CJ,CW","50",5.2,79,"6BD4",2025-04-07,"1:53",113,"1:38",98,"1:35",95,"","RT-21","2025-04-11 RT-21",NA,"BP","SB",""
"211","2025","Apr",2025-04-10,"Chinook Salmon","fall","BT-4","AC","EH,CJ,CW","51",5.3,78,"6D94",2025-04-07,"2:22",142,"1:51",111,"1:37",97,"","RT-22","2025-04-11 RT-22",NA,"BP","SB",""
"212","2025","Apr",2025-04-10,"Chinook Salmon","fall","BT-4","AC","EH,CJ,CW","52",6.2,81,"6754",2025-04-07,"1:59",119,"1:36",96,"0:38",38,"","RT-22","2025-04-11 RT-22",NA,"BP","SB",""
"213","2025","Apr",2025-04-10,"Chinook Salmon","fall","BT-4","AC","EH,CJ,CW","53",6,80,"6C8D",2025-04-07,"2:22",142,"1:23",83,"1:51",111,"","RT-22","2025-04-11 RT-22",NA,"BP","SB",""
"214","2025","Apr",2025-04-10,"Chinook Salmon","fall","BT-4","AC","EH,CJ,CW","54",6.7,82,"6F59",2025-04-07,"1:57",117,"1:45",105,"1:31",91,"","RT-22","2025-04-11 RT-22",NA,"BP","SB",""
"215","2025","Apr",2025-04-10,"Chinook Salmon","fall","BT-4","AC","EH,CJ,CW","55",5.4,77,"6AA7",2025-04-07,"2:01",121,"1:23",83,"1:24",84,"","RT-22","2025-04-11 RT-22",NA,"BP","SB",""
"216","2025","Apr",2025-04-10,"Chinook Salmon","fall","BT-4","AC","EH,CJ,CW","56",5.3,79,"8C9A",2025-04-07,"1:55",115,"1:26",86,"3:05",185,"","RT-22","2025-04-11 RT-22",NA,"BP","SB",""
"217","2025","Apr",2025-04-10,"Chinook Salmon","fall","BT-4","AC","EH,CJ,CW","57",7.5,84,"6DCD",2025-04-07,"2:14",134,"1:20",80,"1:32",92,"","RT-22","2025-04-11 RT-22",NA,"BP","SB",""
"218","2025","Apr",2025-04-10,"Chinook Salmon","fall","BT-4","AC","EH,CJ,CW","58",5.7,80,"8ABA",2025-04-07,"2:23",143,"1:26",86,"1:37",97,"","RT-22","2025-04-11 RT-22",NA,"BP","SB",""
"219","2025","Apr",2025-04-10,"Chinook Salmon","fall","BT-4","AC","EH,CJ,CW","59",6.8,81,"6C6A",2025-04-07,"2:50",170,"1:18",78,"0:56",56,"","RT-22","2025-04-11 RT-22",NA,"BP","SB",""
"220","2025","Apr",2025-04-10,"Chinook Salmon","fall","BT-4","AC","EH,CJ,CW","60",6.1,81,"6C9D",2025-04-07,"2:07",127,"1:18",78,"2:48",168,"","RT-22","2025-04-11 RT-22",NA,"BP","SB",""
"221","2025","Apr",2025-04-10,"Chinook Salmon","fall","BT-4","AC","EH,CJ,CW","61",5.6,78,"7A95",2025-04-07,"2:06",126,"1:23",83,"2:11",131,"","RT-23","2025-04-11 RT-23",NA,"BP","SB",""
"222","2025","Apr",2025-04-10,"Chinook Salmon","fall","BT-4","AC","EH,CJ,CW","62",7.2,86,"6AA6",2025-04-07,"1:57",117,"1:22",82,"1:52",112,"","RT-23","2025-04-11 RT-23",NA,"BP","SB","Corrected release container to RT-23"
"223","2025","Apr",2025-04-10,"Chinook Salmon","fall","BT-4","AC","EH,CJ,CW","63",5.1,76,"6D56",2025-04-07,"1:45",105,"1:29",89,"2:37",157,"","RT-23","2025-04-11 RT-23",NA,"BP","SB","Corrected release container to RT-24"
"224","2025","Apr",2025-04-10,"Chinook Salmon","fall","BT-4","AC","EH,CJ,CW","64",6.1,81,"6AC3",2025-04-07,"1:56",116,"1:23",83,"1:35",95,"","RT-23","2025-04-11 RT-23",NA,"BP","SB","Corrected release container to RT-25"
"225","2025","Apr",2025-04-10,"Chinook Salmon","fall","BT-4","AC","EH,CJ,CW","65",5.7,80,"6855",2025-04-07,"1:33",93,"1:33",93,"2:00",120,"","RT-23","2025-04-11 RT-23",NA,"BP","SB","Corrected release container to RT-26"
"226","2025","Apr",2025-04-10,"Chinook Salmon","fall","BT-4","AC","EH,CJ,CW","66",5.3,77,"6CA6",2025-04-07,"1:55",115,"1:22",82,"2:30",150,"","RT-23","2025-04-11 RT-23",NA,"BP","SB","Corrected release container to RT-27"
"227","2025","Apr",2025-04-10,"Chinook Salmon","fall","BT-4","AC","EH,CJ,CW","67",5.4,81,"6D9B",2025-04-07,"2:18",138,"1:37",97,"3:55",235,"","RT-23","2025-04-11 RT-23",NA,"BP","SB","Corrected release container to RT-28"
"228","2025","Apr",2025-04-10,"Chinook Salmon","fall","BT-4","AC","EH,CJ,CW","68",5.2,77,"854A",2025-04-07,"1:15",75,"2:00",120,"2:14",134,"","RT-23","2025-04-11 RT-23",NA,"BP","SB","Corrected release container to RT-29"
"229","2025","Apr",2025-04-10,"Chinook Salmon","fall",NA,NA,NA,"69",NA,NA,NA,NA,NA,NA,NA,NA,NA,NA,"Too many small fish and not enough extra fish",NA,NA,NA,"BP","SB","Removed tag codes and activation date, changed to NA (PH)"
"230","2025","Apr",2025-04-10,"Chinook Salmon","fall",NA,NA,NA,"70",NA,NA,NA,NA,NA,NA,NA,NA,NA,NA,"Too many small fish and not enough extra fish",NA,NA,NA,"BP","SB","Removed tag codes and activation date, changed to NA (PH)"
"231","2025","Apr",2025-04-10,"Chinook Salmon","fall",NA,NA,NA,"71",NA,NA,NA,NA,NA,NA,NA,NA,NA,NA,"Tags deactivated, not enough fish to contiue ",NA,NA,NA,"BP","SB","Removed tag codes and activation date, changed to NA (PH)"
"232","2025","Apr",2025-04-10,"Chinook Salmon","fall",NA,NA,NA,"72",NA,NA,NA,NA,NA,NA,NA,NA,NA,NA,"Tags deactivated, not enough fish to contiue ",NA,NA,NA,"BP","SB","Removed tag codes and activation date, changed to NA (PH)"
"233","2025","Apr",2025-04-10,"Chinook Salmon","fall",NA,NA,NA,"73",NA,NA,NA,NA,NA,NA,NA,NA,NA,NA,"Tags deactivated, not enough fish to contiue ",NA,NA,NA,"BP","SB","Removed tag codes and activation date, changed to NA (PH)"
"234","2025","Apr",2025-04-10,"Chinook Salmon","fall",NA,NA,NA,"74",NA,NA,NA,NA,NA,NA,NA,NA,NA,NA,"Tags deactivated, not enough fish to contiue ",NA,NA,NA,"BP","SB","Removed tag codes and activation date, changed to NA (PH)"
"235","2025","Apr",2025-04-10,"Chinook Salmon","fall",NA,NA,NA,"75",NA,NA,NA,NA,NA,NA,NA,NA,NA,NA,"Tags deactivated, not enough fish to contiue ",NA,NA,NA,"BP","SB","Removed tag codes and activation date, changed to NA (PH)"
"236","2025","Apr",2025-04-10,"Chinook Salmon","fall",NA,NA,NA,"76",NA,NA,NA,NA,NA,NA,NA,NA,NA,NA,"Tags deactivated, not enough fish to contiue ",NA,NA,NA,"BP","SB","Removed tag codes and activation date, changed to NA (PH)"
"237","2025","Apr",2025-04-10,"Chinook Salmon","fall",NA,NA,NA,"77",NA,NA,NA,NA,NA,NA,NA,NA,NA,NA,"Tags deactivated, not enough fish to contiue ",NA,NA,NA,"BP","SB","Removed tag codes and activation date, changed to NA (PH)"
"238","2025","Apr",2025-04-10,"Chinook Salmon","fall",NA,NA,NA,"78",NA,NA,NA,NA,NA,NA,NA,NA,NA,NA,"Tags deactivated, not enough fish to contiue ",NA,NA,NA,"BP","SB","Removed tag codes and activation date, changed to NA (PH)"
"239","2025","Apr",2025-04-10,"Chinook Salmon","fall",NA,NA,NA,"79",NA,NA,NA,NA,NA,NA,NA,NA,NA,NA,"Tags deactivated, not enough fish to contiue ",NA,NA,NA,"BP","SB","Removed tag codes and activation date, changed to NA (PH)"
"240","2025","Apr",2025-04-10,"Chinook Salmon","fall",NA,NA,NA,"80",NA,NA,NA,NA,NA,NA,NA,NA,NA,NA,"Tags deactivated, not enough fish to contiue ",NA,NA,NA,"BP","SB","Removed tag codes and activation date, changed to NA (PH)"
"241","2025","Apr",2025-04-15,"Chinook Salmon","fall","BT-4","EH","AC, AL","1",7.9,88,"6D13",2025-04-11,"2:14",134,"2:48",168,"1:30",90,"","RT-1","2025-04-16 RT-1",NA,"PH","BP",""
"242","2025","Apr",2025-04-15,"Chinook Salmon","fall","BT-4","EH","AC, AL","2",6.9,85,"6A77",2025-04-11,"1:46",106,"2:43",163,"2:10",130,"","RT-1","2025-04-16 RT-1",NA,"PH","BP",""
"243","2025","Apr",2025-04-15,"Chinook Salmon","fall","BT-4","EH","AC, AL","3",6,82,"69A5",2025-04-11,"2:36",156,"2:44",164,"1:35",95,"","RT-1","2025-04-16 RT-1",NA,"PH","BP",""
"244","2025","Apr",2025-04-15,"Chinook Salmon","fall","BT-4","EH","AC, AL","4",5.8,82,"6C96",2025-04-11,"1:30",90,"2:46",166,"2:00",120," ","RT-1","2025-04-16 RT-1",NA,"PH","BP",""
"245","2025","Apr",2025-04-15,"Chinook Salmon","fall","BT-4","EH","AC, AL","5",7.2,85,"9699",2025-04-11,"2:00",120,"2:51",171,"1:00",60,"","RT-1","2025-04-16 RT-1",NA,"PH","BP",""
"246","2025","Apr",2025-04-15,"Chinook Salmon","fall","BT-4","EH","AC, AL","6",9.6,93,"9B2D",2025-04-11,"3:05",185,"3:20",200,"1:30",90,"","RT-1","2025-04-16 RT-1",NA,"PH","BP",""
"247","2025","Apr",2025-04-15,"Chinook Salmon","fall","BT-4","EH","AC, AL","7",8.2,87,"92B0",2025-04-11,"2:16",136,"2:17",137,"1:30",90,"","RT-1","2025-04-16 RT-1",NA,"PH","BP",""
"248","2025","Apr",2025-04-15,"Chinook Salmon","fall","BT-4","EH","AC, AL","8",8.3,95,"92BE",2025-04-11,"2:35",155,"2:23",143,"1:35",95,"","RT-1","2025-04-16 RT-1",NA,"PH","BP",""
"249","2025","Apr",2025-04-15,"Chinook Salmon","fall","BT-4","EH","AC, AL","9",9,91,"915D",2025-04-11,"1:55",115,"2:03",123,"1:30",90,"","RT-1","2025-04-16 RT-1",NA,"PH","BP",""
"250","2025","Apr",2025-04-15,"Chinook Salmon","fall","BT-4","EH","AC, AL","10",9.3,94,"96C6",2025-04-11,"2:16",136,"2:22",142,"1:45",105,"","RT-1","2025-04-16 RT-1",NA,"PH","BP",""
"251","2025","Apr",2025-04-15,"Chinook Salmon","fall","BT-4","EH","AC, AL","11",9.4,95,"9272",2025-04-11,"2:14",134,"2:09",129,"3:15",195,"","RT-2","2025-04-16 RT-2",NA,"PH","BP",""
"252","2025","Apr",2025-04-15,"Chinook Salmon","fall","BT-4","EH","AC, AL","12",8.1,91,"96CD",2025-04-11,"1:58",118,"1:55",115,"1:00",60,"","RT-2","2025-04-16 RT-2",NA,"PH","BP",""
"253","2025","Apr",2025-04-15,"Chinook Salmon","fall","BT-4","EH","AC, AL","13",7.1,85,"9AB0",2025-04-11,"2:05",125,"2:20",140,"1:47",107,"","RT-2","2025-04-16 RT-2",NA,"PH","BP",""
"254","2025","Apr",2025-04-15,"Chinook Salmon","fall","BT-4","EH","AC, AL","14",11.4,97,"91AC",2025-04-11,"2:07",127,"2:07",127,"1:00",60,"","RT-2","2025-04-16 RT-2",NA,"PH","BP",""
"255","2025","Apr",2025-04-15,"Chinook Salmon","fall","BT-4","EH","AC, AL","15",8.6,93,"9570",2025-04-11,"2:23",143,"2:23",143,"1:00",60,"","RT-2","2025-04-16 RT-2",NA,"PH","BP",""
"256","2025","Apr",2025-04-15,"Chinook Salmon","fall","BT-4","EH","AC, AL","16",9.4,90,"92E2",2025-04-11,"1:48",108,"2:00",120,"2:21",141,"","RT-2","2025-04-16 RT-2",NA,"PH","BP",""
"257","2025","Apr",2025-04-15,"Chinook Salmon","fall","BT-4","EH","AC, AL","17",9.6,91,"9969",2025-04-11,"2:15",135,"2:11",131,"1:12",72,"","RT-2","2025-04-16 RT-2",NA,"PH","BP",""
"258","2025","Apr",2025-04-15,"Chinook Salmon","fall","BT-4","EH","AC, AL","18",6.6,84,"9145",2025-04-11,"2:23",143,"2:17",137,"1:05",65,"","RT-2","2025-04-16 RT-2",NA,"PH","BP",""
"259","2025","Apr",2025-04-15,"Chinook Salmon","fall","BT-4","EH","AC, AL","19",8.6,90,"9A29",2025-04-11,"2:43",163,"1:57",117,"2:15",135,"","RT-2","2025-04-16 RT-2",NA,"PH","BP",""
"260","2025","Apr",2025-04-15,"Chinook Salmon","fall","BT-4","EH","AC, AL","20",8.3,92,"8DD2",2025-04-11,"2:04",124,"2:04",124,"1:00",60,"","RT-2","2025-04-16 RT-2",NA,"PH","BP",""
"261","2025","Apr",2025-04-15,"Chinook Salmon","fall","BT-4","EH","AC, AL","21",5.1,78,"9D4E",2025-04-11,"1:34",94,"2:44",164,"3:30",210,"","RT-3","2025-04-16 RT-3",NA,"PH","BP",""
"262","2025","Apr",2025-04-15,"Chinook Salmon","fall","BT-4","EH","AC, AL","22",4.5,75,"942C",2025-04-11,"2:46",166,"2:43",163,"1:00",60,"","RT-3","2025-04-16 RT-3",NA,"PH","BP",""
"263","2025","Apr",2025-04-15,"Chinook Salmon","fall","BT-4","EH","AC, AL","23",5.8,80,"9A72",2025-04-11,"2:41",161,"2:08",128,"3:30",210,"","RT-3","2025-04-16 RT-3",NA,"PH","BP",""
"264","2025","Apr",2025-04-15,"Chinook Salmon","fall","BT-4","EH","AC, AL","24",8.6,90,"9573",2025-04-11,"2:29",149,"2:11",131,"1:33",93,"","RT-3","2025-04-16 RT-3",NA,"PH","BP",""
"265","2025","Apr",2025-04-15,"Chinook Salmon","fall","BT-4","EH","AC, AL","25",7.6,88,"92E5",2025-04-11,"2:03",123,"2:16",136,"2:15",135,"","RT-3","2025-04-16 RT-3",NA,"PH","BP",""
"266","2025","Apr",2025-04-15,"Chinook Salmon","fall","BT-4","EH","AC, AL","26",9.8,96,"8D26",2025-04-11,"2:32",152,"2:07",127,"1:00",60,"","RT-3","2025-04-16 RT-3",NA,"PH","BP",""
"267","2025","Apr",2025-04-15,"Chinook Salmon","fall","BT-4","EH","AC, AL","27",5.9,81,"9224",2025-04-11,"2:00",120,"2:24",144,"3:45",225,"","RT-3","2025-04-16 RT-3",NA,"PH","BP",""
"268","2025","Apr",2025-04-15,"Chinook Salmon","fall","BT-4","EH","AC, AL","28",5.5,78,"926E",2025-04-11,"2:21",141,"2:27",147,"2:06",126,"","RT-3","2025-04-16 RT-3",NA,"PH","BP",""
"269","2025","Apr",2025-04-15,"Chinook Salmon","fall","BT-4","EH","AC, AL","29",8.4,90,"91AB",2025-04-11,"3:06",186,"1:57",117,"3:00",180,"","RT-3","2025-04-16 RT-3",NA,"PH","BP",""
"270","2025","Apr",2025-04-15,"Chinook Salmon","fall","BT-4","EH","AC, AL","30",7.6,88,"929A",2025-04-11,"2:17",137,"2:00",120,"1:30",90,"","RT-3","2025-04-16 RT-3",NA,"PH","BP",""
"271","2025","Apr",2025-04-15,"Chinook Salmon","fall","BT-4","EH","AC, AL","31",7.9,89,"9996",2025-04-11,"2:19",139,"2:10",130,"1:10",70,"","RT-4","2025-04-16 RT-4",NA,"PH","BP",""
"272","2025","Apr",2025-04-15,"Chinook Salmon","fall","BT-4","EH","AC, AL","32",9.9,93,"92DC",2025-04-11,"2:43",163,"2:09",129,"1:50",110,"","RT-4","2025-04-16 RT-4",NA,"PH","BP",""
"273","2025","Apr",2025-04-15,"Chinook Salmon","fall","BT-4","EH","AC, AL","33",7.3,86,"9A6E",2025-04-11,"2:36",156,"2:13",133,"1:45",105,"","RT-4","2025-04-16 RT-4",NA,"PH","BP",""
"274","2025","Apr",2025-04-15,"Chinook Salmon","fall","BT-4","EH","AC, AL","34",6.7,85,"9A9B",2025-04-11,"2:28",148,"2:19",139,"1:30",90,"","RT-4","2025-04-16 RT-4",NA,"PH","BP",""
"275","2025","Apr",2025-04-15,"Chinook Salmon","fall","BT-4","EH","AC, AL","35",7,86,"8D68",2025-04-11,"2:18",138,"2:20",140,"2:28",148,"","RT-4","2025-04-16 RT-4",NA,"PH","BP",""
"276","2025","Apr",2025-04-15,"Chinook Salmon","fall","BT-4","EH","AC, AL","36",8.5,90,"96B7",2025-04-11,"2:44",164,"2:08",128,"1:40",100,"","RT-4","2025-04-16 RT-4",NA,"PH","BP",""
"277","2025","Apr",2025-04-15,"Chinook Salmon","fall","BT-4","EH","AC, AL","37",9.1,90,"94DA",2025-04-11,"2:26",146,"2:12",132,"1:00",60,"","RT-4","2025-04-16 RT-4",NA,"PH","BP",""
"278","2025","Apr",2025-04-15,"Chinook Salmon","fall","BT-4","EH","AC, AL","38",7.8,86,"9945",2025-04-11,"2:01",121,"1:58",118,"1:15",75,"","RT-4","2025-04-16 RT-4",NA,"PH","BP",""
"279","2025","Apr",2025-04-15,"Chinook Salmon","fall","BT-4","EH","AC, AL","39",7.1,85,"96B2",2025-04-11,"2:27",147,"1:55",115,"1:00",60,"","RT-4","2025-04-16 RT-4",NA,"PH","BP",""
"280","2025","Apr",2025-04-15,"Chinook Salmon","fall","BT-4","EH","AC, AL","40",9.1,91,"9D49",2025-04-11,"2:00",120,"2:01",121,"1:15",75,"","RT-4","2025-04-16 RT-4",NA,"PH","BP",""
"281","2025","Apr",2025-04-15,"Chinook Salmon","fall","BT-4","AC","EH, AL","41",5.9,78,"92E6",2025-04-11,"2:30",150,"1:54",114,"1:02",62,"","RT-5","2025-04-16 RT-5",NA,"PH","BP",""
"282","2025","Apr",2025-04-15,"Chinook Salmon","fall","BT-4","AC","EH, AL","42",7.7,86,"9BD2",2025-04-11,"1:54",114,"1:20",80,"1:06",66,"","RT-5","2025-04-16 RT-5",NA,"PH","BP",""
"283","2025","Apr",2025-04-15,"Chinook Salmon","fall","BT-4","AC","EH, AL","43",7.3,85,"99B2",2025-04-11,"1:41",101,"1:20",80,"1:51",111,"","RT-5","2025-04-16 RT-5",NA,"PH","BP",""
"284","2025","Apr",2025-04-15,"Chinook Salmon","fall","BT-4","AC","EH, AL","44",8.7,89,"950C",2025-04-11,"2:00",120,"1:42",102,"1:06",66,"","RT-5","2025-04-16 RT-5",NA,"PH","BP",""
"285","2025","Apr",2025-04-15,"Chinook Salmon","fall","BT-4","AC","EH, AL","45",12.4,102,"9726",2025-04-11,"1:28",88,"1:30",90,"1:00",60,"","RT-5","2025-04-16 RT-5",NA,"PH","BP",""
"286","2025","Apr",2025-04-15,"Chinook Salmon","fall","BT-4","AC","EH, AL","46",7.5,89,"9DA8",2025-04-11,"1:34",94,"1:29",89,"1:02",62,"","RT-5","2025-04-16 RT-5",NA,"PH","BP",""
"287","2025","Apr",2025-04-15,"Chinook Salmon","fall","BT-4","AC","EH, AL","47",6.4,82,"913A",2025-04-11,"1:45",105,"1:40",100,"1:31",91,"","RT-5","2025-04-16 RT-5",NA,"PH","BP",""
"288","2025","Apr",2025-04-15,"Chinook Salmon","fall","BT-4","AC","EH, AL","48",6.1,81,"8D7A",2025-04-11,"2:11",131,"1:35",95,"2:00",120,"","RT-5","2025-04-16 RT-5",NA,"PH","BP",""
"289","2025","Apr",2025-04-15,"Chinook Salmon","fall","BT-4","AC","EH, AL","49",8.2,90,"96AC",2025-04-11,"1:38",98,"1:33",93,"1:00",60,"","RT-5","2025-04-16 RT-5",NA,"PH","BP",""
"290","2025","Apr",2025-04-15,"Chinook Salmon","fall","BT-4","AC","EH, AL","50",7.5,88,"9ACD",2025-04-11,"1:35",95,"1:47",107,"0:47",47,"","RT-5","2025-04-16 RT-5",NA,"PH","BP",""
"291","2025","Apr",2025-04-15,"Chinook Salmon","fall","BT-4","AC","EH, AL","51",6.7,83,"988A",2025-04-11,"2:00",120,"1:47",107,"2:00",120,"","RT-6","2025-04-16 RT-6",NA,"PH","BP",""
"292","2025","Apr",2025-04-15,"Chinook Salmon","fall","BT-4","AC","EH, AL","52",6.4,80,"9116",2025-04-11,"1:38",98,"1:23",83,"1:07",67,"","RT-6","2025-04-16 RT-6",NA,"PH","BP",""
"293","2025","Apr",2025-04-15,"Chinook Salmon","fall","BT-4","AC","EH, AL","53",6.4,82,"8D66",2025-04-11,"1:44",104,"1:28",88,"1:00",60,"","RT-6","2025-04-16 RT-6",NA,"PH","BP",""
"294","2025","Apr",2025-04-15,"Chinook Salmon","fall","BT-4","AC","EH, AL","54",5.3,78,"9253",2025-04-11,"1:52",112,"1:33",93,"1:00",60,"","RT-6","2025-04-16 RT-6",NA,"PH","BP",""
"295","2025","Apr",2025-04-15,"Chinook Salmon","fall","BT-4","AC","EH, AL","55",6.2,80,"992B",2025-04-11,"1:47",107,"1:22",82,"1:00",60,"","RT-6","2025-04-16 RT-6",NA,"PH","BP",""
"296","2025","Apr",2025-04-15,"Chinook Salmon","fall","BT-4","AC","EH, AL","56",8.6,91,"927A",2025-04-11,"1:54",114,"1:28",88,"1:25",85,"","RT-6","2025-04-16 RT-6",NA,"PH","BP",""
"297","2025","Apr",2025-04-15,"Chinook Salmon","fall","BT-4","AC","EH, AL","57",8.1,88,"9510",2025-04-11,"1:50",110,"1:24",84,"2:03",123,"","RT-6","2025-04-16 RT-6",NA,"PH","BP",""
"298","2025","Apr",2025-04-15,"Chinook Salmon","fall","BT-4","AC","EH, AL","58",9.1,93,"98DA",2025-04-11,"1:49",109,"1:30",90,"1:00",60,"","RT-6","2025-04-16 RT-6",NA,"PH","BP",""
"299","2025","Apr",2025-04-15,"Chinook Salmon","fall","BT-4","AC","EH, AL","59",10.7,95,"92AC",2025-04-11,"1:51",111,"1:34",94,"1:00",60,"","RT-6","2025-04-16 RT-6",NA,"PH","BP",""
"300","2025","Apr",2025-04-15,"Chinook Salmon","fall","BT-4","AC","EH, AL","60",8.3,88,"8DB5",2025-04-11,"1:45",105,"1:22",82,"1:54",114,"","RT-6","2025-04-16 RT-6",NA,"PH","BP",""
"301","2025","Apr",2025-04-15,"Chinook Salmon","fall","BT-4","AC","EH, AL","61",7.2,85,"9475",2025-04-11,"2:03",123,"1:40",100,"1:00",60,"","RT-7","2025-04-16 RT-7",NA,"PH","BP",""
"302","2025","Apr",2025-04-15,"Chinook Salmon","fall","BT-4","AC","EH, AL","62",9.2,91,"9676",2025-04-11,"2:09",129,"1:32",92,"1:03",63,"","RT-7","2025-04-16 RT-7",NA,"PH","BP",""
"303","2025","Apr",2025-04-15,"Chinook Salmon","fall","BT-4","AC","EH, AL","63",6.7,81,"9D62",2025-04-11,"2:34",154,"1:34",94,"1:37",97,"","RT-7","2025-04-16 RT-7",NA,"PH","BP",""
"304","2025","Apr",2025-04-15,"Chinook Salmon","fall","BT-4","AC","EH, AL","64",7.8,87,"9591",2025-04-11,"1:46",106,"1:51",111,"1:00",60,"","RT-7","2025-04-16 RT-7",NA,"PH","BP",""
"305","2025","Apr",2025-04-15,"Chinook Salmon","fall","BT-4","AC","EH, AL","65",6.9,84,"9675",2025-04-11,"2:15",135,"1:41",101,"1:00",60,"","RT-7","2025-04-16 RT-7",NA,"PH","BP",""
"306","2025","Apr",2025-04-15,"Chinook Salmon","fall","BT-4","AC","EH, AL","66",6.8,81,"9B0A",2025-04-11,"2:00",120,"1:29",89,"1:07",67,"","RT-7","2025-04-16 RT-7",NA,"PH","BP",""
"307","2025","Apr",2025-04-15,"Chinook Salmon","fall","BT-4","AC","EH, AL","67",6.7,83,"9157",2025-04-11,"1:39",99,"2:18",138,"1:04",64,"","RT-7","2025-04-16 RT-7",NA,"PH","BP",""
"308","2025","Apr",2025-04-15,"Chinook Salmon","fall","BT-4","AC","EH, AL","68",6.6,85,"9AA2",2025-04-11,"2:56",176,"1:20",80,"1:03",63,"","RT-7","2025-04-16 RT-7",NA,"PH","BP",""
"309","2025","Apr",2025-04-15,"Chinook Salmon","fall","BT-4","AC","EH, AL","69",9.4,91,"912E",2025-04-11,"2:02",122,"1:31",91,"1:30",90,"","RT-7","2025-04-16 RT-7",NA,"PH","BP",""
"310","2025","Apr",2025-04-15,"Chinook Salmon","fall","BT-4","AC","EH, AL","70",6.8,85,"9DBA",2025-04-11,"2:12",132,"1:43",103,"2:15",135,"","RT-7","2025-04-16 RT-7",NA,"PH","BP",""
"311","2025","Apr",2025-04-15,"Chinook Salmon","fall","BT-4","AC","EH, AL","71",7,81,"9315",2025-04-11,"3:13",193,"1:38",98,"2:30",150,"","RT-8","2025-04-16 RT-8",NA,"PH","BP",""
"312","2025","Apr",2025-04-15,"Chinook Salmon","fall","BT-4","AC","EH, AL","72",8.1,87,"9159",2025-04-11,"2:16",136,"1:22",82,"2:34",154,"","RT-8","2025-04-16 RT-8",NA,"PH","BP",""
"313","2025","Apr",2025-04-15,"Chinook Salmon","fall","BT-4","AC","EH, AL","73",6.9,84,"8DA4",2025-04-11,"2:05",125,"1:29",89,"3:33",213,"","RT-8","2025-04-16 RT-8",NA,"PH","BP",""
"314","2025","Apr",2025-04-15,"Chinook Salmon","fall","BT-4","AC","EH, AL","74",8.2,89,"9956",2025-04-11,"2:09",129,"1:28",88,"2:58",178,"","RT-8","2025-04-16 RT-8",NA,"PH","BP",""
"315","2025","Apr",2025-04-15,"Chinook Salmon","fall","BT-4","AC","EH, AL","75",9.1,93,"9D64",2025-04-11,"2:00",120,"1:30",90,"1:04",64,"","RT-8","2025-04-16 RT-8",NA,"PH","BP",""
"316","2025","Apr",2025-04-15,"Chinook Salmon","fall","BT-4","AC","EH, AL","76",5.9,82,"9B2C",2025-04-11,"2:01",121,"1:40",100,"2:09",129,"","RT-8","2025-04-16 RT-8",NA,"PH","BP",""
"317","2025","Apr",2025-04-15,"Chinook Salmon","fall","BT-4","AC","EH, AL","77",5.6,79,"94C9",2025-04-11,"1:46",106,"1:25",85,"2:31",151,"","RT-8","2025-04-16 RT-8",NA,"PH","BP",""
"318","2025","Apr",2025-04-15,"Chinook Salmon","fall","BT-4","AC","EH, AL","78",6.6,84,"9175",2025-04-11,"2:24",144,"1:18",78,"2:23",143,"","RT-8","2025-04-16 RT-8",NA,"PH","BP",""
"319","2025","Apr",2025-04-15,"Chinook Salmon","fall","BT-4","AC","EH, AL","79",6.7,84,"9148",2025-04-11,"2:29",149,"1:17",77,"1:48",108,"","RT-8","2025-04-16 RT-8",NA,"PH","BP",""
"320","2025","Apr",2025-04-15,"Chinook Salmon","fall","BT-4","AC","EH, AL","80",8.2,87,"9262",2025-04-11,"1:48",108,"1:22",82,"1:00",60,"","RT-8","2025-04-16 RT-8",NA,"PH","BP",""
"321","2025","Apr",2025-04-15,"Chinook Salmon","fall","BT-4","AC","EH, AL","D5",5.9,81,"1D84",2025-04-11,"1:43",103,"1:33",93,"1:00",60,"",NA,NA,"A","PH","BP",""
"322","2025","Apr",2025-04-15,"Chinook Salmon","fall","BT-4","EH","AC, AL","D1",7.3,87,"1D58",2025-04-11,"2:20",140,"2:29",149,"1:15",75,"",NA,NA,"A","PH","BP",""
"323","2025","Apr",2025-04-15,"Chinook Salmon","fall","BT-4","AC","EH, AL","D6",7.5,85,"96DC",2025-04-11,"2:14",134,"1:30",90,"0:53",53,"",NA,NA,"A","PH","BP",""
"324","2025","Apr",2025-04-15,"Chinook Salmon","fall","BT-4","EH","AC, AL","D4",7.6,90,"A284",2025-04-11,"2:40",160,"2:00",120,"2:31",151,"",NA,NA,"A","PH","BP",""
"325","2025","Apr",2025-04-15,"Chinook Salmon","fall","BT-4","EH","AC, AL","D2",7.8,88,"96D8",2025-04-11,"1:37",97,"2:18",138,"1:00",60,"",NA,NA,"A","PH","BP",""
"326","2025","Apr",2025-04-15,"Chinook Salmon","fall","BT-4","EH","AC, AL","D3",8,88,"A361",2025-04-11,"2:31",151,"2:09",129,"3:00",180,"",NA,NA,"A",NA,"BP",""
"327","2025","Apr",2025-04-15,"Chinook Salmon","fall","BT-4","AC","EH, AL","D7",8.2,89,"153E",2025-04-11,"2:28",148,"1:41",101,"2:38",158,"",NA,NA,"A","PH","BP",""
"328","2025","Apr",2025-04-15,"Chinook Salmon","fall","BT-4","AC","EH, AL","D8",8.4,90,"A359",2025-04-11,"2:09",129,"1:32",92,"1:05",65,"",NA,NA,"A","PH","BP",""
"329","2025","Apr",2025-04-16,"Chinook Salmon","fall","BT-3","EH","AC, CW","1",6.9,83,"9328",2025-04-11,"1:52",112,"2:17",137,"1:18",78,"","RT-9","2025-04-17 RT-9",NA,"PH","BP",""
"330","2025","Apr",2025-04-16,"Chinook Salmon","fall","BT-3","EH","AC, CW","2",9.7,95,"9A7A",2025-04-11,"2:04",124,"2:00",120,"1:00",60,"","RT-9","2025-04-17 RT-9",NA,"PH","BP",""
"331","2025","Apr",2025-04-16,"Chinook Salmon","fall","BT-3","EH","AC, CW","3",5.3,76,"994E",2025-04-11,"2:11",131,"2:13",133,"1:00",60,"","RT-9","2025-04-17 RT-9",NA,"PH","BP",""
"332","2025","Apr",2025-04-16,"Chinook Salmon","fall","BT-3","EH","AC, CW","4",8.1,89,"9C54",2025-04-11,"2:05",125,"2:01",121,"1:28",88,"","RT-9","2025-04-17 RT-9",NA,"PH","BP",""
"333","2025","Apr",2025-04-16,"Chinook Salmon","fall","BT-3","EH","AC, CW","5",6.4,85,"996D",2025-04-11,"2:12",132,"2:04",124,"1:13",73,"","RT-9","2025-04-17 RT-9",NA,"PH","BP",""
"334","2025","Apr",2025-04-16,"Chinook Salmon","fall","BT-3","EH","AC, CW","6",6.9,85,"8D5B",2025-04-11,"2:01",121,"2:12",132,"1:20",80,"","RT-9","2025-04-17 RT-9",NA,"PH","BP",""
"335","2025","Apr",2025-04-16,"Chinook Salmon","fall","BT-3","EH","AC, CW","7",5.5,80,"969A",2025-04-11,"2:41",161,"2:43",163,"3:30",210,"","RT-9","2025-04-17 RT-9",NA,"PH","BP",""
"336","2025","Apr",2025-04-16,"Chinook Salmon","fall","BT-3","EH","AC, CW","8",5.6,80,"99D4",2025-04-11,"2:25",145,"2:25",145,"1:23",83,"","RT-9","2025-04-17 RT-9",NA,"PH","BP",""
"337","2025","Apr",2025-04-16,"Chinook Salmon","fall","BT-3","EH","AC, CW","9",8.8,92,"9ADB",2025-04-11,"2:10",130,"2:02",122,"1:00",60,"","RT-9","2025-04-17 RT-9",NA,"PH","BP",""
"338","2025","Apr",2025-04-16,"Chinook Salmon","fall","BT-3","EH","AC, CW","10",5.1,77,"95AB",2025-04-11,"2:46",166,"2:00",120,"1:45",105,"","RT-9","2025-04-17 RT-9",NA,"PH","BP",""
"339","2025","Apr",2025-04-16,"Chinook Salmon","fall","BT-3","EH","AC, CW","11",9.4,94,"91CA",2025-04-11,"1:35",95,"2:18",138,"2:51",171,"","RT-10","2025-04-17 RT-10",NA,"PH","BP",""
"340","2025","Apr",2025-04-16,"Chinook Salmon","fall","BT-3","EH","AC, CW","12",5,75,"9329",2025-04-11,"1:57",117,"2:20",140,"1:00",60,"","RT-10","2025-04-17 RT-10",NA,"PH","BP",""
"341","2025","Apr",2025-04-16,"Chinook Salmon","fall","BT-3","EH","AC, CW","13",8,88,"9154",2025-04-11,"2:02",122,"2:05",125,"1:26",86,"","RT-10","2025-04-17 RT-10",NA,"PH","BP",""
"342","2025","Apr",2025-04-16,"Chinook Salmon","fall","BT-3","EH","AC, CW","14",8.7,90,"91AD",2025-04-11,"1:35",95,"2:07",127,"1:00",60,"","RT-10","2025-04-17 RT-10",NA,"PH","BP",""
"343","2025","Apr",2025-04-16,"Chinook Salmon","fall","BT-3","EH","AC, CW","15",5.3,76,"9125",2025-04-11,"2:46",166,"2:10",130,"1:00",60,"","RT-10","2025-04-17 RT-10",NA,"PH","BP",""
"344","2025","Apr",2025-04-16,"Chinook Salmon","fall","BT-3","EH","AC, CW","16",9.7,95,"91D2",2025-04-11,"2:28",148,"1:58",118,"2:07",127,"","RT-10","2025-04-17 RT-10",NA,"PH","BP",""
"345","2025","Apr",2025-04-16,"Chinook Salmon","fall","BT-3","EH","AC, CW","17",7.7,86,"96D1",2025-04-11,"2:09",129,"1:59",119,"4:00",240,"","RT-10","2025-04-17 RT-10",NA,"PH","BP",""
"346","2025","Apr",2025-04-16,"Chinook Salmon","fall","BT-3","EH","AC, CW","18",9.8,95,"929E",2025-04-11,"2:11",131,"1:56",116,"1:45",105,"","RT-10","2025-04-17 RT-10",NA,"PH","BP",""
"347","2025","Apr",2025-04-16,"Chinook Salmon","fall","BT-3","EH","AC, CW","19",7.7,89,"8DDA",2025-04-11,"1:26",86,"1:55",115,"3:46",226,"","RT-10","2025-04-17 RT-10",NA,"PH","BP",""
"348","2025","Apr",2025-04-16,"Chinook Salmon","fall","BT-3","EH","AC, CW","20",8.8,89,"96BE",2025-04-11,"1:43",103,"2:16",136,"1:25",85,"","RT-10","2025-04-17 RT-10",NA,"PH","BP",""
"349","2025","Apr",2025-04-16,"Chinook Salmon","fall","BT-3","EH","AC, CW","21",5.4,79,"9D6C",2025-04-11,"1:53",113,"2:25",145,"2:54",174,"","RT-11","2025-04-17 RT-11",NA,"PH","BP",""
"350","2025","Apr",2025-04-16,"Chinook Salmon","fall","BT-3","EH","AC, CW","22",11.4,99,"995C",2025-04-11,"1:27",87,"1:50",110,"1:30",90,"","RT-11","2025-04-17 RT-11",NA,"PH","BP",""
"351","2025","Apr",2025-04-16,"Chinook Salmon","fall","BT-3","EH","AC, CW","23",6.4,84,"922D",2025-04-11,"2:06",126,"2:02",122,"4:00",240,"","RT-11","2025-04-17 RT-11",NA,"PH","BP",""
"352","2025","Apr",2025-04-16,"Chinook Salmon","fall","BT-3","EH","AC, CW","24",7.9,88,"9CD2",2025-04-11,"3:00",180,"2:11",131,"1:20",80,"","RT-11","2025-04-17 RT-11",NA,"PH","BP",""
"353","2025","Apr",2025-04-16,"Chinook Salmon","fall","BT-3","EH","AC, CW","25",6.3,84,"91B2",2025-04-11,"2:34",154,"2:07",127,"1:50",110,"","RT-11","2025-04-17 RT-11",NA,"PH","BP",""
"354","2025","Apr",2025-04-16,"Chinook Salmon","fall","BT-3","EH","AC, CW","26",5.3,76,"8D4D",2025-04-11,"2:26",146,"2:31",151,"1:50",110,"","RT-11","2025-04-17 RT-11",NA,"PH","BP",""
"355","2025","Apr",2025-04-16,"Chinook Salmon","fall","BT-3","EH","AC, CW","27",8.7,93,"932B",2025-04-11,"2:35",155,"2:29",149,"1:30",90,"","RT-11","2025-04-17 RT-11",NA,"PH","BP",""
"356","2025","Apr",2025-04-16,"Chinook Salmon","fall","BT-3","EH","AC, CW","28",8.2,89,"969C",2025-04-11,"2:03",123,"2:04",124,"1:24",84,"","RT-11","2025-04-17 RT-11",NA,"PH","BP",""
"357","2025","Apr",2025-04-16,"Chinook Salmon","fall","BT-3","EH","AC, CW","29",8.4,90,"94E2",2025-04-11,"2:03",123,"2:33",153,"1:00",60,"","RT-11","2025-04-17 RT-11",NA,"PH","BP",""
"358","2025","Apr",2025-04-16,"Chinook Salmon","fall","BT-3","EH","AC, CW","30",9.1,93,"96C5",2025-04-11,"1:53",113,"2:00",120,"2:48",168,"","RT-11","2025-04-17 RT-11",NA,"PH","BP",""
"359","2025","Apr",2025-04-16,"Chinook Salmon","fall","BT-3","EH","AC, CW","31",7,87,"9D69",2025-04-11,"1:24",84,"2:22",142,"4:30",270,"","RT-12","2025-04-17 RT-12",NA,"PH","BP",""
"360","2025","Apr",2025-04-16,"Chinook Salmon","fall","BT-3","EH","AC, CW","32",8.2,90,"8D54",2025-04-11,"1:54",114,"2:13",133,"1:00",60,"","RT-12","2025-04-17 RT-12",NA,"PH","BP",""
"361","2025","Apr",2025-04-16,"Chinook Salmon","fall","BT-3","EH","AC, CW","33",7.5,86,"9451",2025-04-11,"2:12",132,"2:00",120,"1:30",90,"","RT-12","2025-04-17 RT-12",NA,"PH","BP",""
"362","2025","Apr",2025-04-16,"Chinook Salmon","fall","BT-3","EH","AC, CW","34",8,90,"9A53",2025-04-11,"1:58",118,"2:24",144,"3:34",214,"","RT-12","2025-04-17 RT-12",NA,"PH","BP",""
"363","2025","Apr",2025-04-16,"Chinook Salmon","fall","BT-3","EH","AC, CW","35",11.1,96,"9150",2025-04-11,"2:18",138,"2:12",132,"1:56",116,"","RT-12","2025-04-17 RT-12",NA,"PH","BP",""
"364","2025","Apr",2025-04-16,"Chinook Salmon","fall","BT-3","EH","AC, CW","36",10.4,95,"92BC",2025-04-11,"2:03",123,"2:25",145,"1:00",60,"","RT-12","2025-04-17 RT-12",NA,"PH","BP",""
"365","2025","Apr",2025-04-16,"Chinook Salmon","fall","BT-3","EH","AC, CW","37",7.8,87,"92CA",2025-04-11,"2:17",137,"2:17",137,"3:30",210,"","RT-12","2025-04-17 RT-12",NA,"PH","BP",""
"366","2025","Apr",2025-04-16,"Chinook Salmon","fall","BT-3","EH","AC, CW","38",5.9,80,"9953",2025-04-11,"2:10",130,"2:19",139,"1:05",65,"","RT-12","2025-04-17 RT-12",NA,"PH","BP",""
"367","2025","Apr",2025-04-16,"Chinook Salmon","fall","BT-3","EH","AC, CW","39",7.2,86,"8D4E",2025-04-11,"2:19",139,"2:18",138,"2:03",123,"","RT-12","2025-04-17 RT-12",NA,"PH","BP",""
"368","2025","Apr",2025-04-16,"Chinook Salmon","fall","BT-3","EH","AC, CW","40",6,85,"912D",2025-04-11,"2:08",128,"1:58",118,"1:20",80,"","RT-12","2025-04-17 RT-12",NA,"PH","BP",""
"369","2025","Apr",2025-04-16,"Chinook Salmon","fall","BT-3","AC","EH, CC","41",6.1,85,"9DDA",2025-04-11,"1:39",99,"1:25",85,"1:53",113,"","RT-13","2025-04-17 RT-13",NA,"PH","BP",""
"370","2025","Apr",2025-04-16,"Chinook Salmon","fall","BT-3","AC","EH, CC","42",7.2,88,"9855",2025-04-11,"1:58",118,"1:25",85,"1:26",86,"","RT-13","2025-04-17 RT-13",NA,"PH","BP",""
"371","2025","Apr",2025-04-16,"Chinook Salmon","fall","BT-3","AC","EH, CC","43",7.6,87,"9CDA",2025-04-11,"2:10",130,"1:30",90,"1:33",93,"","RT-13","2025-04-17 RT-13",NA,"PH","BP",""
"372","2025","Apr",2025-04-16,"Chinook Salmon","fall","BT-3","AC","EH, CC","44",9.2,91,"952F",2025-04-11,"1:54",114,"1:25",85,"1:56",116,"","RT-13","2025-04-17 RT-13",NA,"PH","BP",""
"373","2025","Apr",2025-04-16,"Chinook Salmon","fall","BT-3","AC","EH, CC","45",9.3,93,"9D95",2025-04-11,"2:16",136,"1:15",75,"2:09",129,"","RT-13","2025-04-17 RT-13",NA,"PH","BP",""
"374","2025","Apr",2025-04-16,"Chinook Salmon","fall","BT-3","AC","EH, CC","46",6.3,80,"93AE",2025-04-11,"2:13",133,"1:23",83,"2:42",162,"","RT-13","2025-04-17 RT-13",NA,"PH","BP",""
"375","2025","Apr",2025-04-16,"Chinook Salmon","fall","BT-3","AC","EH, CC","47",7.5,89,"9571",2025-04-11,"1:53",113,"1:33",93,"1:39",99,"","RT-13","2025-04-17 RT-13",NA,"PH","BP",""
"376","2025","Apr",2025-04-16,"Chinook Salmon","fall","BT-3","AC","EH, CC","48",8.4,89,"918A",2025-04-11,"2:23",143,"1:28",88,"1:53",113,"","RT-13","2025-04-17 RT-13",NA,"PH","BP",""
"377","2025","Apr",2025-04-16,"Chinook Salmon","fall","BT-3","AC","EH, CC","49",8.2,86,"902A",2025-04-11,"1:44",104,"1:26",86,"2:12",132,"","RT-13","2025-04-17 RT-13",NA,"PH","BP",""
"378","2025","Apr",2025-04-16,"Chinook Salmon","fall","BT-3","AC","EH, CC","50",7.8,87,"94B8",2025-04-11,"1:36",96,"1:28",88,"1:30",90,"","RT-13","2025-04-17 RT-13",NA,"PH","BP",""
"379","2025","Apr",2025-04-16,"Chinook Salmon","fall","BT-3","AC","EH, CC","51",7.3,87,"9054",2025-04-11,"1:20",80,"1:28",88,"2:08",128,"","RT-14","2025-04-17 RT-14",NA,"PH","BP",""
"380","2025","Apr",2025-04-16,"Chinook Salmon","fall","BT-3","AC","EH, CC","52",6.8,85,"95B3",2025-04-11,"1:53",113,"1:16",76,"2:39",159,"","RT-14","2025-04-17 RT-14",NA,"PH","BP",""
"381","2025","Apr",2025-04-16,"Chinook Salmon","fall","BT-3","AC","EH, CC","53",5.4,79,"94E8",2025-04-11,"1:53",113,"1:31",91,"1:08",68,"","RT-14","2025-04-17 RT-14",NA,"PH","BP",""
"382","2025","Apr",2025-04-16,"Chinook Salmon","fall","BT-3","AC","EH, CC","54",10.1,95,"8DA9",2025-04-11,"1:05",65,"1:35",95,"1:54",114,"","RT-14","2025-04-17 RT-14",NA,"PH","BP",""
"383","2025","Apr",2025-04-16,"Chinook Salmon","fall","BT-3","AC","EH, CC","55",9.6,92,"9958",2025-04-11,"1:00",60,"1:33",93,"3:28",208,"","RT-14","2025-04-17 RT-14",NA,"PH","BP",""
"384","2025","Apr",2025-04-16,"Chinook Salmon","fall","BT-3","AC","EH, CC","56",9.9,96,"9A69",2025-04-11,"2:38",158,"1:45",105,"2:40",160,"","RT-14","2025-04-17 RT-14",NA,"PH","BP",""
"385","2025","Apr",2025-04-16,"Chinook Salmon","fall","BT-3","AC","EH, CC","57",8.6,89,"914C",2025-04-11,"2:27",147,"1:25",85,"1:06",66,"","RT-14","2025-04-17 RT-14",NA,"PH","BP",""
"386","2025","Apr",2025-04-16,"Chinook Salmon","fall","BT-3","AC","EH, CC","58",5.7,81,"8D56",2025-04-11,"2:08",128,"1:40",100,"1:00",60,"","RT-14","2025-04-17 RT-14",NA,"PH","BP",""
"387","2025","Apr",2025-04-16,"Chinook Salmon","fall","BT-3","AC","EH, CC","59",7.2,88,"9D56",2025-04-11,"2:26",146,"1:37",97,"2:12",132,"","RT-14","2025-04-17 RT-14",NA,"PH","BP",""
"388","2025","Apr",2025-04-16,"Chinook Salmon","fall","BT-3","AC","EH, CC","60",7.6,85,"96C8",2025-04-11,"2:29",149,"1:32",92,"1:42",102,"","RT-14","2025-04-17 RT-14",NA,"PH","BP",""
"389","2025","Apr",2025-04-16,"Chinook Salmon","fall","BT-3","AC","EH, CC","61",5.5,82,"8D5A",2025-04-11,"2:43",163,"1:48",108,"2:15",135,"","RT-15","2025-04-17 RT-15",NA,"PH","BP",""
"390","2025","Apr",2025-04-16,"Chinook Salmon","fall","BT-3","AC","EH, CC","62",12.2,100,"9ABB",2025-04-11,"2:07",127,"1:53",113,"2:01",121,"","RT-15","2025-04-17 RT-15",NA,"PH","BP",""
"391","2025","Apr",2025-04-16,"Chinook Salmon","fall","BT-3","AC","EH, CC","63",9.7,91,"92AE",2025-04-11,"2:50",170,"1:22",82,"2:22",142,"","RT-15","2025-04-17 RT-15",NA,"PH","BP",""
"392","2025","Apr",2025-04-16,"Chinook Salmon","fall","BT-3","AC","EH, CC","64",7.3,85,"9AAE",2025-04-11,"1:52",112,"1:28",88,"1:55",115,"","RT-15","2025-04-17 RT-15",NA,"PH","BP",""
"393","2025","Apr",2025-04-16,"Chinook Salmon","fall","BT-3","AC","EH, CC","65",7.6,86,"95BD",2025-04-11,"1:56",116,"1:40",100,"0:36",36,"","RT-15","2025-04-17 RT-15",NA,"PH","BP",""
"394","2025","Apr",2025-04-16,"Chinook Salmon","fall","BT-3","AC","EH, CC","66",10.6,95,"8EB5",2025-04-11,"2:24",144,"2:11",131,"0:57",57,"","RT-15","2025-04-17 RT-15",NA,"PH","BP",""
"395","2025","Apr",2025-04-16,"Chinook Salmon","fall","BT-3","AC","EH, CC","67",8.4,88,"9D76",2025-04-11,"2:43",163,"1:32",92,"1:00",60,"","RT-15","2025-04-17 RT-15",NA,"PH","BP",""
"396","2025","Apr",2025-04-16,"Chinook Salmon","fall","BT-3","AC","EH, CC","68",5.1,76,"9334",2025-04-11,"2:21",141,"1:23",83,"1:33",93,"","RT-15","2025-04-17 RT-15",NA,"PH","BP",""
"397","2025","Apr",2025-04-16,"Chinook Salmon","fall","BT-3","AC","EH, CC","69",6.8,81,"92A6",2025-04-11,"2:23",143,"1:30",90,"2:37",157,"","RT-15","2025-04-17 RT-15",NA,"PH","BP",""
"398","2025","Apr",2025-04-16,"Chinook Salmon","fall","BT-3","AC","EH, CC","70",8.9,91,"9A89",2025-04-11,"2:10",130,"1:35",95,"1:43",103,"","RT-15","2025-04-17 RT-15",NA,"PH","BP",""
"399","2025","Apr",2025-04-16,"Chinook Salmon","fall","BT-3","AC","EH, CC","71",10.5,95,"9951",2025-04-11,"2:18",138,"2:01",121,"1:00",60,"","RT-16","2025-04-17 RT-16",NA,"PH","BP",""
"400","2025","Apr",2025-04-16,"Chinook Salmon","fall","BT-3","AC","EH, CC","72",9.9,95,"8DD4",2025-04-11,"2:31",151,"1:23",83,"1:50",110,"","RT-16","2025-04-17 RT-16",NA,"PH","BP",""
"401","2025","Apr",2025-04-16,"Chinook Salmon","fall","BT-3","AC","EH, CC","73",7.2,88,"9250",2025-04-11,"2:00",120,"1:49",109,"1:41",101,"","RT-16","2025-04-17 RT-16",NA,"PH","BP",""
"402","2025","Apr",2025-04-16,"Chinook Salmon","fall","BT-3","AC","EH, CC","74",7,85,"9A85",2025-04-11,"1:59",119,"1:27",87,"2:39",159,"","RT-16","2025-04-17 RT-16",NA,"PH","BP",""
"403","2025","Apr",2025-04-16,"Chinook Salmon","fall","BT-3","AC","EH, CC","75",8.1,90,"9593",2025-04-11,"1:04",64,"1:29",89,"0:55",55,"","RT-16","2025-04-17 RT-16",NA,"PH","BP",""
"404","2025","Apr",2025-04-16,"Chinook Salmon","fall","BT-3","AC","EH, CC","76",6.8,85,"95A3",2025-04-11,"2:07",127,"1:41",101,"2:45",165,"","RT-16","2025-04-17 RT-16",NA,"PH","BP",""
"405","2025","Apr",2025-04-16,"Chinook Salmon","fall","BT-3","AC","EH, CC","77",5.3,80,"9D3B",2025-04-11,"1:35",95,"1:24",84,"2:30",150,"","RT-16","2025-04-17 RT-16",NA,"PH","BP",""
"406","2025","Apr",2025-04-16,"Chinook Salmon","fall","BT-3","AC","EH, CC","78",5.6,82,"96EB",2025-04-11,"2:34",154,"1:41",101,"2:18",138,"","RT-16","2025-04-17 RT-16",NA,"PH","BP",""
"407","2025","Apr",2025-04-16,"Chinook Salmon","fall","BT-3","AC","EH, CC","79",5.5,78,"9A74",2025-04-11,"1:35",95,"1:32",92,"1:00",60,"","RT-16","2025-04-17 RT-16",NA,"PH","BP",""
"408","2025","Apr",2025-04-16,"Chinook Salmon","fall","BT-3","AC","EH, CC","80",10.4,96,"91A4",2025-04-11,"1:49",109,"1:53",113,"1:37",97,"","RT-16","2025-04-17 RT-16",NA,"PH","BP",""
"409","2025","Apr",2025-04-16,"Chinook Salmon","fall","BT-3","EH","AC, CW","D3",5.2,79,"94A4",2025-04-11,"2:31",151,"2:10",130,"2:45",165,"",NA,NA,"B","PH","BP",""
"410","2025","Apr",2025-04-16,"Chinook Salmon","fall","BT-3","EH","AC, CW","D4",5.5,78,"250C",2025-04-11,"2:43",163,"2:18",138,"1:08",68,"",NA,NA,"B","PH","BP",""
"411","2025","Apr",2025-04-16,"Chinook Salmon","fall","BT-3","AC","EH, CC","D6",6.6,83,"2724",2025-04-11,"2:23",143,"2:05",125,"2:34",154,"",NA,NA,"B","PH","BP",""
"412","2025","Apr",2025-04-16,"Chinook Salmon","fall","BT-3","AC","EH, CC","D5",6.8,84,"9715",2025-04-11,"2:09",129,"2:11",131,"2:08",128,"",NA,NA,"B","PH","BP",""
"413","2025","Apr",2025-04-16,"Chinook Salmon","fall","BT-3","AC","EH, CC","D7",7.1,85,"A23A",2025-04-11,"2:18",138,"1:51",111,"2:38",158,"",NA,NA,"B","PH","BP",""
"414","2025","Apr",2025-04-16,"Chinook Salmon","fall","BT-3","AC","EH, CC","D8",7.1,86,"9CAE",2025-04-11,"2:04",124,"1:54",114,"1:23",83,"","RT-16","2025-04-17 RT-16",NA,"PH","BP",""
"415","2025","Apr",2025-04-16,"Chinook Salmon","fall","BT-3","EH","AC, CW","D1",7.3,86,"9B67",2025-04-11,"1:33",93,"2:32",152,"1:05",65,"",NA,NA,"B","PH","BP",""
"416","2025","Apr",2025-04-16,"Chinook Salmon","fall","BT-3","EH","AC, CW","D2",7.5,86,"96A6",2025-04-11,"2:27",147,"2:22",142,"1:59",119,"",NA,NA,"B","PH","BP",""
"417","2025","Apr",2025-04-17,"Chinook Salmon","fall","BT-1","AC","NJ, BP, AT, CC","1",9.8,93,"917A",2025-04-11,"1:41",101,"1:33",93,"1:04",64,"","RT-17","2025-04-18 RT-17",NA,"CY","BP",""
"418","2025","Apr",2025-04-17,"Chinook Salmon","fall","BT-1","AC","NJ, BP, AT, CC","2",7.1,86,"9DEA",2025-04-11,"1:33",93,"1:36",96,"2:28",148,"","RT-17","2025-04-18 RT-17",NA,"CY","BP",""
"419","2025","Apr",2025-04-17,"Chinook Salmon","fall","BT-1","AC","NJ, BP, AT, CC","3",9.8,92,"93AA",2025-04-11,"1:35",95,"1:28",88,"1:27",87,"","RT-17","2025-04-18 RT-17",NA,"CY","BP",""
"420","2025","Apr",2025-04-17,"Chinook Salmon","fall","BT-1","AC","NJ, BP, AT, CC","4",7.1,87,"92E4",2025-04-11,"2:26",146,"1:25",85,"1:20",80,"","RT-17","2025-04-18 RT-17",NA,"CY","BP",""
"421","2025","Apr",2025-04-17,"Chinook Salmon","fall","BT-1","AC","NJ, BP, AT, CC","5",8.3,89,"94E4",2025-04-11,"1:11",71,"2:00",120,"1:11",71,"","RT-17","2025-04-18 RT-17",NA,"CY","BP",""
"422","2025","Apr",2025-04-17,"Chinook Salmon","fall","BT-1","AC","NJ, BP, AT, CC","6",8.1,91,"8DAE",2025-04-11,"1:59",119,"1:20",80,"1:13",73,"","RT-17","2025-04-18 RT-17",NA,"CY","BP",""
"423","2025","Apr",2025-04-17,"Chinook Salmon","fall","BT-1","AC","NJ, BP, AT, CC","7",7.6,89,"9AC4",2025-04-11,"2:20",140,"1:27",87,"2:00",120,"","RT-17","2025-04-18 RT-17",NA,"CY","BP",""
"424","2025","Apr",2025-04-17,"Chinook Salmon","fall","BT-1","AC","NJ, BP, AT, CC","8",6.6,85,"96B1",2025-04-11,"2:09",129,"2:18",138,"2:17",137,"","RT-17","2025-04-18 RT-17",NA,"CY","BP",""
"425","2025","Apr",2025-04-17,"Chinook Salmon","fall","BT-1","AC","NJ, BP, AT, CC","9",8.4,90,"922B",2025-04-11,"2:33",153,"1:23",83,"2:06",126,"","RT-17","2025-04-18 RT-17",NA,"CY","BP",""
"426","2025","Apr",2025-04-17,"Chinook Salmon","fall","BT-1","AC","NJ, BP, AT, CC","10",7.2,87,"97BA",2025-04-11,"1:46",106,"1:33",93,"1:12",72,"","RT-17","2025-04-18 RT-17",NA,"CY","BP",""
"427","2025","Apr",2025-04-17,"Chinook Salmon","fall","BT-1","AC","NJ, BP, AT, CC","11",5.2,77,"9162",2025-04-11,"1:40",100,"2:20",140,"2:17",137,"","RT-18","2025-04-18 RT-18",NA,"CY","BP",""
"428","2025","Apr",2025-04-17,"Chinook Salmon","fall","BT-1","AC","NJ, BP, AT, CC","12",7.7,87,"8D4C",2025-04-11,"1:57",117,"1:20",80,"1:31",91,"","RT-18","2025-04-18 RT-18",NA,"CY","BP",""
"429","2025","Apr",2025-04-17,"Chinook Salmon","fall","BT-1","AC","NJ, BP, AT, CC","13",6,83,"9D14",2025-04-11,"2:04",124,"1:30",90,"1:00",60,"","RT-18","2025-04-18 RT-18",NA,"CY","BP",""
"430","2025","Apr",2025-04-17,"Chinook Salmon","fall","BT-1","AC","NJ, BP, AT, CC","14",6.9,86,"916A",2025-04-11,"1:50",110,"1:40",100,"2:07",127,"","RT-18","2025-04-18 RT-18",NA,"CY","BP",""
"431","2025","Apr",2025-04-17,"Chinook Salmon","fall","BT-1","AC","NJ, BP, AT, CC","15",9.4,96,"951A",2025-04-11,"1:58",118,"1:25",85,"1:41",101,"","RT-18","2025-04-18 RT-18",NA,"CY","BP",""
"432","2025","Apr",2025-04-17,"Chinook Salmon","fall","BT-1","AC","NJ, BP, AT, CC","16",8.5,90,"9AC9",2025-04-11,"2:35",155,"1:26",86,"1:01",61,"","RT-18","2025-04-18 RT-18",NA,"CY","BP",""
"433","2025","Apr",2025-04-17,"Chinook Salmon","fall","BT-1","AC","NJ, BP, AT, CC","17",10.3,98,"9AD6",2025-04-11,"2:01",121,"1:12",72,"1:12",72,"","RT-18","2025-04-18 RT-18",NA,"CY","BP",""
"434","2025","Apr",2025-04-17,"Chinook Salmon","fall","BT-1","AC","NJ, BP, AT, CC","18",6.9,88,"9934",2025-04-11,"1:29",89,"1:02",62,"1:31",91,"","RT-18","2025-04-18 RT-18",NA,"CY","BP",""
"435","2025","Apr",2025-04-17,"Chinook Salmon","fall","BT-1","AC","NJ, BP, AT, CC","19",7.4,86,"8DAC",2025-04-11,"2:27",147,"1:35",95,"1:04",64,"","RT-18","2025-04-18 RT-18",NA,"CY","BP",""
"436","2025","Apr",2025-04-17,"Chinook Salmon","fall","BT-1","AC","NJ, BP, AT, CC","20",10,95,"9D8D",2025-04-11,"2:08",128,"1:23",83,"1:22",82,"","RT-18","2025-04-18 RT-18",NA,"CY","BP",""
"437","2025","Apr",2025-04-17,"Chinook Salmon","fall","BT-1","AC","NJ, BP, AT, CC","21",5.9,80,"98B2",2025-04-11,"1:27",87,"1:11",71,"2:00",120,"","RT-19","2025-04-18 RT-19",NA,"CY","BP",""
"438","2025","Apr",2025-04-17,"Chinook Salmon","fall","BT-1","AC","NJ, BP, AT, CC","22",7.6,89,"95AC",2025-04-11,"2:25",145,"1:19",79,"2:00",120,"","RT-19","2025-04-18 RT-19",NA,"CY","BP",""
"439","2025","Apr",2025-04-17,"Chinook Salmon","fall","BT-1","AC","NJ, BP, AT, CC","23",6.3,84,"92C9",2025-04-11,"1:49",109,"1:20",80,"2:10",130,"","RT-19","2025-04-18 RT-19",NA,"CY","BP",""
"440","2025","Apr",2025-04-17,"Chinook Salmon","fall","BT-1","AC","NJ, BP, AT, CC","24",8.1,88,"8DB2",2025-04-11,"2:40",160,"1:34",94,"1:34",94,"","RT-19","2025-04-18 RT-19",NA,"CY","BP",""
"441","2025","Apr",2025-04-17,"Chinook Salmon","fall","BT-1","AC","NJ, BP, AT, CC","25",5.1,79,"9AC8",2025-04-11,"1:45",105,"1:34",94,"1:00",60,"","RT-19","2025-04-18 RT-19",NA,"CY","BP",""
"442","2025","Apr",2025-04-17,"Chinook Salmon","fall","BT-1","AC","NJ, BP, AT, CC","26",11.1,99,"9114",2025-04-11,"2:11",131,"1:20",80,"2:06",126,"","RT-19","2025-04-18 RT-19",NA,"CY","BP",""
"443","2025","Apr",2025-04-17,"Chinook Salmon","fall","BT-1","AC","NJ, BP, AT, CC","27",7.6,90,"93D6",2025-04-11,"2:00",120,"1:11",71,"1:40",100,"","RT-19","2025-04-18 RT-19",NA,"CY","BP",""
"444","2025","Apr",2025-04-17,"Chinook Salmon","fall","BT-1","AC","NJ, BP, AT, CC","28",8.5,92,"9335",2025-04-11,"2:21",141,"2:01",121,"1:08",68,"","RT-19","2025-04-18 RT-19",NA,"CY","BP",""
"445","2025","Apr",2025-04-17,"Chinook Salmon","fall","BT-1","AC","NJ, BP, AT, CC","29",7.8,89,"94E5",2025-04-11,"1:57",117,"1:44",104,"2:09",129,"","RT-19","2025-04-18 RT-19",NA,"CY","BP",""
"446","2025","Apr",2025-04-17,"Chinook Salmon","fall","BT-1","AC","NJ, BP, AT, CC","30",9,94,"92D0",2025-04-11,"1:42",102,"1:13",73,"1:57",117,"","RT-19","2025-04-18 RT-19",NA,"CY","BP",""
"447","2025","Apr",2025-04-17,"Chinook Salmon","fall","BT-1","AC","NJ, BP, AT, CC","31",7.9,88,"9D4C",2025-04-11,"2:23",143,"1:16",76,"2:40",160,"","RT-20","2025-04-18 RT-20",NA,"CY","BP",""
"448","2025","Apr",2025-04-17,"Chinook Salmon","fall","BT-1","AC","NJ, BP, AT, CC","32",6.4,82,"9144",2025-04-11,"1:56",116,"1:24",84,"2:00",120,"","RT-20","2025-04-18 RT-20",NA,"CY","BP",""
"449","2025","Apr",2025-04-17,"Chinook Salmon","fall","BT-1","AC","NJ, BP, AT, CC","33",8.5,90,"909A",2025-04-11,"1:49",109,"1:16",76,"1:52",112,"","RT-20","2025-04-18 RT-20",NA,"CY","BP",""
"450","2025","Apr",2025-04-17,"Chinook Salmon","fall","BT-1","AC","NJ, BP, AT, CC","34",9,92,"97A5",2025-04-11,"2:52",172,"1:13",73,"2:00",120,"","RT-20","2025-04-18 RT-20",NA,"CY","BP",""
"451","2025","Apr",2025-04-17,"Chinook Salmon","fall","BT-1","AC","NJ, BP, AT, CC","35",7,85,"95A1",2025-04-11,"2:22",142,"1:10",70,"3:32",212,"","RT-20","2025-04-18 RT-20",NA,"CY","BP",""
"452","2025","Apr",2025-04-17,"Chinook Salmon","fall","BT-1","AC","NJ, BP, AT, CC","36",7.1,85,"9222",2025-04-11,"2:34",154,"1:15",75,"3:06",186,"","RT-20","2025-04-18 RT-20",NA,"CY","BP",""
"453","2025","Apr",2025-04-17,"Chinook Salmon","fall","BT-1","AC","NJ, BP, AT, CC","37",8.2,91,"94BC",2025-04-11,"2:13",133,"1:18",78,"2:57",177,"","RT-20","2025-04-18 RT-20",NA,"CY","BP",""
"454","2025","Apr",2025-04-17,"Chinook Salmon","fall","BT-1","AC","NJ, BP, AT, CC","38",6.3,83,"9590",2025-04-11,"1:53",113,"1:34",94,"2:30",150,"","RT-20","2025-04-18 RT-20",NA,"CY","BP",""
"455","2025","Apr",2025-04-17,"Chinook Salmon","fall","BT-1","AC","NJ, BP, AT, CC","39",11,98,"9968",2025-04-11,"2:17",137,"1:40",100,"2:45",165,"","RT-20","2025-04-18 RT-20",NA,"CY","BP",""
"456","2025","Apr",2025-04-17,"Chinook Salmon","fall","BT-1","AC","NJ, BP, AT, CC","40",7,87,"94B0",2025-04-11,"1:43",103,"1:34",94,"1:14",74,"","RT-20","2025-04-18 RT-20",NA,"CY","BP",""
"457","2025","Apr",2025-04-17,"Chinook Salmon","fall","BT-1","NJ","AC, BP, AT, CC","41",8.5,93,"9632",2025-04-11,"1:20",80,"2:01",121,"1:48",108,"","RT-21","2025-04-18 RT-21",NA,"CY","BP",""
"458","2025","Apr",2025-04-17,"Chinook Salmon","fall","BT-1","NJ","AC, BP, AT, CC","42",6.8,86,"914B",2025-04-11,"2:23",143,"1:38",98,"2:48",168,"","RT-21","2025-04-18 RT-21",NA,"CY","BP",""
"459","2025","Apr",2025-04-17,"Chinook Salmon","fall","BT-1","NJ","AC, BP, AT, CC","43",10.3,97,"9119",2025-04-11,"2:07",127,"1:47",107,"1:00",60,"","RT-21","2025-04-18 RT-21",NA,"CY","BP",""
"460","2025","Apr",2025-04-17,"Chinook Salmon","fall","BT-1","NJ","AC, BP, AT, CC","44",7.1,86,"9B34",2025-04-11,"1:53",113,"1:28",88,"1:36",96,"","RT-21","2025-04-18 RT-21",NA,"CY","BP",""
"461","2025","Apr",2025-04-17,"Chinook Salmon","fall","BT-1","NJ","AC, BP, AT, CC","45",10.1,95,"9AD1",2025-04-11,"1:39",99,"1:18",78,"1:19",79,"","RT-21","2025-04-18 RT-21",NA,"CY","BP",""
"462","2025","Apr",2025-04-17,"Chinook Salmon","fall","BT-1","NJ","AC, BP, AT, CC","46",7.1,85,"9A88",2025-04-11,"2:52",172,"1:47",107,"2:00",120,"","RT-21","2025-04-18 RT-21",NA,"CY","BP",""
"463","2025","Apr",2025-04-17,"Chinook Salmon","fall","BT-1","NJ","AC, BP, AT, CC","47",8.6,90,"9485",2025-04-11,"1:45",105,"1:20",80,"2:16",136,"","RT-21","2025-04-18 RT-21",NA,"CY","BP",""
"464","2025","Apr",2025-04-17,"Chinook Salmon","fall","BT-1","NJ","AC, BP, AT, CC","48",10,94,"8D4B",2025-04-11,"1:57",117,"1:15",75,"2:14",134,"","RT-21","2025-04-18 RT-21",NA,"CY","BP",""
"465","2025","Apr",2025-04-17,"Chinook Salmon","fall","BT-1","NJ","AC, BP, AT, CC","49",8.2,91,"9521",2025-04-11,"2:00",120,"1:34",94,"1:53",113,"","RT-21","2025-04-18 RT-21",NA,"CY","BP",""
"466","2025","Apr",2025-04-17,"Chinook Salmon","fall","BT-1","NJ","AC, BP, AT, CC","50",6.8,85,"94E6",2025-04-11,"2:27",147,"2:27",147,"1:20",80,"94E6","RT-21","2025-04-18 RT-21",NA,"CY","BP",""
"467","2025","Apr",2025-04-17,"Chinook Salmon","fall","BT-1","NJ","AC, BP, AT, CC","51",8.2,89,"8D5D",2025-04-11,"2:02",122,"2:28",148,"2:18",138,"","RT-22","2025-04-18 RT-22",NA,"CY","BP",""
"468","2025","Apr",2025-04-17,"Chinook Salmon","fall","BT-1","NJ","AC, BP, AT, CC","52",8.8,94,"9A32",2025-04-11,"2:57",177,"1:42",102,"3:20",200,"","RT-22","2025-04-18 RT-22",NA,"CY","BP",""
"469","2025","Apr",2025-04-17,"Chinook Salmon","fall","BT-1","NJ","AC, BP, AT, CC","53",8.3,92,"9374",2025-04-11,"2:21",141,"1:36",96,"2:00",120,"","RT-22","2025-04-18 RT-22",NA,"CY","BP",""
"470","2025","Apr",2025-04-17,"Chinook Salmon","fall","BT-1","NJ","AC, BP, AT, CC","54",7.9,91,"92C8",2025-04-11,"2:54",174,"1:54",114,"3:20",200,"","RT-22","2025-04-18 RT-22",NA,"CY","BP",""
"471","2025","Apr",2025-04-17,"Chinook Salmon","fall","BT-1","NJ","AC, BP, AT, CC","55",10.2,95,"9285",2025-04-11,"3:08",188,"1:33",93,"2:30",150,"","RT-22","2025-04-18 RT-22",NA,"CY","BP",""
"472","2025","Apr",2025-04-17,"Chinook Salmon","fall","BT-1","NJ","AC, BP, AT, CC","56",8.3,93,"94CA",2025-04-11,"2:17",137,"2:06",126,"3:06",186,"","RT-22","2025-04-18 RT-22",NA,"CY","BP",""
"473","2025","Apr",2025-04-17,"Chinook Salmon","fall","BT-1","NJ","AC, BP, AT, CC","57",6.7,85,"9499",2025-04-11,"2:05",125,"1:41",101,"2:00",120,"","RT-22","2025-04-18 RT-22",NA,"CY","BP",""
"474","2025","Apr",2025-04-17,"Chinook Salmon","fall","BT-1","NJ","AC, BP, AT, CC","58",7.5,86,"9D5D",2025-04-11,"2:39",159,"1:37",97,"3:10",190,"","RT-22","2025-04-18 RT-22",NA,"CY","BP",""
"475","2025","Apr",2025-04-17,"Chinook Salmon","fall","BT-1","NJ","AC, BP, AT, CC","59",8,90,"91BA",2025-04-11,"2:18",138,"1:29",89,"2:00",120,"","RT-22","2025-04-18 RT-22",NA,"CY","BP",""
"476","2025","Apr",2025-04-17,"Chinook Salmon","fall","BT-1","NJ","AC, BP, AT, CC","60",7.3,87,"996E",2025-04-11,"2:11",131,"1:39",99,"1:57",117,"","RT-22","2025-04-18 RT-22",NA,"CY","BP",""
"477","2025","Apr",2025-04-17,"Chinook Salmon","fall","BT-1","NJ","AC, BP, AT, CC","61",9.7,97,"94BD",2025-04-11,"2:58",178,"2:13",133,"2:51",171,"","RT-23","2025-04-18 RT-23",NA,"CY","BP",""
"478","2025","Apr",2025-04-17,"Chinook Salmon","fall","BT-1","NJ","AC, BP, AT, CC","62",8.6,90,"95A9",2025-04-11,"2:20",140,"2:10",130,"3:00",180,"","RT-23","2025-04-18 RT-23",NA,"CY","BP",""
"479","2025","Apr",2025-04-17,"Chinook Salmon","fall","BT-1","NJ","AC, BP, AT, CC","63",7.6,86,"92B8",2025-04-11,"2:24",144,"2:12",132,"3:25",205,"","RT-23","2025-04-18 RT-23",NA,"CY","BP",""
"480","2025","Apr",2025-04-17,"Chinook Salmon","fall","BT-1","NJ","AC, BP, AT, CC","64",5.4,80,"93D4",2025-04-11,"2:50",170,"1:29",89,"3:17",197,"","RT-23","2025-04-18 RT-23",NA,"CY","BP",""
"481","2025","Apr",2025-04-17,"Chinook Salmon","fall","BT-1","NJ","AC, BP, AT, CC","65",7.2,86,"91D4",2025-04-11,"2:28",148,"1:15",75,"1:25",85,"","RT-23","2025-04-18 RT-23",NA,"CY","BP",""
"482","2025","Apr",2025-04-17,"Chinook Salmon","fall","BT-1","NJ","AC, BP, AT, CC","66",7,85,"920A",2025-04-11,"2:31",151,"1:31",91,"1:50",110,"","RT-23","2025-04-18 RT-23",NA,"CY","BP",""
"483","2025","Apr",2025-04-17,"Chinook Salmon","fall","BT-1","NJ","AC, BP, AT, CC","67",10,94,"984A",2025-04-11,"1:56",116,"1:24",84,"2:14",134,"","RT-23","2025-04-18 RT-23",NA,"CY","BP",""
"484","2025","Apr",2025-04-17,"Chinook Salmon","fall","BT-1","NJ","AC, BP, AT, CC","68",7.8,85,"94CC",2025-04-11,"1:37",97,"1:32",92,"2:54",174,"","RT-23","2025-04-18 RT-23",NA,"CY","BP",""
"485","2025","Apr",2025-04-17,"Chinook Salmon","fall","BT-1","NJ","AC, BP, AT, CC","69",10,95,"9BD6",2025-04-11,"1:37",97,"1:39",99,"1:01",61,"","RT-23","2025-04-18 RT-23",NA,"CY","BP",""
"486","2025","Apr",2025-04-17,"Chinook Salmon","fall","BT-1","NJ","AC, BP, AT, CC","70",9.1,95,"9936",2025-04-11,"1:36",96,"1:23",83,"1:35",95,"","RT-23","2025-04-18 RT-23",NA,"CY","BP",""
"487","2025","Apr",2025-04-17,"Chinook Salmon","fall","BT-1","NJ","AC, BP, AT, CC","71",9.7,95,"90A2",2025-04-11,"3:25",205,"1:29",89,"3:30",210,"","RT-24","2025-04-18 RT-24",NA,"CY","BP",""
"488","2025","Apr",2025-04-17,"Chinook Salmon","fall","BT-1","NJ","AC, BP, AT, CC","72",9.5,93,"9962",2025-04-11,"1:48",108,"1:49",109,"3:00",180,"","RT-24","2025-04-18 RT-24",NA,"CY","BP",""
"489","2025","Apr",2025-04-17,"Chinook Salmon","fall","BT-1","NJ","AC, BP, AT, CC","73",5.9,80,"94EC",2025-04-11,"2:51",171,"1:51",111,"2:00",120,"","RT-24","2025-04-18 RT-24",NA,"CY","BP",""
"490","2025","Apr",2025-04-17,"Chinook Salmon","fall","BT-1","NJ","AC, BP, AT, CC","74",7.3,88,"9428",2025-04-11,"2:57",177,"1:39",99,"3:02",182,"","RT-24","2025-04-18 RT-24",NA,"CY","BP",""
"491","2025","Apr",2025-04-17,"Chinook Salmon","fall","BT-1","NJ","AC, BP, AT, CC","75",7.6,86,"95EB",2025-04-11,"2:36",156,"1:31",91,"3:07",187,"","RT-24","2025-04-18 RT-24",NA,"CY","BP",""
"492","2025","Apr",2025-04-17,"Chinook Salmon","fall","BT-1","NJ","AC, BP, AT, CC","76",9.8,92,"98EA",2025-04-11,"2:45",165,"1:54",114,"3:00",180,"","RT-24","2025-04-18 RT-24",NA,"CY","BP",""
"493","2025","Apr",2025-04-17,"Chinook Salmon","fall","BT-1","NJ","AC, BP, AT, CC","77",9.1,92,"9ACB",2025-04-11,"2:43",163,"1:42",102,"2:30",150,"","RT-24","2025-04-18 RT-24",NA,"CY","BP",""
"494","2025","Apr",2025-04-17,"Chinook Salmon","fall","BT-1","NJ","AC, BP, AT, CC","78",7.8,88,"949D",2025-04-11,"2:55",175,"1:32",92,"2:40",160,"","RT-24","2025-04-18 RT-24",NA,"CY","BP",""
"495","2025","Apr",2025-04-17,"Chinook Salmon","fall","BT-1","NJ","AC, BP, AT, CC","79",9.6,95,"9AB8",2025-04-11,"2:43",163,"1:22",82,"2:39",159,"","RT-24","2025-04-18 RT-24",NA,"CY","BP",""
"496","2025","Apr",2025-04-17,"Chinook Salmon","fall","BT-1","NJ","AC, BP, AT, CC","80",7,85,"9D7A",2025-04-11,"1:53",113,"1:28",88,"2:45",165,"","RT-24","2025-04-18 RT-24",NA,"CY","BP",""
"497","2025","Apr",2025-04-29,"Chinook Salmon","fall","BT-1","EH","NJ, KB","1",10.5,95,"9D53",2025-04-25,"2:17",137,"2:11",131,"1:30",90,"","RT-1","2025-04-30 RT-1",NA,"CY","SB",""
"498","2025","Apr",2025-04-29,"Chinook Salmon","fall","BT-1","EH","NJ, KB","2",16.4,114,"99D5",2025-04-25,"2:30",150,"2:20",140,"1:45",105,"","RT-1","2025-04-30 RT-1",NA,"CY","SB",""
"499","2025","Apr",2025-04-29,"Chinook Salmon","fall","BT-1","EH","NJ, KB","3",7.5,86,"9489",2025-04-25,"2:16",136,"2:08",128,"1:15",75,"","RT-1","2025-04-30 RT-1",NA,"CY","SB",""
"500","2025","Apr",2025-04-29,"Chinook Salmon","fall","BT-1","EH","NJ, KB","4",13.4,99,"9509",2025-04-25,"3:01",181,"1:50",110,"1:35",95,"","RT-1","2025-04-30 RT-1",NA,"CY","SB",""
"501","2025","Apr",2025-04-29,"Chinook Salmon","fall","BT-1","EH","NJ, KB","5",15.3,110,"906A",2025-04-25,"2:45",165,"2:30",150,"2:20",140,"","RT-1","2025-04-30 RT-1",NA,"CY","SB",""
"502","2025","Apr",2025-04-29,"Chinook Salmon","fall","BT-1","EH","NJ, KB","6",10.9,97,"9A9C",2025-04-25,"2:53",173,"1:58",118,"1:19",79,"","RT-1","2025-04-30 RT-1",NA,"CY","SB",""
"503","2025","Apr",2025-04-29,"Chinook Salmon","fall","BT-1","EH","NJ, KB","7",10.3,99,"9289",2025-04-25,"2:25",145,"2:15",135,"3:00",180,"","RT-1","2025-04-30 RT-1",NA,"CY","SB",""
"504","2025","Apr",2025-04-29,"Chinook Salmon","fall","BT-1","EH","NJ, KB","8",10,95,"9146",2025-04-25,"2:42",162,"2:01",121,"1:10",70,"","RT-1","2025-04-30 RT-1",NA,"CY","SB",""
"505","2025","Apr",2025-04-29,"Chinook Salmon","fall","BT-1","EH","NJ, KB","9",16.9,109,"8DA2",2025-04-25,"3:01",181,"2:31",151,"1:30",90,"","RT-1","2025-04-30 RT-1",NA,"CY","SB",""
"506","2025","Apr",2025-04-29,"Chinook Salmon","fall","BT-1","EH","NJ, KB","10",6.7,85,"90A4",2025-04-25,"2:01",121,"2:02",122,"1:15",75,"","RT-1","2025-04-30 RT-1",NA,"CY","SB",""
"507","2025","Apr",2025-04-29,"Chinook Salmon","fall","BT-1","EH","NJ, KB","11",11.7,100,"94AE",2025-04-25,"2:13",133,"1:58",118,"1:45",105,"","RT-2","2025-04-30 RT-2",NA,"CY","SB",""
"508","2025","Apr",2025-04-29,"Chinook Salmon","fall","BT-1","EH","NJ, KB","12",14.6,105,"9A67",2025-04-25,"2:23",143,"1:55",115,"1:00",60,"","RT-2","2025-04-30 RT-2",NA,"CY","SB",""
"509","2025","Apr",2025-04-29,"Chinook Salmon","fall","BT-1","EH","NJ, KB","13",14.5,106,"8DD5",2025-04-25,"2:44",164,"1:56",116,"1:05",65,"","RT-2","2025-04-30 RT-2",NA,"CY","SB",""
"510","2025","Apr",2025-04-29,"Chinook Salmon","fall","BT-1","EH","NJ, KB","14",10.6,96,"8E9A",2025-04-25,"2:32",152,"2:01",121,"2:06",126,"","RT-2","2025-04-30 RT-2",NA,"CY","SB",""
"511","2025","Apr",2025-04-29,"Chinook Salmon","fall","BT-1","EH","NJ, KB","15",16.1,107,"9974",2025-04-25,"2:21",141,"2:11",131,"1:00",60,"","RT-2","2025-04-30 RT-2",NA,"CY","SB",""
"512","2025","Apr",2025-04-29,"Chinook Salmon","fall","BT-1","EH","NJ, KB","16",10.7,95,"92B2",2025-04-25,"2:38",158,"2:17",137,"1:00",60,"","RT-2","2025-04-30 RT-2",NA,"CY","SB",""
"513","2025","Apr",2025-04-29,"Chinook Salmon","fall","BT-1","EH","NJ, KB","17",13.1,103,"9722",2025-04-25,"3:01",181,"1:56",116,"1:15",75,"","RT-2","2025-04-30 RT-2",NA,"CY","SB",""
"514","2025","Apr",2025-04-29,"Chinook Salmon","fall","BT-1","EH","NJ, KB","18",9.7,97,"9D68",2025-04-25,"4:04",244,"1:55",115,"1:12",72,"long and skinny, crooked incision","RT-2","2025-04-30 RT-2",NA,"CY","SB",""
"515","2025","Apr",2025-04-29,"Chinook Salmon","fall","BT-1","EH","NJ, KB","19",10.3,97,"9D74",2025-04-25,"2:03",123,"2:00",120,"1:00",60,"","RT-2","2025-04-30 RT-2",NA,"CY","SB",""
"516","2025","Apr",2025-04-29,"Chinook Salmon","fall","BT-1","EH","NJ, KB","20",11.7,99,"96EE",2025-04-25,"2:05",125,"2:03",123,"1:06",66,"","RT-2","2025-04-30 RT-2",NA,"CY","SB",""
"517","2025","Apr",2025-04-29,"Chinook Salmon","fall","BT-1","EH","NJ, KB","21",9,91,"9A8C",2025-04-25,"2:24",144,"2:13",133,"1:15",75,"","RT-3","2025-04-30 RT-3",NA,"CY","SB",""
"518","2025","Apr",2025-04-29,"Chinook Salmon","fall","BT-1","EH","NJ, KB","22",8.9,93,"9A54",2025-04-25,"2:35",155,"1:50",110,"1:15",75,"","RT-3","2025-04-30 RT-3",NA,"CY","SB",""
"519","2025","Apr",2025-04-29,"Chinook Salmon","fall","BT-1","EH","NJ, KB","23",10.6,95,"95B4",2025-04-25,"2:27",147,"2:41",161,"1:17",77,"","RT-3","2025-04-30 RT-3",NA,"CY","SB",""
"520","2025","Apr",2025-04-29,"Chinook Salmon","fall","BT-1","EH","NJ, KB","24",13.5,103,"9A90",2025-04-25,"3:24",204,"1:53",113,"1:25",85,"","RT-3","2025-04-30 RT-3",NA,"CY","SB",""
"521","2025","Apr",2025-04-29,"Chinook Salmon","fall","BT-1","EH","NJ, KB","25",12.5,103,"95A0",2025-04-25,"2:46",166,"2:30",150,"1:00",60,"","RT-3","2025-04-30 RT-3",NA,"CY","SB",""
"522","2025","Apr",2025-04-29,"Chinook Salmon","fall","BT-1","EH","NJ, KB","26",14,106,"9299",2025-04-25,"2:49",169,"2:26",146,"1:06",66,"Wake during measurement","RT-3","2025-04-30 RT-3",NA,"CY","SB",""
"523","2025","Apr",2025-04-29,"Chinook Salmon","fall","BT-1","EH","NJ, KB","27",12.8,104,"8F2A",2025-04-25,"2:48",168,"2:02",122,"1:30",90,"","RT-3","2025-04-30 RT-3",NA,"CY","SB",""
"524","2025","Apr",2025-04-29,"Chinook Salmon","fall","BT-1","EH","NJ, KB","28",7.3,85,"9D59",2025-04-25,"2:28",148,"2:24",144,"1:24",84,"","RT-3","2025-04-30 RT-3",NA,"CY","SB",""
"525","2025","Apr",2025-04-29,"Chinook Salmon","fall","BT-1","EH","NJ, KB","29",10,95,"92C6",2025-04-25,"2:57",177,"2:01",121,"2:00",120,"","RT-3","2025-04-30 RT-3",NA,"CY","SB",""
"526","2025","Apr",2025-04-29,"Chinook Salmon","fall","BT-1","EH","NJ, KB","30",13.2,103,"98D6",2025-04-25,"1:52",112,"1:58",118,"1:40",100,"","RT-3","2025-04-30 RT-3",NA,"CY","SB",""
"527","2025","Apr",2025-04-29,"Chinook Salmon","fall","BT-1","EH","NJ, KB","31",15.4,106,"9892",2025-04-25,"1:39",99,"2:09",129,"3:00",180,"","RT-4","2025-04-30 RT-4",NA,"CY","SB",""
"528","2025","Apr",2025-04-29,"Chinook Salmon","fall","BT-1","EH","NJ, KB","32",14.2,104,"96E2",2025-04-25,"2:43",163,"2:01",121,"2:36",156,"","RT-4","2025-04-30 RT-4",NA,"CY","SB",""
"529","2025","Apr",2025-04-29,"Chinook Salmon","fall","BT-1","EH","NJ, KB","33",10.4,96,"9B12",2025-04-25,"2:48",168,"1:57",117,"3:15",195,"","RT-4","2025-04-30 RT-4",NA,"CY","SB",""
"530","2025","Apr",2025-04-29,"Chinook Salmon","fall","BT-1","EH","NJ, KB","34",10.3,96,"9DD5",2025-04-25,"2:17",137,"1:59",119,"1:30",90,"","RT-4","2025-04-30 RT-4",NA,"CY","SB",""
"531","2025","Apr",2025-04-29,"Chinook Salmon","fall","BT-1","EH","NJ, KB","35",10.5,95,"95CD",2025-04-25,"3:36",216,"1:50",110,"1:15",75,"","RT-4","2025-04-30 RT-4",NA,"CY","SB",""
"532","2025","Apr",2025-04-29,"Chinook Salmon","fall","BT-1","EH","NJ, KB","36",9.9,95,"92B1",2025-04-25,"2:06",126,"1:55",115,"3:00",180,"","RT-4","2025-04-30 RT-4",NA,"CY","SB",""
"533","2025","Apr",2025-04-29,"Chinook Salmon","fall","BT-1","EH","NJ, KB","37",10.8,99,"9464",2025-04-25,"2:21",141,"1:59",119,"1:30",90,"","RT-4","2025-04-30 RT-4",NA,"CY","SB",""
"534","2025","Apr",2025-04-29,"Chinook Salmon","fall","BT-1","EH","NJ, KB","38",NA,103,"92B3",2025-04-25,"2:52",172,"2:11",131,"2:30",150,"Scale wouldn't work during measurement","RT-4","2025-04-30 RT-4",NA,"CY","SB",""
"535","2025","Apr",2025-04-29,"Chinook Salmon","fall","BT-1","EH","NJ, KB","39",12.3,103,"9314",2025-04-25,"4:05",245,"2:01",121,"1:00",60,"","RT-4","2025-04-30 RT-4",NA,"CY","SB",""
"536","2025","Apr",2025-04-29,"Chinook Salmon","fall","BT-1","EH","NJ, KB","40",14.8,105,"9D35",2025-04-25,"2:37",157,"1:46",106,"1:31",91,"","RT-4","2025-04-30 RT-4",NA,"CY","SB",""
"537","2025","Apr",2025-04-29,"Chinook Salmon","fall","BT-1","NJ","EH, KB","41",12.2,101,"995B",2025-04-25,"2:12",132,"1:42",102,"2:22",142,"","RT-5","2025-04-30 RT-5",NA,"CY","SB",""
"538","2025","Apr",2025-04-29,"Chinook Salmon","fall","BT-1","NJ","EH, KB","42",7.4,86,"9052",2025-04-25,"1:54",114,"1:34",94,"2:10",130,"","RT-5","2025-04-30 RT-5",NA,"CY","SB",""
"539","2025","Apr",2025-04-29,"Chinook Salmon","fall","BT-1","NJ","EH, KB","43",7.1,86,"8D50",2025-04-25,"1:48",108,"1:44",104,"2:30",150,"","RT-5","2025-04-30 RT-5",NA,"CY","SB",""
"540","2025","Apr",2025-04-29,"Chinook Salmon","fall","BT-1","NJ","EH, KB","44",9.1,96,"90B2",2025-04-25,"1:43",103,"1:40",100,"1:00",60,"","RT-5","2025-04-30 RT-5",NA,"CY","SB",""
"541","2025","Apr",2025-04-29,"Chinook Salmon","fall","BT-1","NJ","EH, KB","45",13.2,102,"963A",2025-04-25,"1:34",94,"1:25",85,"2:37",157,"","RT-5","2025-04-30 RT-5",NA,"CY","SB",""
"542","2025","Apr",2025-04-29,"Chinook Salmon","fall","BT-1","NJ","EH, KB","46",11.8,103,"90B6",2025-04-25,"2:30",150,"1:34",94,"1:38",98,"","RT-5","2025-04-30 RT-5",NA,"CY","SB",""
"543","2025","Apr",2025-04-29,"Chinook Salmon","fall","BT-1","NJ","EH, KB","47",12.1,104,"8DA8",2025-04-25,"2:09",129,"1:49",109,"1:00",60,"","RT-5","2025-04-30 RT-5",NA,"CY","SB",""
"544","2025","Apr",2025-04-29,"Chinook Salmon","fall","BT-1","NJ","EH, KB","48",10.3,99,"95B0",2025-04-25,"2:20",140,"1:46",106,"1:00",60,"","RT-5","2025-04-30 RT-5",NA,"CY","SB",""
"545","2025","Apr",2025-04-29,"Chinook Salmon","fall","BT-1","NJ","EH, KB","49",12.6,101,"9D50",2025-04-25,"1:57",117,"1:34",94,"2:00",120,"","RT-5","2025-04-30 RT-5",NA,"CY","SB",""
"546","2025","Apr",2025-04-29,"Chinook Salmon","fall","BT-1","NJ","EH, KB","50",11.2,100,"9A16",2025-04-25,"1:40",100,"1:34",94,"1:57",117,"","RT-5","2025-04-30 RT-5",NA,"CY","SB",""
"547","2025","Apr",2025-04-29,"Chinook Salmon","fall","BT-1","NJ","EH, KB","51",12.6,103,"95AE",2025-04-25,"1:49",109,"1:36",96,"2:00",120,"","RT-6","2025-04-30 RT-6",NA,"CY","SB",""
"548","2025","Apr",2025-04-29,"Chinook Salmon","fall","BT-1","NJ","EH, KB","52",NA,82,"8D2E",2025-04-25,"2:48",168,"1:28",88,"1:30",90,"Too much wake, scale wouldn't work","RT-6","2025-04-30 RT-6",NA,"CY","SB",""
"549","2025","Apr",2025-04-29,"Chinook Salmon","fall","BT-1","NJ","EH, KB","53",13.1,104,"8D36",2025-04-25,"2:32",152,"1:38",98,"2:00",120,"","RT-6","2025-04-30 RT-6",NA,"CY","SB",""
"550","2025","Apr",2025-04-29,"Chinook Salmon","fall","BT-1","NJ","EH, KB","54",7.6,90,"9492",2025-04-25,"1:26",86,"1:38",98,"1:00",60,"","RT-6","2025-04-30 RT-6",NA,"CY","SB",""
"551","2025","Apr",2025-04-29,"Chinook Salmon","fall","BT-1","NJ","EH, KB","55",10.2,98,"994B",2025-04-25,"2:25",145,"1:46",106,"1:00",60,"FL=98mm","RT-6","2025-04-30 RT-6",NA,"CY","SB",""
"552","2025","Apr",2025-04-29,"Chinook Salmon","fall","BT-1","NJ","EH, KB","56",9,91,"94BA",2025-04-25,"1:40",100,"1:27",87,"1:00",60,"","RT-6","2025-04-30 RT-6",NA,"CY","SB",""
"553","2025","Apr",2025-04-29,"Chinook Salmon","fall","BT-1","NJ","EH, KB","57",9.4,94,"9129",2025-04-25,"2:00",120,"1:44",104,"2:00",120,"","RT-6","2025-04-30 RT-6",NA,"CY","SB",""
"554","2025","Apr",2025-04-29,"Chinook Salmon","fall","BT-1","NJ","EH, KB","58",10.2,99,"9D3A",2025-04-25,"2:00",120,"1:25",85,"2:20",140,"","RT-6","2025-04-30 RT-6",NA,"CY","SB",""
"555","2025","Apr",2025-04-29,"Chinook Salmon","fall","BT-1","NJ","EH, KB","59",8.1,89,"99B5",2025-04-25,"1:57",117,"1:36",96,"2:34",154,"","RT-6","2025-04-30 RT-6",NA,"CY","SB",""
"556","2025","Apr",2025-04-29,"Chinook Salmon","fall","BT-1","NJ","EH, KB","60",15.8,108,"8D6A",2025-04-25,"1:20",80,"1:31",91,"1:14",74,"","RT-6","2025-04-30 RT-6",NA,"CY","SB",""
"557","2025","Apr",2025-04-29,"Chinook Salmon","fall","BT-1","NJ","EH, KB","61",12,102,"9519",2025-04-25,"2:46",166,"1:56",116,"2:00",120,"","RT-7","2025-04-30 RT-7",NA,"CY","SB",""
"558","2025","Apr",2025-04-29,"Chinook Salmon","fall","BT-1","NJ","EH, KB","62",11,103,"8DBA",2025-04-25,"2:29",149,"1:39",99,"1:00",60,"","RT-7","2025-04-30 RT-7",NA,"CY","SB",""
"559","2025","Apr",2025-04-29,"Chinook Salmon","fall","BT-1","NJ","EH, KB","63",13.5,104,"98D2",2025-04-25,"2:12",132,"1:35",95,"2:37",157,"","RT-7","2025-04-30 RT-7",NA,"CY","SB",""
"560","2025","Apr",2025-04-29,"Chinook Salmon","fall","BT-1","NJ","EH, KB","64",11.6,101,"8D46",2025-04-25,"1:37",97,"1:38",98,"1:03",63,"","RT-7","2025-04-30 RT-7",NA,"CY","SB",""
"561","2025","Apr",2025-04-29,"Chinook Salmon","fall","BT-1","NJ","EH, KB","65",12.7,105,"90DA",2025-04-25,"2:05",125,"1:27",87,"1:09",69,"","RT-7","2025-04-30 RT-7",NA,"CY","SB",""
"562","2025","Apr",2025-04-29,"Chinook Salmon","fall","BT-1","NJ","EH, KB","66",12.6,100,"8ECA",2025-04-25,"2:02",122,"1:37",97,"2:00",120,"","RT-7","2025-04-30 RT-7",NA,"CY","SB",""
"563","2025","Apr",2025-04-29,"Chinook Salmon","fall","BT-1","NJ","EH, KB","67",9.8,97,"8EDA",2025-04-25,"1:45",105,"1:35",95,"2:00",120,"","RT-7","2025-04-30 RT-7",NA,"CY","SB",""
"564","2025","Apr",2025-04-29,"Chinook Salmon","fall","BT-1","NJ","EH, KB","68",14.5,106,"92A3",2025-04-25,"1:25",85,"1:21",81,"1:00",60,"","RT-7","2025-04-30 RT-7",NA,"CY","SB",""
"565","2025","Apr",2025-04-29,"Chinook Salmon","fall","BT-1","NJ","EH, KB","69",10.5,102,"90D2",2025-04-25,"1:09",69,"1:46",106,"1:15",75,"","RT-7","2025-04-30 RT-7",NA,"CY","SB",""
"566","2025","Apr",2025-04-29,"Chinook Salmon","fall","BT-1","NJ","EH, KB","70",9.3,91,"9914",2025-04-25,"2:45",165,"1:27",87,"1:09",69,"FL=91mm","RT-7","2025-04-30 RT-7",NA,"CY","SB",""
"567","2025","Apr",2025-04-29,"Chinook Salmon","fall","BT-1","NJ","EH, KB","71",13.6,106,"9375",2025-04-25,"3:20",200,"1:52",112,"3:50",230,"","RT-8","2025-04-30 RT-8",NA,"CY","SB",""
"568","2025","Apr",2025-04-29,"Chinook Salmon","fall","BT-1","NJ","EH, KB","72",12.4,102,"9DD4",2025-04-25,"2:23",143,"1:46",106,"1:14",74,"","RT-8","2025-04-30 RT-8",NA,"CY","SB",""
"569","2025","Apr",2025-04-29,"Chinook Salmon","fall","BT-1","NJ","EH, KB","73",6.7,88,"946E",2025-04-25,"2:26",146,"1:58",118,"3:40",220,"","RT-8","2025-04-30 RT-8",NA,"CY","SB",""
"570","2025","Apr",2025-04-29,"Chinook Salmon","fall","BT-1","NJ","EH, KB","74",12.8,103,"916D",2025-04-25,"2:57",177,"1:38",98,"3:00",180,"","RT-8","2025-04-30 RT-8",NA,"CY","SB",""
"571","2025","Apr",2025-04-29,"Chinook Salmon","fall","BT-1","NJ","EH, KB","75",14.3,105,"9AB7",2025-04-25,"2:52",172,"1:30",90,"1:40",100,"","RT-8","2025-04-30 RT-8",NA,"CY","SB",""
"572","2025","Apr",2025-04-29,"Chinook Salmon","fall","BT-1","NJ","EH, KB","76",8.6,92,"9234",2025-04-25,"2:02",122,"1:35",95,"1:09",69,"Weight unsure, boat waked","RT-8","2025-04-30 RT-8",NA,"CY","SB",""
"573","2025","Apr",2025-04-29,"Chinook Salmon","fall","BT-1","NJ","EH, KB","77",9.1,92,"9152",2025-04-25,"2:20",140,"1:26",86,"1:21",81,"","RT-8","2025-04-30 RT-8",NA,"CY","SB",""
"574","2025","Apr",2025-04-29,"Chinook Salmon","fall","BT-1","NJ","EH, KB","78",10.4,99,"9275",2025-04-25,"2:15",135,"1:46",106,"1:00",60,"","RT-8","2025-04-30 RT-8",NA,"CY","SB",""
"575","2025","Apr",2025-04-29,"Chinook Salmon","fall","BT-1","NJ","EH, KB","79",9.4,95,"9598",2025-04-25,"4:00",240,"1:50",110,"4:15",255,"","RT-8","2025-04-30 RT-8",NA,"CY","SB",""
"576","2025","Apr",2025-04-29,"Chinook Salmon","fall","BT-1","NJ","EH, KB","80",10.5,98,"9AA3",2025-04-25,"2:26",146,"1:31",91,"2:10",130,"","RT-8","2025-04-30 RT-8",NA,"CY","SB",""
"577","2025","Apr",2025-04-30,"Chinook Salmon","fall","BT-3","EH","AC, MC","1",9.3,94,"9AC6",2025-04-25,"2:24",144,"2:17",137,"2:23",143,"","RT-9","2025-05-01 RT-9",NA,"BP","SB",""
"578","2025","Apr",2025-04-30,"Chinook Salmon","fall","BT-3","EH","AC, MC","2",8.1,87,"8D48",2025-04-25,"2:30",150,"2:24",144,"1:30",90,"","RT-9","2025-05-01 RT-9",NA,"BP","SB",""
"579","2025","Apr",2025-04-30,"Chinook Salmon","fall","BT-3","EH","AC, MC","3",15.3,108,"92BA",2025-04-25,"2:32",152,"2:16",136,"1:32",92,"","RT-9","2025-05-01 RT-9",NA,"BP","SB",""
"580","2025","Apr",2025-04-30,"Chinook Salmon","fall","BT-3","EH","AC, MC","4",12.8,100,"99B4",2025-04-25,"2:10",130,"2:03",123,"2:00",120,"","RT-9","2025-05-01 RT-9",NA,"BP","SB",""
"581","2025","Apr",2025-04-30,"Chinook Salmon","fall","BT-3","EH","AC, MC","5",9.8,95,"9D6E",2025-04-25,"3:03",183,"2:01",121,"1:15",75,"","RT-9","2025-05-01 RT-9",NA,"BP","SB",""
"582","2025","Apr",2025-04-30,"Chinook Salmon","fall","BT-3","EH","AC, MC","6",20.4,115,"8D2D",2025-04-25,"2:30",150,"1:56",116,"1:24",84,"","RT-9","2025-05-01 RT-9",NA,"BP","SB","Changed from recovery 1:04 to 1:24"
"583","2025","Apr",2025-04-30,"Chinook Salmon","fall","BT-3","EH","AC, MC","7",6.1,82,"9A34",2025-04-25,"1:39",99,"2:19",139,"1:10",70,"","RT-9","2025-05-01 RT-9",NA,"BP","SB",""
"584","2025","Apr",2025-04-30,"Chinook Salmon","fall","BT-3","EH","AC, MC","8",11.4,99,"9D28",2025-04-25,"2:22",142,"2:14",134,"1:00",60,"","RT-9","2025-05-01 RT-9",NA,"BP","SB",""
"585","2025","Apr",2025-04-30,"Chinook Salmon","fall","BT-3","EH","AC, MC","9",10,96,"93EA",2025-04-25,"2:09",129,"1:44",104,"1:15",75,"","RT-9","2025-05-01 RT-9",NA,"BP","SB",""
"586","2025","Apr",2025-04-30,"Chinook Salmon","fall","BT-3","EH","AC, MC","10",9.7,92,"996B",2025-04-25,"2:00",120,"1:56",116,"1:41",101,"","RT-9","2025-05-01 RT-9",NA,"BP","SB",""
"587","2025","Apr",2025-04-30,"Chinook Salmon","fall","BT-3","EH","AC, MC","11",14.4,106,"9482",2025-04-25,"2:39",159,"1:44",104,"1:15",75,"","RT-10","2025-05-01 RT-10",NA,"BP","SB",""
"588","2025","Apr",2025-04-30,"Chinook Salmon","fall","BT-3","EH","AC, MC","12",10.6,94,"92A1",2025-04-25,"2:04",124,"1:50",110,"1:10",70,"","RT-10","2025-05-01 RT-10",NA,"BP","SB",""
"589","2025","Apr",2025-04-30,"Chinook Salmon","fall","BT-3","EH","AC, MC","13",12.5,100,"94BE",2025-04-25,"2:56",176,"2:00",120,"1:17",77,"","RT-10","2025-05-01 RT-10",NA,"BP","SB",""
"590","2025","Apr",2025-04-30,"Chinook Salmon","fall","BT-3","EH","AC, MC","14",12,101,"9291",2025-04-25,"2:07",127,"2:02",122,"1:10",70,"","RT-10","2025-05-01 RT-10",NA,"BP","SB",""
"591","2025","Apr",2025-04-30,"Chinook Salmon","fall","BT-3","EH","AC, MC","15",11.1,99,"9523",2025-04-25,"2:19",139,"1:59",119,"3:02",182,"","RT-10","2025-05-01 RT-10",NA,"BP","SB",""
"592","2025","Apr",2025-04-30,"Chinook Salmon","fall","BT-3","EH","AC, MC","16",10.3,99,"96B8",2025-04-25,"2:07",127,"2:50",170,"1:50",110,"","RT-10","2025-05-01 RT-10",NA,"BP","SB",""
"593","2025","Apr",2025-04-30,"Chinook Salmon","fall","BT-3","EH","AC, MC","17",15.6,108,"9BEA",2025-04-25,"2:33",153,"2:00",120,"1:00",60,"","RT-10","2025-05-01 RT-10",NA,"BP","SB",""
"594","2025","Apr",2025-04-30,"Chinook Salmon","fall","BT-3","EH","AC, MC","18",9.7,90,"94A6",2025-04-25,"2:11",131,"2:12",132,"3:00",180,"","RT-10","2025-05-01 RT-10",NA,"BP","SB",""
"595","2025","Apr",2025-04-30,"Chinook Salmon","fall","BT-3","EH","AC, MC","19",16.4,110,"92A2",2025-04-25,"2:05",125,"1:52",112,"1:05",65,"","RT-10","2025-05-01 RT-10",NA,"BP","SB",""
"596","2025","Apr",2025-04-30,"Chinook Salmon","fall","BT-3","EH","AC, MC","20",15.1,110,"94B9",2025-04-25,"2:34",154,"1:51",111,"1:50",110,"","RT-10","2025-05-01 RT-10",NA,"BP","SB",""
"597","2025","Apr",2025-04-30,"Chinook Salmon","fall","BT-3","EH","AC, MC","21",10.3,98,"951C",2025-04-25,"1:50",110,"2:02",122,"1:17",77,"","RT-11","2025-05-01 RT-11",NA,"BP","SB",""
"598","2025","Apr",2025-04-30,"Chinook Salmon","fall","BT-3","EH","AC, MC","22",10,95,"946B",2025-04-25,"2:57",177,"1:33",93,"3:30",210,"","RT-11","2025-05-01 RT-11",NA,"BP","SB",""
"599","2025","Apr",2025-04-30,"Chinook Salmon","fall","BT-3","EH","AC, MC","23",9.4,91,"94C6",2025-04-25,"2:14",134,"1:46",106,"2:36",156,"","RT-11","2025-05-01 RT-11",NA,"BP","SB",""
"600","2025","Apr",2025-04-30,"Chinook Salmon","fall","BT-3","EH","AC, MC","24",9.1,94,"9D72",2025-04-25,"2:34",154,"2:11",131,"1:00",60,"","RT-11","2025-05-01 RT-11",NA,"BP","SB",""
"601","2025","Apr",2025-04-30,"Chinook Salmon","fall","BT-3","EH","AC, MC","25",11.8,100,"9D45",2025-04-25,"1:59",119,"1:55",115,"1:15",75,"","RT-11","2025-05-01 RT-11",NA,"BP","SB",""
"602","2025","Apr",2025-04-30,"Chinook Salmon","fall","BT-3","EH","AC, MC","26",8.5,88,"9D2B",2025-04-25,"1:45",105,"1:57",117,"1:40",100,"","RT-11","2025-05-01 RT-11",NA,"BP","SB",""
"603","2025","Apr",2025-04-30,"Chinook Salmon","fall","BT-3","EH","AC, MC","27",7.2,85,"9194",2025-04-25,"3:11",191,"2:03",123,"2:00",120,"","RT-11","2025-05-01 RT-11",NA,"BP","SB",""
"604","2025","Apr",2025-04-30,"Chinook Salmon","fall","BT-3","EH","AC, MC","28",13.2,102,"9A12",2025-04-25,"3:12",192,"1:56",116,"1:05",65,"","RT-11","2025-05-01 RT-11",NA,"BP","SB",""
"605","2025","Apr",2025-04-30,"Chinook Salmon","fall","BT-3","EH","AC, MC","29",6,81,"9D94",2025-04-25,"2:45",165,"1:58",118,"3:30",210,"","RT-11","2025-05-01 RT-11",NA,"BP","SB",""
"606","2025","Apr",2025-04-30,"Chinook Salmon","fall","BT-3","EH","AC, MC","30",8.3,88,"9055",2025-04-25,"1:54",114,"2:20",140,"1:00",60,"","RT-11","2025-05-01 RT-11",NA,"BP","SB",""
"607","2025","Apr",2025-04-30,"Chinook Salmon","fall","BT-3","EH","AC, MC","31",12.8,101,"9228",2025-04-25,"2:26",146,"2:02",122,"1:00",60,"","RT-12","2025-05-01 RT-12",NA,"BP","SB",""
"608","2025","Apr",2025-04-30,"Chinook Salmon","fall","BT-3","EH","AC, MC","32",10,95,"96E6",2025-04-25,"2:25",145,"1:59",119,"3:30",210,"","RT-12","2025-05-01 RT-12",NA,"BP","SB",""
"609","2025","Apr",2025-04-30,"Chinook Salmon","fall","BT-3","EH","AC, MC","33",15.1,105,"9AB3",2025-04-25,"2:11",131,"2:12",132,"2:15",135,"","RT-12","2025-05-01 RT-12",NA,"BP","SB",""
"610","2025","Apr",2025-04-30,"Chinook Salmon","fall","BT-3","EH","AC, MC","34",10.7,96,"94B7",2025-04-25,"2:19",139,"1:56",116,"2:50",170,"","RT-12","2025-05-01 RT-12",NA,"BP","SB",""
"611","2025","Apr",2025-04-30,"Chinook Salmon","fall","BT-3","EH","AC, MC","35",12.8,104,"9156",2025-04-25,"1:47",107,"1:48",108,"1:00",60,"","RT-12","2025-05-01 RT-12",NA,"BP","SB",""
"612","2025","Apr",2025-04-30,"Chinook Salmon","fall","BT-3","EH","AC, MC","36",10.7,96,"95A8",2025-04-25,"1:46",106,"1:57",117,"3:00",180,"","RT-12","2025-05-01 RT-12",NA,"BP","SB",""
"613","2025","Apr",2025-04-30,"Chinook Salmon","fall","BT-3","EH","AC, MC","37",13.4,104,"9656",2025-04-25,"1:58",118,"1:58",118,"2:53",173,"","RT-12","2025-05-01 RT-12",NA,"BP","SB",""
"614","2025","Apr",2025-04-30,"Chinook Salmon","fall","BT-3","EH","AC, MC","38",13,103,"96A8",2025-04-25,"2:06",126,"1:55",115,"1:37",97,"","RT-12","2025-05-01 RT-12",NA,"BP","SB",""
"615","2025","Apr",2025-04-30,"Chinook Salmon","fall","BT-3","EH","AC, MC","39",12.3,100,"9547",2025-04-25,"2:20",140,"2:04",124,"1:04",64,"","RT-12","2025-05-01 RT-12",NA,"BP","SB","Changed Recovery time from 1:40 to 1:04"
"616","2025","Apr",2025-04-30,"Chinook Salmon","fall","BT-3","EH","AC, MC","40",14.1,106,"9468",2025-04-25,"2:02",122,"1:58",118,"1:00",60,"","RT-12","2025-05-01 RT-12",NA,"BP","SB",""
"617","2025","Apr",2025-04-30,"Chinook Salmon","fall","BT-3","AC","EH, MC","41",17.4,114,"8D59",2025-04-25,"1:18",78,"2:21",141,"1:30",90,"","RT-13","2025-05-01 RT-13",NA,"BP","SB",""
"618","2025","Apr",2025-04-30,"Chinook Salmon","fall","BT-3","AC","EH, MC","42",12.2,102,"946C",2025-04-25,"2:58",178,"2:09",129,"1:10",70,"","RT-13","2025-05-01 RT-13",NA,"BP","SB",""
"619","2025","Apr",2025-04-30,"Chinook Salmon","fall","BT-3","AC","EH, MC","43",13,98,"949E",2025-04-25,"2:45",165,"1:34",94,"3:01",181,"","RT-13","2025-05-01 RT-13",NA,"BP","SB",""
"620","2025","Apr",2025-04-30,"Chinook Salmon","fall","BT-3","AC","EH, MC","44",10.5,97,"8D29",2025-04-25,"2:00",120,"1:23",83,"1:02",62,"","RT-13","2025-05-01 RT-13",NA,"BP","SB",""
"621","2025","Apr",2025-04-30,"Chinook Salmon","fall","BT-3","AC","EH, MC","45",15.4,109,"9795",2025-04-25,"2:25",145,"1:26",86,"1:03",63,"","RT-13","2025-05-01 RT-13",NA,"BP","SB",""
"622","2025","Apr",2025-04-30,"Chinook Salmon","fall","BT-3","AC","EH, MC","46",10.9,95,"9D5C",2025-04-25,"1:42",102,"1:31",91,"2:20",140,"","RT-13","2025-05-01 RT-13",NA,"BP","SB",""
"623","2025","Apr",2025-04-30,"Chinook Salmon","fall","BT-3","AC","EH, MC","47",12.1,100,"9264",2025-04-25,"2:16",136,"1:26",86,"2:42",162,"","RT-13","2025-05-01 RT-13",NA,"BP","SB",""
"624","2025","Apr",2025-04-30,"Chinook Salmon","fall","BT-3","AC","EH, MC","48",11.4,101,"94C5",2025-04-25,"1:47",107,"2:04",124,"1:00",60,"","RT-13","2025-05-01 RT-13",NA,"BP","SB",""
"625","2025","Apr",2025-04-30,"Chinook Salmon","fall","BT-3","AC","EH, MC","49",11.8,100,"9BB2",2025-04-25,"2:34",154,"1:39",99,"1:02",62,"","RT-13","2025-05-01 RT-13",NA,"BP","SB",""
"626","2025","Apr",2025-04-30,"Chinook Salmon","fall","BT-3","AC","EH, MC","50",16.2,110,"99DA",2025-04-25,"2:24",144,"1:44",104,"1:34",94,"","RT-13","2025-05-01 RT-13",NA,"BP","SB",""
"627","2025","Apr",2025-04-30,"Chinook Salmon","fall","BT-3","AC","EH, MC","51",13.3,103,"92D9",2025-04-25,"2:11",131,"1:51",111,"3:32",212,"","RT-14","2025-05-01 RT-14",NA,"BP","SB",""
"628","2025","Apr",2025-04-30,"Chinook Salmon","fall","BT-3","AC","EH, MC","52",11.1,100,"949A",2025-04-25,"2:24",144,"1:15",75,"2:57",177,"","RT-14","2025-05-01 RT-14",NA,"BP","SB",""
"629","2025","Apr",2025-04-30,"Chinook Salmon","fall","BT-3","AC","EH, MC","53",8.5,90,"9689",2025-04-25,"2:08",128,"1:30",90,"2:47",167,"","RT-14","2025-05-01 RT-14",NA,"BP","SB",""
"630","2025","Apr",2025-04-30,"Chinook Salmon","fall","BT-3","AC","EH, MC","54",10.2,95,"9094",2025-04-25,"1:58",118,"1:33",93,"2:22",142,"","RT-14","2025-05-01 RT-14",NA,"BP","SB",""
"631","2025","Apr",2025-04-30,"Chinook Salmon","fall","BT-3","AC","EH, MC","55",12.5,102,"949C",2025-04-25,"2:06",126,"1:21",81,"2:38",158,"","RT-14","2025-05-01 RT-14",NA,"BP","SB",""
"632","2025","Apr",2025-04-30,"Chinook Salmon","fall","BT-3","AC","EH, MC","56",16.1,108,"9765",2025-04-25,"1:49",109,"1:35",95,"1:02",62,"","RT-14","2025-05-01 RT-14",NA,"BP","SB",""
"633","2025","Apr",2025-04-30,"Chinook Salmon","fall","BT-3","AC","EH, MC","57",11.5,100,"96BC",2025-04-25,"2:21",141,"1:22",82,"2:27",147,"","RT-14","2025-05-01 RT-14",NA,"BP","SB",""
"634","2025","Apr",2025-04-30,"Chinook Salmon","fall","BT-3","AC","EH, MC","58",9.7,94,"926D",2025-04-25,"1:48",108,"2:49",169,"2:00",120,"","RT-14","2025-05-01 RT-14",NA,"BP","SB",""
"635","2025","Apr",2025-04-30,"Chinook Salmon","fall","BT-3","AC","EH, MC","59",7.4,87,"915B",2025-04-25,"3:10",190,"1:29",89,"2:58",178,"","RT-14","2025-05-01 RT-14",NA,"BP","SB",""
"636","2025","Apr",2025-04-30,"Chinook Salmon","fall","BT-3","AC","EH, MC","60",12.9,103,"91D5",2025-04-25,"2:01",121,"1:35",95,"1:00",60,"","RT-14","2025-05-01 RT-14",NA,"BP","SB",""
"637","2025","Apr",2025-04-30,"Chinook Salmon","fall","BT-3","AC","EH, MC","61",8.5,90,"99EA",2025-04-25,"2:18",138,"1:36",96,"3:54",234,"","RT-15","2025-05-01 RT-15",NA,"BP","SB",""
"638","2025","Apr",2025-04-30,"Chinook Salmon","fall","BT-3","AC","EH, MC","62",8.7,91,"94D0",2025-04-25,"2:11",131,"1:18",78,"3:26",206,"","RT-15","2025-05-01 RT-15",NA,"BP","SB",""
"639","2025","Apr",2025-04-30,"Chinook Salmon","fall","BT-3","AC","EH, MC","63",10,95,"9928",2025-04-25,"2:17",137,"1:20",80,"2:48",168,"","RT-15","2025-05-01 RT-15",NA,"BP","SB",""
"640","2025","Apr",2025-04-30,"Chinook Salmon","fall","BT-3","AC","EH, MC","64",14.6,106,"94F5",2025-04-25,"1:49",109,"1:26",86,"2:41",161,"","RT-15","2025-05-01 RT-15",NA,"BP","SB",""
"641","2025","Apr",2025-04-30,"Chinook Salmon","fall","BT-3","AC","EH, MC","65",10.8,98,"8EEA",2025-04-25,"1:55",115,"1:19",79,"1:28",88,"","RT-15","2025-05-01 RT-15",NA,"BP","SB",""
"642","2025","Apr",2025-04-30,"Chinook Salmon","fall","BT-3","AC","EH, MC","66",14.2,105,"9165",2025-04-25,"1:46",106,"1:32",92,"2:40",160,"","RT-15","2025-05-01 RT-15",NA,"BP","SB",""
"643","2025","Apr",2025-04-30,"Chinook Salmon","fall","BT-3","AC","EH, MC","67",12.7,104,"96A9",2025-04-25,"1:41",101,"1:27",87,"2:29",149,"","RT-15","2025-05-01 RT-15",NA,"BP","SB",""
"644","2025","Apr",2025-04-30,"Chinook Salmon","fall","BT-3","AC","EH, MC","68",11.5,100,"8D52",2025-04-25,"2:10",130,"1:09",69,"2:56",176,"","RT-15","2025-05-01 RT-15",NA,"BP","SB",""
"645","2025","Apr",2025-04-30,"Chinook Salmon","fall","BT-3","AC","EH, MC","69",9.8,96,"92DA",2025-04-25,"1:34",94,"1:28",88,"3:02",182,"","RT-15","2025-05-01 RT-15",NA,"BP","SB",""
"646","2025","Apr",2025-04-30,"Chinook Salmon","fall","BT-3","AC","EH, MC","70",10.9,99,"96EC",2025-04-25,"2:01",121,"1:54",114,"2:32",152,"","RT-15","2025-05-01 RT-15",NA,"BP","SB",""
"647","2025","Apr",2025-04-30,"Chinook Salmon","fall","BT-3","AC","EH, MC","71",15.5,107,"9894",2025-04-25,"2:15",135,"1:30",90,"2:45",165,"","RT-16","2025-05-01 RT-16",NA,"BP","SB",""
"648","2025","Apr",2025-04-30,"Chinook Salmon","fall","BT-3","AC","EH, MC","72",11.4,97,"96DE",2025-04-25,"1:15",75,"1:28",88,"3:10",190,"","RT-16","2025-05-01 RT-16",NA,"BP","SB",""
"649","2025","Apr",2025-04-30,"Chinook Salmon","fall","BT-3","AC","EH, MC","73",12.3,102,"96CB",2025-04-25,"2:03",123,"1:38",98,"1:04",64,"","RT-16","2025-05-01 RT-16",NA,"BP","SB",""
"650","2025","Apr",2025-04-30,"Chinook Salmon","fall","BT-3","AC","EH, MC","74",13.4,104,"9214",2025-04-25,"2:55",175,"1:41",101,"2:57",177,"Estimate weight, lots of boat movement","RT-16","2025-05-01 RT-16",NA,"BP","SB","Changed weight from 14.4 to 13.4"
"651","2025","Apr",2025-04-30,"Chinook Salmon","fall","BT-3","AC","EH, MC","75",7.9,90,"8F52",2025-04-25,"1:59",119,"1:26",86,"2:45",165,"","RT-16","2025-05-01 RT-16",NA,"BP","SB","Changed weight from 79 to 7.9, changed length from 9 to 90"
"652","2025","Apr",2025-04-30,"Chinook Salmon","fall","BT-3","AC","EH, MC","76",6.5,83,"91B5",2025-04-25,"1:56",116,"1:41",101,"2:59",179,"","RT-16","2025-05-01 RT-16",NA,"BP","SB",""
"653","2025","Apr",2025-04-30,"Chinook Salmon","fall","BT-3","AC","EH, MC","77",11.2,98,"9D75",2025-04-25,"1:12",72,"1:31",91,"3:30",210,"","RT-16","2025-05-01 RT-16",NA,"BP","SB",""
"654","2025","Apr",2025-04-30,"Chinook Salmon","fall","BT-3","AC","EH, MC","78",14.5,104,"8D49",2025-04-25,"2:12",132,"1:52",112,"2:00",120,"","RT-16","2025-05-01 RT-16",NA,"BP","SB",""
"655","2025","Apr",2025-04-30,"Chinook Salmon","fall","BT-3","AC","EH, MC","79",12.1,105,"9CB4",2025-04-25,"2:03",123,"1:32",92,"1:24",84,"","RT-16","2025-05-01 RT-16",NA,"BP","SB",""
"656","2025","Apr",2025-04-30,"Chinook Salmon","fall","BT-3","AC","EH, MC","80",11.1,97,"94C8",2025-04-25,"1:25",85,"1:49",109,"2:20",140,"","RT-16","2025-05-01 RT-16",NA,"BP","SB",""
"657","2025","May",2025-05-01,"Chinook Salmon","fall","BT-5","AC","EH, AT","1",12.6,101,"94A2",2025-04-25,"1:46",106,"1:45",105,"3:00",180,"","RT-17","2025-05-02 RT-17",NA,"PH","SB",""
"658","2025","May",2025-05-01,"Chinook Salmon","fall","BT-5","AC","EH, AT","2",10.3,98,"9172",2025-04-25,"1:40",100,"1:41",101,"2:49",169,"","RT-17","2025-05-02 RT-17",NA,"PH","SB",""
"659","2025","May",2025-05-01,"Chinook Salmon","fall","BT-5","AC","EH, AT","3",15.4,110,"916B",2025-04-25,"2:28",148,"1:11",71,"2:30",150,"","RT-17","2025-05-02 RT-17",NA,"PH","SB",""
"660","2025","May",2025-05-01,"Chinook Salmon","fall","BT-5","AC","EH, AT","4",12.2,99,"9136",2025-04-25,"1:17",77,"1:26",86,"1:12",72,"","RT-17","2025-05-02 RT-17",NA,"PH","SB",""
"661","2025","May",2025-05-01,"Chinook Salmon","fall","BT-5","AC","EH, AT","5",10.9,99,"9D6D",2025-04-25,"1:28",88,"1:16",76,"1:37",97,"","RT-17","2025-05-02 RT-17",NA,"PH","SB",""
"662","2025","May",2025-05-01,"Chinook Salmon","fall","BT-5","AC","EH, AT","6",13,105,"9462",2025-04-25,"1:52",112,"1:23",83,"2:38",158,"","RT-17","2025-05-02 RT-17",NA,"PH","SB",""
"663","2025","May",2025-05-01,"Chinook Salmon","fall","BT-5","AC","EH, AT","7",15.5,98,"9472",2025-04-25,"2:01",121,"1:31",91,"2:21",141,"","RT-17","2025-05-02 RT-17",NA,"PH","SB",""
"664","2025","May",2025-05-01,"Chinook Salmon","fall","BT-5","AC","EH, AT","8",12.2,100,"92B7",2025-04-25,"2:08",128,"1:16",76,"2:30",150,"","RT-17","2025-05-02 RT-17",NA,"PH","SB",""
"665","2025","May",2025-05-01,"Chinook Salmon","fall","BT-5","AC","EH, AT","9",12.7,99,"912B",2025-04-25,"2:07",127,"1:42",102,"3:12",192,"","RT-17","2025-05-02 RT-17",NA,"PH","SB",""
"666","2025","May",2025-05-01,"Chinook Salmon","fall","BT-5","AC","EH, AT","10",12.8,103,"942B",2025-04-25,"1:54",114,"1:32",92,"1:54",114,"","RT-17","2025-05-02 RT-17",NA,"PH","SB",""
"667","2025","May",2025-05-01,"Chinook Salmon","fall","BT-5","AC","EH, AT","11",12.2,99,"90B4",2025-04-25,"2:12",132,"1:22",82,"2:58",178,"","RT-18","2025-05-02 RT-18",NA,"PH","SB",""
"668","2025","May",2025-05-01,"Chinook Salmon","fall","BT-5","AC","EH, AT","12",11.4,97,"9491",2025-04-25,"1:58",118,"1:42",102,"2:26",146,"","RT-18","2025-05-02 RT-18",NA,"PH","SB",""
"669","2025","May",2025-05-01,"Chinook Salmon","fall","BT-5","AC","EH, AT","13",10.3,96,"914A",2025-04-25,"2:14",134,"1:10",70,"2:50",170,"","RT-18","2025-05-02 RT-18",NA,"PH","SB",""
"670","2025","May",2025-05-01,"Chinook Salmon","fall","BT-5","AC","EH, AT","14",12.8,104,"9A84",2025-04-25,"2:01",121,"1:21",81,"3:19",199,"","RT-18","2025-05-02 RT-18",NA,"PH","SB",""
"671","2025","May",2025-05-01,"Chinook Salmon","fall","BT-5","AC","EH, AT","15",17.3,110,"92CC",2025-04-25,"1:21",81,"1:54",114,"1:27",87,"","RT-18","2025-05-02 RT-18",NA,"PH","SB",""
"672","2025","May",2025-05-01,"Chinook Salmon","fall","BT-5","AC","EH, AT","16",11.3,101,"9A14",2025-04-25,"2:31",151,"1:22",82,"1:47",107,"","RT-18","2025-05-02 RT-18",NA,"PH","SB",""
"673","2025","May",2025-05-01,"Chinook Salmon","fall","BT-5","AC","EH, AT","17",17.2,112,"8D8A",2025-04-25,"1:36",96,"1:22",82,"2:32",152,"","RT-18","2025-05-02 RT-18",NA,"PH","SB",""
"674","2025","May",2025-05-01,"Chinook Salmon","fall","BT-5","AC","EH, AT","18",10.8,96,"9AC5",2025-04-25,"1:54",114,"1:21",81,"3:00",180,"","RT-18","2025-05-02 RT-18",NA,"PH","SB",""
"675","2025","May",2025-05-01,"Chinook Salmon","fall","BT-5","AC","EH, AT","19",18.9,116,"9282",2025-04-25,"2:22",142,"1:36",96,"2:28",148,"","RT-18","2025-05-02 RT-18",NA,"PH","SB",""
"676","2025","May",2025-05-01,"Chinook Salmon","fall","BT-5","AC","EH, AT","20",10,95,"90AA",2025-04-25,"1:47",107,"1:20",80,"2:45",165,"","RT-18","2025-05-02 RT-18",NA,"PH","SB",""
"677","2025","May",2025-05-01,"Chinook Salmon","fall","BT-5","AC","EH, AT","21",9.1,93,"91DA",2025-04-25,"1:57",117,"1:30",90,"2:36",156,"","RT-19","2025-05-02 RT-19",NA,"PH","SB",""
"678","2025","May",2025-05-01,"Chinook Salmon","fall","BT-5","AC","EH, AT","22",11.4,97,"94D9",2025-04-25,"1:20",80,"1:17",77,"2:31",151,"","RT-19","2025-05-02 RT-19",NA,"PH","SB",""
"679","2025","May",2025-05-01,"Chinook Salmon","fall","BT-5","AC","EH, AT","23",8.6,92,"94A1",2025-04-25,"1:29",89,"1:20",80,"1:40",100,"","RT-19","2025-05-02 RT-19",NA,"PH","SB",""
"680","2025","May",2025-05-01,"Chinook Salmon","fall","BT-5","AC","EH, AT","24",9,93,"9528",2025-04-25,"1:43",103,"1:14",74,"2:39",159,"","RT-19","2025-05-02 RT-19",NA,"PH","SB",""
"681","2025","May",2025-05-01,"Chinook Salmon","fall","BT-5","AC","EH, AT","25",8.3,94,"9494",2025-04-25,"1:51",111,"1:35",95,"1:55",115,"","RT-19","2025-05-02 RT-19",NA,"PH","SB",""
"682","2025","May",2025-05-01,"Chinook Salmon","fall","BT-5","AC","EH, AT","26",6.7,85,"8D53",2025-04-25,"2:07",127,"1:54",114,"2:45",165,"","RT-19","2025-05-02 RT-19",NA,"PH","SB",""
"683","2025","May",2025-05-01,"Chinook Salmon","fall","BT-5","AC","EH, AT","27",10.6,96,"911A",2025-04-25,"2:46",166,"1:31",91,"2:57",177,"","RT-19","2025-05-02 RT-19",NA,"PH","SB",""
"684","2025","May",2025-05-01,"Chinook Salmon","fall","BT-5","AC","EH, AT","28",8.4,93,"9948",2025-04-25,"1:52",112,"1:15",75,"2:42",162,"","RT-19","2025-05-02 RT-19",NA,"PH","SB",""
"685","2025","May",2025-05-01,"Chinook Salmon","fall","BT-5","AC","EH, AT","29",12.3,102,"9CD6",2025-04-25,"2:14",134,"1:12",72,"2:38",158,"","RT-19","2025-05-02 RT-19",NA,"PH","SB",""
"686","2025","May",2025-05-01,"Chinook Salmon","fall","BT-5","AC","EH, AT","30",6.9,85,"93CA",2025-04-25,"1:44",104,"1:50",110,"1:39",99,"","RT-19","2025-05-02 RT-19",NA,"PH","SB",""
"687","2025","May",2025-05-01,"Chinook Salmon","fall","BT-5","AC","EH, AT","31",15.2,106,"9972",2025-04-25,"1:54",114,"1:45",105,"1:00",60,"","RT-20","2025-05-02 RT-20",NA,"PH","SB",""
"688","2025","May",2025-05-01,"Chinook Salmon","fall","BT-5","AC","EH, AT","32",13.1,103,"926C",2025-04-25,"2:01",121,"1:21",81,"2:27",147,"","RT-20","2025-05-02 RT-20",NA,"PH","SB",""
"689","2025","May",2025-05-01,"Chinook Salmon","fall","BT-5","AC","EH, AT","33",8.9,94,"8E56",2025-04-25,"1:40",100,"1:19",79,"1:00",60,"","RT-20","2025-05-02 RT-20",NA,"PH","SB",""
"690","2025","May",2025-05-01,"Chinook Salmon","fall","BT-5","AC","EH, AT","34",9.1,91,"942A",2025-04-25,"1:59",119,"1:40",100,"3:00",180,"","RT-20","2025-05-02 RT-20",NA,"PH","SB",""
"691","2025","May",2025-05-01,"Chinook Salmon","fall","BT-5","AC","EH, AT","35",10,96,"9348",2025-04-25,"2:34",154,"1:54",114,"1:00",60,"","RT-20","2025-05-02 RT-20",NA,"PH","SB",""
"692","2025","May",2025-05-01,"Chinook Salmon","fall","BT-5","AC","EH, AT","36",14.5,110,"993A",2025-04-25,"2:31",151,"1:46",106,"2:57",177,"","RT-20","2025-05-02 RT-20",NA,"PH","SB",""
"693","2025","May",2025-05-01,"Chinook Salmon","fall","BT-5","AC","EH, AT","37",12.8,101,"9357",2025-04-25,"1:44",104,"1:43",103,"2:30",150,"","RT-20","2025-05-02 RT-20",NA,"PH","SB",""
"694","2025","May",2025-05-01,"Chinook Salmon","fall","BT-5","AC","EH, AT","38",13.9,106,"916C",2025-04-25,"2:19",139,"1:40",100,"2:00",120,"","RT-20","2025-05-02 RT-20",NA,"PH","SB",""
"695","2025","May",2025-05-01,"Chinook Salmon","fall","BT-5","AC","EH, AT","39",10.9,100,"905A",2025-04-25,"1:57",117,"1:20",80,"1:27",87,"","RT-20","2025-05-02 RT-20",NA,"PH","SB",""
"696","2025","May",2025-05-01,"Chinook Salmon","fall","BT-5","AC","EH, AT","40",15.8,109,"9229",2025-04-25,"2:13",133,"1:16",76,"1:20",80,"","RT-20","2025-05-02 RT-20",NA,"PH","SB",""
"697","2025","May",2025-05-01,"Chinook Salmon","fall","BT-5","EH","AC, CC","41",9,95,"9294",2025-04-25,"1:30",90,"1:50",110,"1:57",117,"","RT-21","2025-05-02 RT-21",NA,"PH","SB",""
"698","2025","May",2025-05-01,"Chinook Salmon","fall","BT-5","EH","AC, CC","42",13,103,"99D2",2025-04-25,"2:06",126,"1:56",116,"3:18",198,"","RT-21","2025-05-02 RT-21",NA,"PH","SB","Changed weight from 12 to 13"
"699","2025","May",2025-05-01,"Chinook Salmon","fall","BT-5","EH","AC, CC","43",15.1,109,"9168",2025-04-25,"2:31",151,"2:00",120,"1:20",80,"","RT-21","2025-05-02 RT-21",NA,"PH","SB",""
"700","2025","May",2025-05-01,"Chinook Salmon","fall","BT-5","EH","AC, CC","44",NA,109,"97B5",2025-04-25,"2:39",159,"1:57",117,"2:00",120,"No weight - boat moving too much ","RT-21","2025-05-02 RT-21",NA,"PH","SB",""
"701","2025","May",2025-05-01,"Chinook Salmon","fall","BT-5","EH","AC, CC","45",16.2,111,"9915",2025-04-25,"4:21",261,"1:58",118,"1:50",110,"","RT-21","2025-05-02 RT-21",NA,"PH","SB",""
"702","2025","May",2025-05-01,"Chinook Salmon","fall","BT-5","EH","AC, CC","46",NA,92,"8ED5",2025-04-25,"1:40",100,"1:57",117,"1:25",85,"No weight - scale malfunction ","RT-21","2025-05-02 RT-21",NA,"PH","SB",""
"703","2025","May",2025-05-01,"Chinook Salmon","fall","BT-5","EH","AC, CC","47",14.7,105,"92C5",2025-04-25,"2:40",160,"1:40",100,"2:44",164,"","RT-21","2025-05-02 RT-21",NA,"PH","SB",""
"704","2025","May",2025-05-01,"Chinook Salmon","fall","BT-5","EH","AC, CC","48",14.1,106,"9946",2025-04-25,"2:00",120,"1:45",105,"2:23",143,"","RT-21","2025-05-02 RT-21",NA,"PH","SB",""
"705","2025","May",2025-05-01,"Chinook Salmon","fall","BT-5","EH","AC, CC","49",13.3,103,"93D2",2025-04-25,"1:57",117,"1:40",100,"2:30",150,"","RT-21","2025-05-02 RT-21",NA,"PH","SB",""
"706","2025","May",2025-05-01,"Chinook Salmon","fall","BT-5","EH","AC, CC","50",9.6,93,"8D57",2025-04-25,"1:53",113,"1:46",106,"1:50",110,"","RT-21","2025-05-02 RT-21",NA,"PH","SB",""
"707","2025","May",2025-05-01,"Chinook Salmon","fall","BT-5","EH","AC, CC","51",12.5,101,"9AD0",2025-04-25,"2:01",121,"1:51",111,"2:01",121,"","RT-22","2025-05-02 RT-22",NA,"PH","SB",""
"708","2025","May",2025-05-01,"Chinook Salmon","fall","BT-5","EH","AC, CC","52",13.8,107,"8D6C",2025-04-25,"2:12",132,"2:00",120,"1:24",84,"","RT-22","2025-05-02 RT-22",NA,"PH","SB",""
"709","2025","May",2025-05-01,"Chinook Salmon","fall","BT-5","EH","AC, CC","53",11.3,98,"9635",2025-04-25,"2:19",139,"1:42",102,"1:30",90,"","RT-22","2025-05-02 RT-22",NA,"PH","SB",""
"710","2025","May",2025-05-01,"Chinook Salmon","fall","BT-5","EH","AC, CC","54",10.7,99,"94A3",2025-04-25,"2:31",151,"1:43",103,"3:00",180,"","RT-22","2025-05-02 RT-22",NA,"PH","SB",""
"711","2025","May",2025-05-01,"Chinook Salmon","fall","BT-5","EH","AC, CC","55",11.2,97,"98A4",2025-04-25,"2:33",153,"1:58",118,"2:20",140,"","RT-22","2025-05-02 RT-22",NA,"PH","SB",""
"712","2025","May",2025-05-01,"Chinook Salmon","fall","BT-5","EH","AC, CC","56",10.4,95,"97B2",2025-04-25,"1:41",101,"1:58",118,"1:50",110,"","RT-22","2025-05-02 RT-22",NA,"PH","SB",""
"713","2025","May",2025-05-01,"Chinook Salmon","fall","BT-5","EH","AC, CC","57",9.7,95,"91A2",2025-04-25,"2:29",149,"1:55",115,"2:52",172,"","RT-22","2025-05-02 RT-22",NA,"PH","SB",""
"714","2025","May",2025-05-01,"Chinook Salmon","fall","BT-5","EH","AC, CC","58",18.3,109,"9950",2025-04-25,"2:30",150,"2:08",128,"2:56",176,"","RT-22","2025-05-02 RT-22",NA,"PH","SB",""
"715","2025","May",2025-05-01,"Chinook Salmon","fall","BT-5","EH","AC, CC","59",11.5,99,"94AC",2025-04-25,"2:23",143,"1:55",115,"1:43",103,"","RT-22","2025-05-02 RT-22",NA,"PH","SB",""
"716","2025","May",2025-05-01,"Chinook Salmon","fall","BT-5","EH","AC, CC","60",11.5,99,"979A",2025-04-25,"1:59",119,"2:03",123,"2:40",160,"","RT-22","2025-05-02 RT-22",NA,"PH","SB",""
"717","2025","May",2025-05-01,"Chinook Salmon","fall","BT-5","EH","AC, CC","61",12.1,100,"9153",2025-04-25,"1:40",100,"1:54",114,"1:30",90,"","RT-23","2025-05-02 RT-23",NA,"PH","SB",""
"718","2025","May",2025-05-01,"Chinook Salmon","fall","BT-5","EH","AC, CC","62",16.1,110,"9DB5",2025-04-25,"2:05",125,"1:58",118,"3:01",181,"","RT-23","2025-05-02 RT-23",NA,"PH","SB",""
"719","2025","May",2025-05-01,"Chinook Salmon","fall","BT-5","EH","AC, CC","63",10.3,98,"92B6",2025-04-25,"2:43",163,"2:04",124,"2:40",160,"","RT-23","2025-05-02 RT-23",NA,"PH","SB",""
"720","2025","May",2025-05-01,"Chinook Salmon","fall","BT-5","EH","AC, CC","64",13.7,104,"9469",2025-04-25,"2:28",148,"1:45",105,"2:35",155,"","RT-23","2025-05-02 RT-23",NA,"PH","SB",""
"721","2025","May",2025-05-01,"Chinook Salmon","fall","BT-5","EH","AC, CC","65",NA,105,"997A",2025-04-25,"2:32",152,"1:43",103,"1:13",73,"No weight - scale malfunction ","RT-23","2025-05-02 RT-23",NA,"PH","SB","no weight - scale malfunction"
"722","2025","May",2025-05-01,"Chinook Salmon","fall","BT-5","EH","AC, CC","66",11.6,97,"9578",2025-04-25,"1:51",111,"1:47",107,"2:37",157,"","RT-23","2025-05-02 RT-23",NA,"PH","SB",""
"723","2025","May",2025-05-01,"Chinook Salmon","fall","BT-5","EH","AC, CC","67",14.5,109,"9A2E",2025-04-25,"1:41",101,"1:43",103,"3:00",180,"","RT-23","2025-05-02 RT-23",NA,"PH","SB",""
"724","2025","May",2025-05-01,"Chinook Salmon","fall","BT-5","EH","AC, CC","68",12.7,101,"9096",2025-04-25,"1:27",87,"1:53",113,"2:52",172,"","RT-23","2025-05-02 RT-23",NA,"PH","SB",""
"725","2025","May",2025-05-01,"Chinook Salmon","fall","BT-5","EH","AC, CC","69",14,108,"93A8",2025-04-25,"2:11",131,"1:49",109,"2:12",132,"","RT-23","2025-05-02 RT-23",NA,"PH","SB",""
"726","2025","May",2025-05-01,"Chinook Salmon","fall","BT-5","EH","AC, CC","70",16,108,"9D51",2025-04-25,"1:49",109,"1:45",105,"1:00",60,"","RT-23","2025-05-02 RT-23",NA,"PH","SB",""
"727","2025","May",2025-05-01,"Chinook Salmon","fall","BT-5","EH, ","BP, CC","71",7.3,86,"8D62",2025-04-25,"1:32",92,"1:58",118,"2:21",141,"","RT-24","2025-05-02 RT-24",NA,"PH","SB",""
"728","2025","May",2025-05-01,"Chinook Salmon","fall","BT-5","EH, ","BP, CC","72",6.2,80,"996C",2025-04-25,"2:32",152,"2:01",121,"2:06",126,"","RT-24","2025-05-02 RT-24",NA,"PH","SB",""
"729","2025","May",2025-05-01,"Chinook Salmon","fall","BT-5","EH, ","BP, CC","73",13.1,104,"9132",2025-04-25,"2:20",140,"1:55",115,"1:00",60,"","RT-24","2025-05-02 RT-24",NA,"PH","SB",""
"730","2025","May",2025-05-01,"Chinook Salmon","fall","BT-5","EH, ","BP, CC","74",NA,98,"94DC",2025-04-25,"2:51",171,"1:37",97,"2:05",125,"No weight - scale malfunction ","RT-24","2025-05-02 RT-24",NA,"PH","SB",""
"731","2025","May",2025-05-01,"Chinook Salmon","fall","BT-5","EH, ","BP, CC","75",5.9,83,"9964",2025-04-25,"2:14",134,"2:30",150,"1:00",60,"","RT-24","2025-05-02 RT-24",NA,"PH","SB",""
"732","2025","May",2025-05-01,"Chinook Salmon","fall","BT-5","EH, ","BP, CC","76",16.6,109,"90A8",2025-04-25,"1:42",102,"1:37",97,"1:00",60,"","RT-24","2025-05-02 RT-24",NA,"PH","SB",""
"733","2025","May",2025-05-01,"Chinook Salmon","fall","BT-5","EH, ","BP, CC","77",11.6,100,"9646",2025-04-25,"1:52",112,"2:01",121,"1:00",60,"","RT-24","2025-05-02 RT-24",NA,"PH","SB",""
"734","2025","May",2025-05-01,"Chinook Salmon","fall","BT-5","EH, ","BP, CC","78",10.6,103,"8D94",2025-04-25,"3:26",206,"2:16",136,"2:30",150,"","RT-24","2025-05-02 RT-24",NA,"PH","SB",""
"735","2025","May",2025-05-01,"Chinook Salmon","fall","BT-5","EH, ","BP, CC","79",13.8,108,"916E",2025-04-25,"1:12",72,"1:32",92,"1:00",60,"","RT-24","2025-05-02 RT-24",NA,"PH","SB",""
"736","2025","May",2025-05-01,"Chinook Salmon","fall","BT-5","EH, ","BP, CC","80",14.1,106,"8F4A",2025-04-25,"1:45",105,"1:46",106,"1:00",60,"","RT-24","2025-05-02 RT-24",NA,"PH","SB",""
