"","water_year","month","date","species","run","source_tank_id","surgeon","crew","vial_number","weight_gr","fork_length_mm","tag_id_hex","tag_activation_date","anesthetic_time_mmss","anesthetic_time_sec","surgery_time_mmss","surgery_time_sec","recovery_time_mmss","recovery_time_sec","comments","release_container_id","release_id","post_tagging_tank","entered_by","qaqc_by","qaqc_comments"
"1","2026","Dec",2025-12-01,"Chinook Salmon","late-fall","O-1","AC","HS, AK, JG","1",11.8,102,"BD06",2025-11-25,"3:33",213,"2:00",120,"3:02",182,"","RT-1","2025-12-02 RT-1","O-8","SB","HS",""
"2","2026","Dec",2025-12-01,"Chinook Salmon","late-fall","O-1","AC","HS, AK, JG","2",17.8,115,"C116",2025-11-25,"3:07",187,"1:34",94,"2:23",143,"","RT-1","2025-12-02 RT-1","O-8","SB","HS",""
"3","2026","Dec",2025-12-01,"Chinook Salmon","late-fall","O-1","AC","HS, AK, JG","3",18.9,118,"C25E",2025-11-25,"2:47",167,"1:28",88,"2:18",138,"Jumpy","RT-1","2025-12-02 RT-1","O-8","SB","HS",""
"4","2026","Dec",2025-12-01,"Chinook Salmon","late-fall","O-1","AC","HS, AK, JG","4",28.3,131,"BF68",2025-11-25,"3:21",201,"1:36",96,"0:57",57,"","RT-1","2025-12-02 RT-1","O-8","SB","HS",""
"5","2026","Dec",2025-12-01,"Chinook Salmon","late-fall","O-1","AC","HS, AK, JG","5",18.4,114,"C510",2025-11-25,"3:09",189,"1:06",66,"5:06",306,"","RT-1","2025-12-02 RT-1","O-8","SB","HS",""
"6","2026","Dec",2025-12-01,"Chinook Salmon","late-fall","O-1","AC","HS, AK, JG","6",45.2,153,"BDBC",2025-11-25,"3:47",227,"2:28",148,"2:45",165,"Jumpy, second incision","RT-1","2025-12-02 RT-1","O-8","SB","HS","""Second incision"" means needing to lengthen or deepen the first incision, not a separate independent incision."
"7","2026","Dec",2025-12-01,"Chinook Salmon","late-fall","O-1","AC","HS, AK, JG","7",56.8,160,"BEBC",2025-11-25,"3:10",190,"1:46",106,"2:14",134,"","RT-1","2025-12-02 RT-1","O-8","SB","HS",""
"8","2026","Dec",2025-12-01,"Chinook Salmon","late-fall","O-1","AC","HS, AK, JG","8",60.4,163,"C1D4",2025-11-25,"3:23",203,"1:47",107,"1:23",83,"","RT-1","2025-12-02 RT-1","O-8","SB","HS",""
"9","2026","Dec",2025-12-01,"Chinook Salmon","late-fall","O-1","AC","HS, AK, JG","9",62.2,164,"BE9E",2025-11-25,"3:24",204,"1:26",86,"3:23",203,"","RT-1","2025-12-02 RT-1","O-8","SB","HS",""
"10","2026","Dec",2025-12-01,"Chinook Salmon","late-fall","O-1","AC","HS, AK, JG","10",22.8,125,"BF26",2025-11-25,"3:09",189,"1:16",76,"1:54",114,"","RT-1","2025-12-02 RT-1","O-8","SB","HS",""
"11","2026","Dec",2025-12-01,"Chinook Salmon","late-fall","O-1","AC","HS, AK, JG","11",32.5,140,"C276",2025-11-25,"3:16",196,"1:29",89,"4:42",282,"","RT-2","2025-12-02 RT-2","O-8","SB","HS",""
"12","2026","Dec",2025-12-01,"Chinook Salmon","late-fall","O-1","AC","HS, AK, JG","12",26.3,131,"BCEE",2025-11-25,"2:45",165,"1:45",105,"2:42",162,"","RT-2","2025-12-02 RT-2","O-8","SB","HS",""
"13","2026","Dec",2025-12-01,"Chinook Salmon","late-fall","O-1","AC","HS, AK, JG","13",18.7,122,"BFA6",2025-11-25,"3:01",181,"1:15",75,"3:42",222,"","RT-2","2025-12-02 RT-2","O-8","SB","HS",""
"14","2026","Dec",2025-12-01,"Chinook Salmon","late-fall","O-1","AC","HS, AK, JG","14",24.3,127,"C412",2025-11-25,"3:12",192,"1:29",89,"3:19",199,"","RT-2","2025-12-02 RT-2","O-8","SB","HS",""
"15","2026","Dec",2025-12-01,"Chinook Salmon","late-fall","O-1","AC","HS, AK, JG","15",29.9,135,"C244",2025-11-25,"3:30",210,"1:33",93,"5:10",310,"","RT-2","2025-12-02 RT-2","O-8","SB","HS",""
"16","2026","Dec",2025-12-01,"Chinook Salmon","late-fall","O-1","AC","HS, AK, JG","16",41.4,150,"BF58",2025-11-25,"3:51",231,"1:26",86,"1:20",80,"","RT-2","2025-12-02 RT-2","O-8","SB","HS",""
"17","2026","Dec",2025-12-01,"Chinook Salmon","late-fall","O-1","AC","HS, AK, JG","17",11.3,99,"BF6C",2025-11-25,"3:35",215,"1:35",95,"1:25",85,"","RT-2","2025-12-02 RT-2","O-8","SB","HS",""
"18","2026","Dec",2025-12-01,"Chinook Salmon","late-fall","O-1","AC","HS, AK, JG","18",54.7,160,"C0CA",2025-11-25,"3:09",189,"1:21",81,"5:34",334,"","RT-2","2025-12-02 RT-2","O-8","SB","HS",""
"19","2026","Dec",2025-12-01,"Chinook Salmon","late-fall","O-1","AC","HS, AK, JG","19",34.3,141,"C53C",2025-11-25,"2:18",138,"1:43",103,"3:11",191,"","RT-2","2025-12-02 RT-2","O-8","SB","HS",""
"20","2026","Dec",2025-12-01,"Chinook Salmon","late-fall","O-1","AC","HS, AK, JG","20",15.5,113,"C0B6",2025-11-25,"3:31",211,"1:34",94,"4:26",266,"Jumpy","RT-2","2025-12-02 RT-2","O-8","SB","HS",""
"21","2026","Dec",2025-12-01,"Chinook Salmon","late-fall","O-1","AC","HS, AK, JG","21",37.1,144,"C1AE",2025-11-25,"4:01",241,"1:31",91,"4:54",294,"Jumpy, Crooked incision","RT-3","2025-12-02 RT-3","O-8","SB","HS",""
"22","2026","Dec",2025-12-01,"Chinook Salmon","late-fall","O-1","AC","HS, AK, JG","22",48.8,161,"C538",2025-11-25,"3:31",211,"1:39",99,"3:34",214,"","RT-3","2025-12-02 RT-3","O-8","SB","HS",""
"23","2026","Dec",2025-12-01,"Chinook Salmon","late-fall","O-1","AC","HS, AK, JG","23",7.9,87,"BDE8",2025-11-25,"2:38",158,"2:07",127,"1:22",82,"","RT-3","2025-12-02 RT-3","O-8","SB","HS",""
"24","2026","Dec",2025-12-01,"Chinook Salmon","late-fall","O-1","AC","HS, AK, JG","24",17.4,114,"C4DC",2025-11-25,"3:12",192,"1:20",80,"3:50",230,"","RT-3","2025-12-02 RT-3","O-8","SB","HS",""
"25","2026","Dec",2025-12-01,"Chinook Salmon","late-fall","O-1","AC","HS, AK, JG","25",43.1,151,"BE82",2025-11-25,"3:12",192,"1:33",93,"5:29",329,"","RT-3","2025-12-02 RT-3","O-8","SB","HS",""
"26","2026","Dec",2025-12-01,"Chinook Salmon","late-fall","O-1","AC","HS, AK, JG","26",34.7,143,"C57C",2025-11-25,"3:00",180,"1:28",88,"3:12",192,"","RT-3","2025-12-02 RT-3","O-8","SB","HS",""
"27","2026","Dec",2025-12-01,"Chinook Salmon","late-fall","O-1","AC","HS, AK, JG","27",14.7,108,"BD7E",2025-11-25,"3:18",198,"1:50",110,"1:22",82,"","RT-3","2025-12-02 RT-3","O-8","SB","HS",""
"28","2026","Dec",2025-12-01,"Chinook Salmon","late-fall","O-1","AC","HS, AK, JG","28",17.6,109,"C3D6",2025-11-25,"2:54",174,"1:19",79,"5:25",325,"","RT-3","2025-12-02 RT-3","O-8","SB","HS",""
"29","2026","Dec",2025-12-01,"Chinook Salmon","late-fall","O-1","AC","HS, AK, JG","29",41,148,"C126",2025-11-25,"3:30",210,"2:11",131,"2:23",143,"Jumpy, very thick, second incision","RT-3","2025-12-02 RT-3","O-8","SB","HS",""
"30","2026","Dec",2025-12-01,"Chinook Salmon","late-fall","O-1","AC","HS, AK, JG","30",37.5,143,"C51C",2025-11-25,"3:10",190,"1:45",105,"1:12",72,"","RT-3","2025-12-02 RT-3","O-8","SB","HS",""
"31","2026","Dec",2025-12-01,"Chinook Salmon","late-fall","O-1","AC","HS, JG","31",27.9,131,"C2E2",2025-11-25,"2:56",176,"1:25",85,"3:12",192,"","RT-4","2025-12-02 RT-4","O-8","SB","HS",""
"32","2026","Dec",2025-12-01,"Chinook Salmon","late-fall","O-1","AC","HS, JG","32",46.9,151,"C5C2",2025-11-25,"3:03",183,"1:33",93,"3:11",191,"","RT-4","2025-12-02 RT-4","O-8","SB","HS",""
"33","2026","Dec",2025-12-01,"Chinook Salmon","late-fall","O-1","AC","HS, JG","33",27.5,134,"C424",2025-11-25,"2:59",179,"1:20",80,"1:46",106,"","RT-4","2025-12-02 RT-4","O-8","SB","HS",""
"34","2026","Dec",2025-12-01,"Chinook Salmon","late-fall","O-1","AC","HS, JG","34",29.9,135,"C2C4",2025-11-25,"3:54",234,"1:27",87,"1:47",107,"","RT-4","2025-12-02 RT-4","O-8","SB","HS",""
"35","2026","Dec",2025-12-01,"Chinook Salmon","late-fall","O-1","AC","HS, JG","35",45.2,153,"C53E",2025-11-25,"4:01",241,"1:34",94,"1:04",64,"","RT-4","2025-12-02 RT-4","O-8","SB","HS",""
"36","2026","Dec",2025-12-01,"Chinook Salmon","late-fall","O-1","AC","HS, JG","36",38.4,145,"C590",2025-11-25,"3:13",193,"1:32",92,"2:47",167,"","RT-4","2025-12-02 RT-4","O-8","SB","HS",""
"37","2026","Dec",2025-12-01,"Chinook Salmon","late-fall","O-1","AC","HS, JG","37",34.1,143,"BE6E",2025-11-25,"3:36",216,"1:29",89,"3:01",181,"","RT-4","2025-12-02 RT-4","O-8","SB","HS",""
"38","2026","Dec",2025-12-01,"Chinook Salmon","late-fall","O-1","AC","HS, JG","38",43.9,153,"C268",2025-11-25,"2:43",163,"1:28",88,"4:12",252,"","RT-4","2025-12-02 RT-4","O-8","SB","HS",""
"39","2026","Dec",2025-12-01,"Chinook Salmon","late-fall","O-1","AC","HS, JG","39",29.8,136,"BD1E",2025-11-25,"3:42",222,"1:36",96,"2:55",175,"","RT-4","2025-12-02 RT-4","O-8","SB","HS",""
"40","2026","Dec",2025-12-01,"Chinook Salmon","late-fall","O-1","AC","HS, JG","40",24.2,131,"C282",2025-11-25,"3:30",210,"1:22",82,"1:03",63,"","RT-4","2025-12-02 RT-4","O-8","SB","HS",""
"41","2026","Dec",2025-12-01,"Chinook Salmon","late-fall","O-1","HS","AC, JG","41",27.7,130,"C1AC",2025-11-25,"3:05",185,"1:28",88,"2:31",151,"","RT-5","2025-12-02 RT-5","O-2","SB","HS",""
"42","2026","Dec",2025-12-01,"Chinook Salmon","late-fall","O-1","HS","AC, JG","42",35.2,142,"C4F4",2025-11-25,"3:05",185,"1:56",116,"1:48",108,"Sutures tight","RT-5","2025-12-02 RT-5","O-2","SB","HS",""
"43","2026","Dec",2025-12-01,"Chinook Salmon","late-fall","O-1","HS","AC, JG","43",26.8,130,"BE74",2025-11-25,"2:59",179,"1:33",93,"1:32",92,"","RT-5","2025-12-02 RT-5","O-2","SB","HS",""
"44","2026","Dec",2025-12-01,"Chinook Salmon","late-fall","O-1","HS","AC, JG","44",42.5,141,"C3AC",2025-11-25,"3:34",214,"1:35",95,"3:58",238,"Deep split in caudal fin","RT-5","2025-12-02 RT-5","O-2","SB","HS",""
"45","2026","Dec",2025-12-01,"Chinook Salmon","late-fall","O-1","HS","AC, JG","45",34.3,133,"C122",2025-11-25,"3:05",185,"1:51",111,"2:52",172,"","RT-5","2025-12-02 RT-5","O-2","SB","HS",""
"46","2026","Dec",2025-12-01,"Chinook Salmon","late-fall","O-1","HS","AC, JG","46",50.5,150,"C322",2025-11-25,"3:20",200,"1:41",101,"1:28",88,"Deep split in caudal fin","RT-5","2025-12-02 RT-5","O-2","SB","HS",""
"47","2026","Dec",2025-12-01,"Chinook Salmon","late-fall","O-1","HS","AC, JG","47",22.7,122,"C288",2025-11-25,"3:09",189,"1:53",113,"4:23",263,"","RT-5","2025-12-02 RT-5","O-2","SB","HS",""
"48","2026","Dec",2025-12-01,"Chinook Salmon","late-fall","O-1","HS","AC, JG","48",36,140,"BDF4",2025-11-25,"3:30",210,"1:56",116,"2:31",151,"","RT-5","2025-12-02 RT-5","O-2","SB","HS",""
"49","2026","Dec",2025-12-01,"Chinook Salmon","late-fall","O-1","HS","AC, JG","49",27,129,"BE68",2025-11-25,"3:18",198,"1:09",69,"3:47",227,"Crooked incision","RT-5","2025-12-02 RT-5","O-2","SB","HS",""
"50","2026","Dec",2025-12-01,"Chinook Salmon","late-fall","O-1","HS","AC, JG","50",21.8,124,"C29C",2025-11-25,"3:21",201,"1:37",97,"1:54",114,"","RT-5","2025-12-02 RT-5","O-2","SB","HS",""
"51","2026","Dec",2025-12-01,"Chinook Salmon","late-fall","O-1","HS","AC, JG","51",37.6,142,"BDFA",2025-11-25,"3:03",183,"1:19",79,"2:15",135,"","RT-6","2025-12-02 RT-6","O-2","SB","HS",""
"52","2026","Dec",2025-12-01,"Chinook Salmon","late-fall","O-1","HS","AC, JG","52",66.1,170,"BD70",2025-11-25,"3:27",207,"1:43",103,"1:47",107,"","RT-6","2025-12-02 RT-6","O-2","SB","HS",""
"53","2026","Dec",2025-12-01,"Chinook Salmon","late-fall","O-1","HS","AC, JG","53",34.8,137,"C4FA",2025-11-25,"3:10",190,"1:37",97,"4:16",256,"","RT-6","2025-12-02 RT-6","O-2","SB","HS",""
"54","2026","Dec",2025-12-01,"Chinook Salmon","late-fall","O-1","HS","AC, JG","54",45,155,"C476",2025-11-25,"3:00",180,"1:34",94,"3:42",222,"","RT-6","2025-12-02 RT-6","O-2","SB","HS",""
"55","2026","Dec",2025-12-01,"Chinook Salmon","late-fall","O-1","HS","AC, JG","55",38.5,144,"C06A",2025-11-25,"3:09",189,"1:52",112,"0:59",59,"Jumpy","RT-6","2025-12-02 RT-6","O-2","SB","HS",""
"56","2026","Dec",2025-12-01,"Chinook Salmon","late-fall","O-1","HS","AC, JG","56",24.3,121,"BE36",2025-11-25,"2:59",179,"1:15",75,"4:04",244,"","RT-6","2025-12-02 RT-6","O-2","SB","HS",""
"57","2026","Dec",2025-12-01,"Chinook Salmon","late-fall","O-1","HS","AC, JG","57",36.3,142,"C346",2025-11-25,"2:55",175,"1:49",109,"2:50",170,"","RT-6","2025-12-02 RT-6","O-2","SB","HS",""
"58","2026","Dec",2025-12-01,"Chinook Salmon","late-fall","O-1","HS","AC, JG","58",42.3,148,"C394",2025-11-25,"3:34",214,"1:54",114,"4:01",241,"","RT-6","2025-12-02 RT-6","O-2","SB","HS",""
"59","2026","Dec",2025-12-01,"Chinook Salmon","late-fall","O-1","HS","AC, JG","59",21.6,124,"BF5C",2025-11-25,"3:18",198,"1:42",102,"1:27",87,"Suture a little tight","RT-6","2025-12-02 RT-6","O-2","SB","HS",""
"60","2026","Dec",2025-12-01,"Chinook Salmon","late-fall","O-1","HS","AC, JG","60",53.9,162,"BDB0",2025-11-25,"3:01",181,"1:44",104,"5:27",327,"","RT-6","2025-12-02 RT-6","O-2","SB","HS",""
"61","2026","Dec",2025-12-01,"Chinook Salmon","late-fall","O-1","HS","AC, JG","61",46.3,153,"BF50",2025-11-25,"3:50",230,"1:55",115,"5:30",330,"","RT-7","2025-12-02 RT-7","O-2","SB","HS",""
"62","2026","Dec",2025-12-01,"Chinook Salmon","late-fall","O-1","HS","AC, JG","62",30.5,136,"BE4E",2025-11-25,"3:43",223,"1:23",83,"3:39",219,"","RT-7","2025-12-02 RT-7","O-2","SB","HS",""
"63","2026","Dec",2025-12-01,"Chinook Salmon","late-fall","O-1","HS","AC, JG","63",23.9,129,"C598",2025-11-25,"2:54",174,"1:22",82,"0:46",46,"","RT-7","2025-12-02 RT-7","O-2","SB","HS",""
"64","2026","Dec",2025-12-01,"Chinook Salmon","late-fall","O-1","HS","AC, JG","64",12.1,100,"BFAC",2025-11-25,"4:16",256,"1:12",72,"4:43",283,"","RT-7","2025-12-02 RT-7","O-2","SB","HS",""
"65","2026","Dec",2025-12-01,"Chinook Salmon","late-fall","O-1","HS","AC, JG","65",8.9,91,"BD10",2025-11-25,"3:18",198,"1:28",88,"2:50",170,"","RT-7","2025-12-02 RT-7","O-2","SB","HS",""
"66","2026","Dec",2025-12-01,"Chinook Salmon","late-fall","O-1","HS","AC, JG","66",25.3,124,"BD98",2025-11-25,"2:53",173,"1:50",110,"4:48",288,"","RT-7","2025-12-02 RT-7","O-2","SB","HS",""
"67","2026","Dec",2025-12-01,"Chinook Salmon","late-fall","O-1","HS","AC, JG","67",36.8,148,"BF48",2025-11-25,"2:58",178,"1:33",93,"1:01",61,"","RT-7","2025-12-02 RT-7","O-2","SB","HS",""
"68","2026","Dec",2025-12-01,"Chinook Salmon","late-fall","O-1","HS","AC, JG","68",39,146,"C29E",2025-11-25,"3:12",192,"1:41",101,"2:36",156,"","RT-7","2025-12-02 RT-7","O-2","SB","HS",""
"69","2026","Dec",2025-12-01,"Chinook Salmon","late-fall","O-1","HS","AC, JG","69",18.7,117,"C468",2025-11-25,"2:52",172,"1:28",88,"1:26",86,"","RT-7","2025-12-02 RT-7","O-2","SB","HS",""
"70","2026","Dec",2025-12-01,"Chinook Salmon","late-fall","O-1","HS","AC, JG","70",10.8,91,"C2BC",2025-11-25,"2:47",167,"1:27",87,"3:07",187,"Incision a little crooked","RT-7","2025-12-02 RT-7","O-2","SB","HS",""
"71","2026","Dec",2025-12-01,"Chinook Salmon","late-fall","O-1","HS","AC, JG","71",23.8,122,"C5CE",2025-11-25,"3:01",181,"1:14",74,"1:52",112,"","RT-8","2025-12-02 RT-8","O-2","SB","HS",""
"72","2026","Dec",2025-12-01,"Chinook Salmon","late-fall","O-1","HS","AC, JG","72",21.2,122,"C422",2025-11-25,"2:52",172,"1:21",81,"3:54",234,"","RT-8","2025-12-02 RT-8","O-2","SB","HS",""
"73","2026","Dec",2025-12-01,"Chinook Salmon","late-fall","O-1","HS","AC, JG","73",11.2,96,"C5D8",2025-11-25,"2:54",174,"1:45",105,"2:37",157,"","RT-8","2025-12-02 RT-8","O-2","SB","HS",""
"74","2026","Dec",2025-12-01,"Chinook Salmon","late-fall","O-1","HS","AC, JG","74",15.3,108,"BF5E",2025-11-25,"3:06",186,"1:26",86,"2:52",172,"","RT-8","2025-12-02 RT-8","O-2","SB","HS",""
"75","2026","Dec",2025-12-01,"Chinook Salmon","late-fall","O-1","HS","AC, JG","75",18.9,114,"C4E8",2025-11-25,"2:56",176,"1:23",83,"0:52",52,"","RT-8","2025-12-02 RT-8","O-2","SB","HS",""
"76","2026","Dec",2025-12-01,"Chinook Salmon","late-fall","O-1","HS","AC, JG","76",45.6,154,"BD7C",2025-11-25,"3:12",192,"1:24",84,"1:13",73,"","RT-8","2025-12-02 RT-8","O-2","SB","HS",""
"77","2026","Dec",2025-12-01,"Chinook Salmon","late-fall","O-1","HS","AC, JG","77",39.3,148,"BCDC",2025-11-25,"2:59",179,"1:26",86,"3:03",183,"","RT-8","2025-12-02 RT-8","O-2","SB","HS",""
"78","2026","Dec",2025-12-01,"Chinook Salmon","late-fall","O-1","HS","AC, JG","78",19.8,124,"C3A8",2025-11-25,"3:10",190,"1:16",76,"2:37",157,"","RT-8","2025-12-02 RT-8","O-2","SB","HS",""
"79","2026","Dec",2025-12-01,"Chinook Salmon","late-fall","O-1","HS","AC, JG","79",16.7,109,"BDBE",2025-11-25,"2:56",176,"1:31",91,"2:23",143,"","RT-8","2025-12-02 RT-8","O-2","SB","HS",""
"80","2026","Dec",2025-12-01,"Chinook Salmon","late-fall","O-1","HS","AC, JG","80",38.2,145,"C426",2025-11-25,"3:17",197,"1:24",84,"3:37",217,"","RT-8","2025-12-02 RT-8","O-2","SB","HS",""
"81","2026","Dec",2025-12-01,"Chinook Salmon","late-fall","O-1","AC","HS, AK, JG","D1",22.8,120,"A284",2025-11-25,"3:17",197,"1:24",84,"1:06",66,"",NA,NA,"I-3","SB","HS",""
"82","2026","Dec",2025-12-01,"Chinook Salmon","late-fall","O-1","AC","HS, JG","D2",16.1,110,"2176",2025-11-25,"3:12",192,"1:36",96,"4:00",240,"",NA,NA,"I-3","SB","HS",""
"83","2026","Dec",2025-12-01,"Chinook Salmon","late-fall","O-1","HS","AC, JG","D3",11.5,91,"94A4",2025-11-25,"2:52",172,"1:45",105,"2:02",122,"",NA,NA,"I-3","SB","HS",""
"84","2026","Dec",2025-12-01,"Chinook Salmon","late-fall","O-1","HS","AC, JG","D4",42.4,150,"76ED",2025-11-25,"3:00",180,"1:30",90,"4:15",255,"",NA,NA,"I-3","SB","HS",""
"85","2026","Dec",2025-12-02,"Chinook Salmon","late-fall","O-4","HS","AC, AK","1",26.4,129,"BE88",2025-11-25,"3:08",188,"1:16",76,"5:43",343,"","RT-9","2025-12-03 RT-9","O-8","HS","SB",""
"86","2026","Dec",2025-12-02,"Chinook Salmon","late-fall","O-4","HS","AC, AK","2",17.5,112,"C4BE",2025-11-25,"2:58",178,"1:18",78,"3:00",180,"","RT-9","2025-12-03 RT-9","O-8","HS","SB",""
"87","2026","Dec",2025-12-02,"Chinook Salmon","late-fall","O-4","HS","AC, AK","3",50.2,155,"C128",2025-11-25,"3:18",198,"1:24",84,"1:06",66,"","RT-9","2025-12-03 RT-9","O-8","HS","SB",""
"88","2026","Dec",2025-12-02,"Chinook Salmon","late-fall","O-4","HS","AC, AK","4",24.2,122,"BE32",2025-11-25,"3:12",192,"1:20",80,"4:48",288,"","RT-9","2025-12-03 RT-9","O-8","HS","SB",""
"89","2026","Dec",2025-12-02,"Chinook Salmon","late-fall","O-4","HS","AC, AK","5",18.3,113,"C59C",2025-11-25,"3:09",189,"1:19",79,"2:51",171,"","RT-9","2025-12-03 RT-9","O-8","HS","SB",""
"90","2026","Dec",2025-12-02,"Chinook Salmon","late-fall","O-4","HS","AC, AK","6",21.4,121,"C374",2025-11-25,"3:22",202,"1:43",103,"3:27",207,"","RT-9","2025-12-03 RT-9","O-8","HS","SB",""
"91","2026","Dec",2025-12-02,"Chinook Salmon","late-fall","O-4","HS","AC, AK","7",38.6,145,"C11A",2025-11-25,"3:31",211,"1:18",78,"3:38",218,"","RT-9","2025-12-03 RT-9","O-8","HS","SB",""
"92","2026","Dec",2025-12-02,"Chinook Salmon","late-fall","O-4","HS","AC, AK","8",30.3,134,"C51E",2025-11-25,"3:07",187,"1:29",89,"2:16",136,"","RT-9","2025-12-03 RT-9","O-8","HS","SB",""
"93","2026","Dec",2025-12-02,"Chinook Salmon","late-fall","O-4","HS","AC, AK","9",15.3,107,"C0DA",2025-11-25,"3:12",192,"1:26",86,"4:51",291,"","RT-9","2025-12-03 RT-9","O-8","HS","SB",""
"94","2026","Dec",2025-12-02,"Chinook Salmon","late-fall","O-4","HS","AC, AK","10",29.1,130,"C5C4",2025-11-25,"3:11",191,"1:26",86,"1:31",91,"","RT-9","2025-12-03 RT-9","O-8","HS","SB",""
"95","2026","Dec",2025-12-02,"Chinook Salmon","late-fall","O-4","HS","AC, AK","11",17.5,112,"C4BC",2025-11-25,"3:09",189,"1:18",78,"3:11",191,"","RT-10","2025-12-03 RT-10","O-8","HS","SB",""
"96","2026","Dec",2025-12-02,"Chinook Salmon","late-fall","O-4","HS","AC, AK","12",12.8,103,"C25C",2025-11-25,"3:11",191,"1:18",78,"1:05",65,"","RT-10","2025-12-03 RT-10","O-8","HS","SB",""
"97","2026","Dec",2025-12-02,"Chinook Salmon","late-fall","O-4","HS","AC, AK","13",13.9,104,"BDF6",2025-11-25,"2:55",175,"1:38",98,"2:27",147,"","RT-10","2025-12-03 RT-10","O-8","HS","SB",""
"98","2026","Dec",2025-12-02,"Chinook Salmon","late-fall","O-4","HS","AC, AK","14",20.3,115,"C0A2",2025-11-25,"3:29",209,"1:10",70,"2:29",149,"","RT-10","2025-12-03 RT-10","O-8","HS","SB",""
"99","2026","Dec",2025-12-02,"Chinook Salmon","late-fall","O-4","HS","AC, AK","15",24.5,124,"BFEA",2025-11-25,"3:01",181,"1:19",79,"2:27",147,"","RT-10","2025-12-03 RT-10","O-8","HS","SB",""
"100","2026","Dec",2025-12-02,"Chinook Salmon","late-fall","O-4","HS","AC, AK","16",36.8,143,"C502",2025-11-25,"3:44",224,"1:14",74,"3:05",185,"","RT-10","2025-12-03 RT-10","O-8","HS","SB",""
"101","2026","Dec",2025-12-02,"Chinook Salmon","late-fall","O-4","HS","AC, AK","17",21.5,120,"BF9A",2025-11-25,"2:39",159,"1:22",82,"2:47",167,"","RT-10","2025-12-03 RT-10","O-8","HS","SB",""
"102","2026","Dec",2025-12-02,"Chinook Salmon","late-fall","O-4","HS","AC, AK","18",15.1,108,"C446",2025-11-25,"2:45",165,"1:28",88,"3:04",184,"*found as a mort at the marina; unsure if it was dead @ CABA or if it died during transport","RT-10","2025-12-03 RT-10","O-8","HS","SB",""
"103","2026","Dec",2025-12-02,"Chinook Salmon","late-fall","O-4","HS","AC, AK","19",36.5,142,"C4E2",2025-11-25,"2:56",176,"1:16",76,"3:20",200,"","RT-10","2025-12-03 RT-10","O-8","HS","SB",""
"104","2026","Dec",2025-12-02,"Chinook Salmon","late-fall","O-4","HS","AC, AK","20",11.7,102,"BD0E",2025-11-25,"3:32",212,"1:38",98,"2:25",145,"","RT-10","2025-12-03 RT-10","O-8","HS","SB",""
"105","2026","Dec",2025-12-02,"Chinook Salmon","late-fall","O-4","HS","AC, AK","21",24,127,"BFCA",2025-11-25,"3:03",183,"1:11",71,"2:43",163,"","RT-11","2025-12-03 RT-11","O-2","HS","SB",""
"106","2026","Dec",2025-12-02,"Chinook Salmon","late-fall","O-4","HS","AC, AK","22",34.5,139,"C5E2",2025-11-25,"3:09",189,"1:24",84,"3:49",229,"","RT-11","2025-12-03 RT-11","O-2","HS","SB",""
"107","2026","Dec",2025-12-02,"Chinook Salmon","late-fall","O-4","HS","AC, AK","23",11.7,99,"C464",2025-11-25,"3:02",182,"1:31",91,"2:40",160,"","RT-11","2025-12-03 RT-11","O-2","HS","SB",""
"108","2026","Dec",2025-12-02,"Chinook Salmon","late-fall","O-4","HS","AC, AK","24",35.2,143,"C428",2025-11-25,"3:14",194,"1:22",82,"2:54",174,"","RT-11","2025-12-03 RT-11","O-2","HS","SB",""
"109","2026","Dec",2025-12-02,"Chinook Salmon","late-fall","O-4","HS","AC, AK","25",23.2,123,"C192",2025-11-25,"3:41",221,"1:42",102,"4:49",289,"","RT-11","2025-12-03 RT-11","O-2","HS","SB",""
"110","2026","Dec",2025-12-02,"Chinook Salmon","late-fall","O-4","HS","AC, AK","26",39.1,143,"BDC2",2025-11-25,"3:19",199,"1:29",89,"1:47",107,"","RT-11","2025-12-03 RT-11","O-2","HS","SB",""
"111","2026","Dec",2025-12-02,"Chinook Salmon","late-fall","O-4","HS","AC, AK","27",20.3,119,"C474",2025-11-25,"2:44",164,"1:34",94,"2:19",139,"","RT-11","2025-12-03 RT-11","O-2","HS","SB",""
"112","2026","Dec",2025-12-02,"Chinook Salmon","late-fall","O-4","HS","AC, AK","28",59.7,162,"BE0A",2025-11-25,"3:50",230,"1:46",106,"1:15",75,"","RT-11","2025-12-03 RT-11","O-2","HS","SB",""
"113","2026","Dec",2025-12-02,"Chinook Salmon","late-fall","O-4","HS","AC, AK","29",14.7,109,"BE42",2025-11-25,"2:57",177,"1:31",91,"2:44",164,"","RT-11","2025-12-03 RT-11","O-2","HS","SB",""
"114","2026","Dec",2025-12-02,"Chinook Salmon","late-fall","O-4","HS","AC, AK","30",25,127,"BEC6",2025-11-25,"2:56",176,"1:32",92,"2:41",161,"","RT-11","2025-12-03 RT-11","O-2","HS","SB",""
"115","2026","Dec",2025-12-02,"Chinook Salmon","late-fall","O-4","HS","AC, AK","31",26.4,125,"BE28",2025-11-25,"3:05",185,"1:17",77,"5:18",318,"","RT-12","2025-12-03 RT-12","O-2","HS","SB",""
"116","2026","Dec",2025-12-02,"Chinook Salmon","late-fall","O-4","HS","AC, AK","32",16,109,"C32E",2025-11-25,"2:49",169,"1:19",79,"3:58",238,"","RT-12","2025-12-03 RT-12","O-2","HS","SB",""
"117","2026","Dec",2025-12-02,"Chinook Salmon","late-fall","O-4","HS","AC, AK","33",24.8,126,"BEE6",2025-11-25,"2:34",154,"1:31",91,"1:53",113,"","RT-12","2025-12-03 RT-12","O-2","HS","SB",""
"118","2026","Dec",2025-12-02,"Chinook Salmon","late-fall","O-4","HS","AC, AK","34",19,120,"BEC8",2025-11-25,"2:54",174,"1:29",89,"1:47",107,"","RT-12","2025-12-03 RT-12","O-2","HS","SB",""
"119","2026","Dec",2025-12-02,"Chinook Salmon","late-fall","O-4","HS","AC, AK","35",15.4,109,"C20A",2025-11-25,"3:00",180,"1:19",79,"4:01",241,"","RT-12","2025-12-03 RT-12","O-2","HS","SB",""
"120","2026","Dec",2025-12-02,"Chinook Salmon","late-fall","O-4","HS","AC, AK","36",37.9,142,"BF66",2025-11-25,"2:54",174,"1:32",92,"2:29",149,"","RT-12","2025-12-03 RT-12","O-2","HS","SB",""
"121","2026","Dec",2025-12-02,"Chinook Salmon","late-fall","O-4","HS","AC, AK","37",12.8,100,"C166",2025-11-25,"3:25",205,"1:52",112,"1:46",106,"","RT-12","2025-12-03 RT-12","O-2","HS","SB",""
"122","2026","Dec",2025-12-02,"Chinook Salmon","late-fall","O-4","HS","AC, AK","38",29.6,135,"C214",2025-11-25,"3:07",187,"1:45",105,"5:06",306,"","RT-12","2025-12-03 RT-12","O-2","HS","SB",""
"123","2026","Dec",2025-12-02,"Chinook Salmon","late-fall","O-4","HS","AC, AK","39",29.8,132,"BD60",2025-11-25,"2:50",170,"1:15",75,"4:20",260,"","RT-12","2025-12-03 RT-12","O-2","HS","SB",""
"124","2026","Dec",2025-12-02,"Chinook Salmon","late-fall","O-4","HS","AC, AK","40",16.9,114,"C056",2025-11-25,"3:41",221,"1:24",84,"3:36",216,"","RT-12","2025-12-03 RT-12","O-2","HS","SB",""
"125","2026","Dec",2025-12-02,"Chinook Salmon","late-fall","O-4","AC","HS, JG","41",15.9,106,"C498",2025-11-25,"2:58",178,"1:13",73,"2:15",135,"","RT-13","2025-12-03 RT-13","O-8","HS","SB",""
"126","2026","Dec",2025-12-02,"Chinook Salmon","late-fall","O-4","AC","HS, JG","42",16.8,111,"BE62",2025-11-25,"2:50",170,"1:23",83,"1:28",88,"","RT-13","2025-12-03 RT-13","O-8","HS","SB",""
"127","2026","Dec",2025-12-02,"Chinook Salmon","late-fall","O-4","AC","HS, JG","43",31.7,134,"C2EC",2025-11-25,"2:51",171,"1:37",97,"1:47",107,"jumpy","RT-13","2025-12-03 RT-13","O-8","HS","SB",""
"128","2026","Dec",2025-12-02,"Chinook Salmon","late-fall","O-4","AC","HS, JG","44",8.5,90,"C0EA",2025-11-25,"2:50",170,"2:03",123,"1:28",88,"","RT-13","2025-12-03 RT-13","O-8","HS","SB",""
"129","2026","Dec",2025-12-02,"Chinook Salmon","late-fall","O-4","AC","HS, JG","45",9.8,100,"BDCE",2025-11-25,"2:57",177,"1:22",82,"2:13",133,"","RT-13","2025-12-03 RT-13","O-8","HS","SB",""
"130","2026","Dec",2025-12-02,"Chinook Salmon","late-fall","O-4","AC","HS, JG","46",40.7,145,"C436",2025-11-25,"3:00",180,"1:22",82,"1:17",77,"","RT-13","2025-12-03 RT-13","O-8","HS","SB",""
"131","2026","Dec",2025-12-02,"Chinook Salmon","late-fall","O-4","AC","HS, JG","47",20.8,119,"C520",2025-11-25,"2:42",162,"1:23",83,"2:55",175,"","RT-13","2025-12-03 RT-13","O-8","HS","SB",""
"132","2026","Dec",2025-12-02,"Chinook Salmon","late-fall","O-4","AC","HS, JG","48",14.9,108,"BCE8",2025-11-25,"3:09",189,"1:39",99,"4:11",251,"","RT-13","2025-12-03 RT-13","O-8","HS","SB",""
"133","2026","Dec",2025-12-02,"Chinook Salmon","late-fall","O-4","AC","HS, JG","49",13.6,102,"BE2C",2025-11-25,"2:45",165,"1:16",76,"0:58",58,"","RT-13","2025-12-03 RT-13","O-8","HS","SB",""
"134","2026","Dec",2025-12-02,"Chinook Salmon","late-fall","O-4","AC","HS, JG","50",25.6,128,"C176",2025-11-25,"3:33",213,"1:28",88,"2:29",149,"","RT-13","2025-12-03 RT-13","O-8","HS","SB",""
"135","2026","Dec",2025-12-02,"Chinook Salmon","late-fall","O-4","AC","HS, JG","51",9,93,"BEF4",2025-11-25,"2:36",156,"1:26",86,"2:00",120,"","RT-14","2025-12-03 RT-14","O-8","HS","SB",""
"136","2026","Dec",2025-12-02,"Chinook Salmon","late-fall","O-4","AC","HS, JG","52",19.4,115,"C232",2025-11-25,"2:33",153,"1:32",92,"2:08",128,"","RT-14","2025-12-03 RT-14","O-8","HS","SB",""
"137","2026","Dec",2025-12-02,"Chinook Salmon","late-fall","O-4","AC","HS, JG","53",15,110,"C2F6",2025-11-25,"2:44",164,"1:28",88,"3:12",192,"","RT-14","2025-12-03 RT-14","O-8","HS","SB",""
"138","2026","Dec",2025-12-02,"Chinook Salmon","late-fall","O-4","AC","HS, JG","54",39.7,144,"C4D8",2025-11-25,"2:54",174,"1:38",98,"1:44",104,"","RT-14","2025-12-03 RT-14","O-8","HS","SB",""
"139","2026","Dec",2025-12-02,"Chinook Salmon","late-fall","O-4","AC","HS, JG","55",36.6,142,"BDB8",2025-11-25,"2:55",175,"1:31",91,"1:55",115,"","RT-14","2025-12-03 RT-14","O-8","HS","SB",""
"140","2026","Dec",2025-12-02,"Chinook Salmon","late-fall","O-4","AC","HS, JG","56",23.6,121,"C17A",2025-11-25,"2:50",170,"1:22",82,"2:58",178,"","RT-14","2025-12-03 RT-14","O-8","HS","SB",""
"141","2026","Dec",2025-12-02,"Chinook Salmon","late-fall","O-4","AC","HS, JG","57",29.1,133,"BF0A",2025-11-25,"2:50",170,"1:25",85,"2:26",146,"","RT-14","2025-12-03 RT-14","O-8","HS","SB",""
"142","2026","Dec",2025-12-02,"Chinook Salmon","late-fall","O-4","AC","HS, JG","58",13.8,112,"C15E",2025-11-25,"2:48",168,"1:53",113,"1:10",70,"second incision","RT-14","2025-12-03 RT-14","O-8","HS","SB",""
"143","2026","Dec",2025-12-02,"Chinook Salmon","late-fall","O-4","AC","HS, JG","59",15.9,110,"C5DE",2025-11-25,"2:59",179,"1:07",67,"3:05",185,"","RT-14","2025-12-03 RT-14","O-8","HS","SB",""
"144","2026","Dec",2025-12-02,"Chinook Salmon","late-fall","O-4","AC","HS, JG","60",10.1,92,"C2E8",2025-11-25,"2:48",168,"1:28",88,"3:30",210,"","RT-14","2025-12-03 RT-14","O-8","HS","SB",""
"145","2026","Dec",2025-12-02,"Chinook Salmon","late-fall","O-4","AC","HS, JG","61",30.4,132,"C5B8",2025-11-25,"3:02",182,"1:50",110,"0:45",45,"","RT-15","2025-12-03 RT-15","O-8","HS","SB",""
"146","2026","Dec",2025-12-02,"Chinook Salmon","late-fall","O-4","AC","HS, JG","62",26.9,127,"C258",2025-11-25,"2:55",175,"1:34",94,"3:30",210,"","RT-15","2025-12-03 RT-15","O-8","HS","SB",""
"147","2026","Dec",2025-12-02,"Chinook Salmon","late-fall","O-4","AC","HS, JG","63",53.5,160,"C3CA",2025-11-25,"3:04",184,"1:46",106,"3:28",208,"","RT-15","2025-12-03 RT-15","O-8","HS","SB",""
"148","2026","Dec",2025-12-02,"Chinook Salmon","late-fall","O-4","AC","HS, JG","64",6,82,"C2D0",2025-11-25,"3:18",198,"1:13",73,"3:08",188,"","RT-15","2025-12-03 RT-15","O-8","HS","SB",""
"149","2026","Dec",2025-12-02,"Chinook Salmon","late-fall","O-4","AC","HS, JG","65",25.6,130,"BED0",2025-11-25,"3:11",191,"1:32",92,"4:05",245,"","RT-15","2025-12-03 RT-15","O-8","HS","SB",""
"150","2026","Dec",2025-12-02,"Chinook Salmon","late-fall","O-4","AC","HS, JG","66",25.9,131,"C112",2025-11-25,"3:07",187,"1:22",82,"1:58",118,"","RT-15","2025-12-03 RT-15","O-8","HS","SB",""
"151","2026","Dec",2025-12-02,"Chinook Salmon","late-fall","O-4","AC","HS, JG","67",16.5,112,"C250",2025-11-25,"2:44",164,"1:34",94,"1:45",105,"","RT-15","2025-12-03 RT-15","O-8","HS","SB",""
"152","2026","Dec",2025-12-02,"Chinook Salmon","late-fall","O-4","AC","HS, JG","68",26.9,130,"C2DE",2025-11-25,"2:41",161,"1:22",82,"2:14",134,"","RT-15","2025-12-03 RT-15","O-8","HS","SB",""
"153","2026","Dec",2025-12-02,"Chinook Salmon","late-fall","O-4","AC","HS, JG","69",15.6,110,"C196",2025-11-25,"2:54",174,"1:34",94,"1:42",102,"","RT-15","2025-12-03 RT-15","O-8","HS","SB",""
"154","2026","Dec",2025-12-02,"Chinook Salmon","late-fall","O-4","AC","HS, JG","70",11,95,"C3EA",2025-11-25,"2:32",152,"1:40",100,"0:57",57,"","RT-15","2025-12-03 RT-15","O-8","HS","SB",""
"155","2026","Dec",2025-12-02,"Chinook Salmon","late-fall","O-4","AC","HS, JG","71",18.6,115,"BD84",2025-11-25,"2:51",171,"1:21",81,"2:24",144,"","RT-16","2025-12-03 RT-16","O-8","HS","SB",""
"156","2026","Dec",2025-12-02,"Chinook Salmon","late-fall","O-4","AC","HS, JG","72",27.3,131,"C448",2025-11-25,"2:35",155,"1:30",90,"3:52",232,"","RT-16","2025-12-03 RT-16","O-8","HS","SB",""
"157","2026","Dec",2025-12-02,"Chinook Salmon","late-fall","O-4","AC","HS, JG","73",53.1,157,"BE50",2025-11-25,"3:32",212,"1:56",116,"1:53",113,"very split caudal fin","RT-16","2025-12-03 RT-16","O-8","HS","SB",""
"158","2026","Dec",2025-12-02,"Chinook Salmon","late-fall","O-4","AC","HS, JG","74",18.1,115,"C226",2025-11-25,"3:13",193,"1:27",87,"3:10",190,"","RT-16","2025-12-03 RT-16","O-8","HS","SB",""
"159","2026","Dec",2025-12-02,"Chinook Salmon","late-fall","O-4","AC","HS, JG","75",17.9,114,"C2FA",2025-11-25,"2:12",132,"1:32",92,"1:17",77,"","RT-16","2025-12-03 RT-16","O-8","HS","SB",""
"160","2026","Dec",2025-12-02,"Chinook Salmon","late-fall","O-4","AC","HS, JG","76",36.8,142,"BCDE",2025-11-25,"2:47",167,"1:38",98,"3:27",207,"","RT-16","2025-12-03 RT-16","O-8","HS","SB",""
"161","2026","Dec",2025-12-02,"Chinook Salmon","late-fall","O-4","AC","HS, JG","77",52.8,157,"BD1C",2025-11-25,"2:21",141,"1:28",88,"1:58",118,"","RT-16","2025-12-03 RT-16","O-8","HS","SB",""
"162","2026","Dec",2025-12-02,"Chinook Salmon","late-fall","O-4","AC","HS, JG","78",41.5,154,"BE8E",2025-11-25,"3:18",198,"1:27",87,"1:52",112,"","RT-16","2025-12-03 RT-16","O-8","HS","SB",""
"163","2026","Dec",2025-12-02,"Chinook Salmon","late-fall","O-4","AC","HS, JG","79",27.9,132,"C150",2025-11-25,"3:13",193,"1:40",100,"1:59",119,"","RT-16","2025-12-03 RT-16","O-8","HS","SB",""
"164","2026","Dec",2025-12-02,"Chinook Salmon","late-fall","O-4","AC","HS, JG","80",26,126,"BE8C",2025-11-25,"2:54",174,"1:28",88,"1:42",102,"","RT-16","2025-12-03 RT-16","O-8","HS","SB",""
"165","2026","Dec",2025-12-02,"Chinook Salmon","late-fall","O-4","HS","AC, AK","D1",17.3,112,"2224",2025-11-25,"3:16",196,"1:31",91,"4:38",278,"",NA,NA,"I-3","HS","SB",""
"166","2026","Dec",2025-12-02,"Chinook Salmon","late-fall","O-4","HS","AC, AK","D2",38.2,148,"9F56",2025-11-25,"3:07",187,"1:43",103,"3:28",208,"",NA,NA,"I-3","HS","SB",""
"167","2026","Dec",2025-12-02,"Chinook Salmon","late-fall","O-4","AC","HS, JG","D3",37.3,144,"9484",2025-11-25,"2:56",176,"1:39",99,"0:51",51,"",NA,NA,"I-3","HS","SB",""
"168","2026","Dec",2025-12-02,"Chinook Salmon","late-fall","O-4","AC","HS, JG","D4",36.8,140,"2568",2025-11-25,"3:03",183,"2:02",122,"2:43",163,"second incision",NA,NA,"I-3","HS","SB",""
"169","2026","Dec",2025-12-03,"Chinook Salmon","late-fall","O-5","HS","AC, AK","1",16.2,109,"C4C2",2025-11-25,"2:44",164,"1:26",86,"2:33",153,"","RT-17","2025-12-04 RT-17","O-2","HS","SB",""
"170","2026","Dec",2025-12-03,"Chinook Salmon","late-fall","O-5","HS","AC, AK","2",18.3,113,"BCE2",2025-11-25,"2:45",165,"1:08",68,"3:09",189,"","RT-17","2025-12-04 RT-17","O-2","HS","SB",""
"171","2026","Dec",2025-12-03,"Chinook Salmon","late-fall","O-5","HS","AC, AK","3",17,110,"C3B4",2025-11-25,"2:48",168,"1:20",80,"2:29",149,"","RT-17","2025-12-04 RT-17","O-2","HS","SB",""
"172","2026","Dec",2025-12-03,"Chinook Salmon","late-fall","O-5","HS","AC, AK","4",16.6,110,"C570",2025-11-25,"3:18",198,"1:29",89,"1:53",113,"","RT-17","2025-12-04 RT-17","O-2","HS","SB",""
"173","2026","Dec",2025-12-03,"Chinook Salmon","late-fall","O-5","HS","AC, AK","5",25.4,125,"BD8E",2025-11-25,"4:01",241,"1:13",73,"3:03",183,"","RT-17","2025-12-04 RT-17","O-2","HS","SB",""
"174","2026","Dec",2025-12-03,"Chinook Salmon","late-fall","O-5","HS","AC, AK","6",18.2,115,"C124",2025-11-25,"3:26",206,"1:20",80,"3:10",190,"","RT-17","2025-12-04 RT-17","O-2","HS","SB",""
"175","2026","Dec",2025-12-03,"Chinook Salmon","late-fall","O-5","HS","AC, AK","7",24.3,127,"C054",2025-11-25,"3:15",195,"1:19",79,"1:49",109,"","RT-17","2025-12-04 RT-17","O-2","HS","SB",""
"176","2026","Dec",2025-12-03,"Chinook Salmon","late-fall","O-5","HS","AC, AK","8",13,101,"C41A",2025-11-25,"2:51",171,"1:15",75,"2:43",163,"","RT-17","2025-12-04 RT-17","O-2","HS","SB",""
"177","2026","Dec",2025-12-03,"Chinook Salmon","late-fall","O-5","HS","AC, AK","9",15,105,"C5BC",2025-11-25,"2:42",162,"1:11",71,"3:09",189,"","RT-17","2025-12-04 RT-17","O-2","HS","SB",""
"178","2026","Dec",2025-12-03,"Chinook Salmon","late-fall","O-5","HS","AC, AK","10",37.7,140,"BF64",2025-11-25,"2:51",171,"1:27",87,"3:05",185,"","RT-17","2025-12-04 RT-17","O-2","HS","SB",""
"179","2026","Dec",2025-12-03,"Chinook Salmon","late-fall","O-5","HS","AC, AK","11",43.8,144,"BEB0",2025-11-25,"3:00",180,"1:20",80,"1:57",117,"","RT-18","2025-12-04 RT-18","O-2","HS","SB",""
"180","2026","Dec",2025-12-03,"Chinook Salmon","late-fall","O-5","HS","AC, AK","12",30.3,135,"BE26",2025-11-25,"2:49",169,"1:08",68,"4:19",259,"","RT-18","2025-12-04 RT-18","O-2","HS","SB",""
"181","2026","Dec",2025-12-03,"Chinook Salmon","late-fall","O-5","HS","AC, AK","13",19.6,114,"C052",2025-11-25,"3:06",186,"1:23",83,"3:14",194,"","RT-18","2025-12-04 RT-18","O-2","HS","SB",""
"182","2026","Dec",2025-12-03,"Chinook Salmon","late-fall","O-5","HS","AC, AK","14",27.5,132,"C4D0",2025-11-25,"2:52",172,"1:06",66,"3:57",237,"","RT-18","2025-12-04 RT-18","O-2","HS","SB",""
"183","2026","Dec",2025-12-03,"Chinook Salmon","late-fall","O-5","HS","AC, AK","15",16.3,110,"C146",2025-11-25,"2:47",167,"1:12",72,"5:25",325,"","RT-18","2025-12-04 RT-18","O-2","HS","SB",""
"184","2026","Dec",2025-12-03,"Chinook Salmon","late-fall","O-5","HS","AC, AK","16",18.1,111,"C1B4",2025-11-25,"3:00",180,"1:08",68,"1:30",90,"","RT-18","2025-12-04 RT-18","O-2","HS","SB",""
"185","2026","Dec",2025-12-03,"Chinook Salmon","late-fall","O-5","HS","AC, AK","17",20.2,117,"C12C",2025-11-25,"2:44",164,"1:15",75,"1:51",111,"","RT-18","2025-12-04 RT-18","O-2","HS","SB",""
"186","2026","Dec",2025-12-03,"Chinook Salmon","late-fall","O-5","HS","AC, AK","18",16.2,108,"BFA2",2025-11-25,"2:30",150,"1:28",88,"2:19",139,"","RT-18","2025-12-04 RT-18","O-2","HS","SB",""
"187","2026","Dec",2025-12-03,"Chinook Salmon","late-fall","O-5","HS","AC, AK","19",37.7,140,"C362",2025-11-25,"3:08",188,"1:21",81,"3:12",192,"","RT-18","2025-12-04 RT-18","O-2","HS","SB",""
"188","2026","Dec",2025-12-03,"Chinook Salmon","late-fall","O-5","HS","AC, AK","20",59.5,161,"C518",2025-11-25,"3:12",192,"2:07",127,"2:16",136,"jumpy","RT-18","2025-12-04 RT-18","O-2","HS","SB",""
"189","2026","Dec",2025-12-03,"Chinook Salmon","late-fall","O-5","HS","AC, AK","21",15.8,110,"BCE4",2025-11-25,"3:03",183,"1:23",83,"0:52",52,"","RT-19","2025-12-04 RT-19","O-2","HS","SB",""
"190","2026","Dec",2025-12-03,"Chinook Salmon","late-fall","O-5","HS","AC, AK","22",63.3,167,"BDE2",2025-11-25,"2:54",174,"1:44",104,"1:26",86,"","RT-19","2025-12-04 RT-19","O-2","HS","SB",""
"191","2026","Dec",2025-12-03,"Chinook Salmon","late-fall","O-5","HS","AC, AK","23",41.8,144,"C324",2025-11-25,"3:14",194,"1:30",90,"1:52",112,"","RT-19","2025-12-04 RT-19","O-2","HS","SB",""
"192","2026","Dec",2025-12-03,"Chinook Salmon","late-fall","O-5","HS","AC, AK","24",12.5,99,"C094",2025-11-25,"2:44",164,"1:19",79,"1:50",110,"","RT-19","2025-12-04 RT-19","O-2","HS","SB",""
"193","2026","Dec",2025-12-03,"Chinook Salmon","late-fall","O-5","HS","AC, AK","25",13,104,"C4F2",2025-11-25,"2:37",157,"1:24",84,"0:54",54,"","RT-19","2025-12-04 RT-19","O-2","HS","SB",""
"194","2026","Dec",2025-12-03,"Chinook Salmon","late-fall","O-5","HS","AC, AK","26",26,127,"C5A0",2025-11-25,"4:02",242,"2:02",122,"2:19",139,"","RT-19","2025-12-04 RT-19","O-2","HS","SB",""
"195","2026","Dec",2025-12-03,"Chinook Salmon","late-fall","O-5","HS","AC, AK","27",28.4,130,"BDE6",2025-11-25,"3:13",193,"1:25",85,"4:27",267,"","RT-19","2025-12-04 RT-19","O-2","HS","SB",""
"196","2026","Dec",2025-12-03,"Chinook Salmon","late-fall","O-5","HS","AC, AK","28",19.4,116,"C414",2025-11-25,"2:53",173,"1:18",78,"2:10",130,"","RT-19","2025-12-04 RT-19","O-2","HS","SB",""
"197","2026","Dec",2025-12-03,"Chinook Salmon","late-fall","O-5","HS","AC, AK","29",29.4,132,"BF24",2025-11-25,"2:48",168,"1:15",75,"3:05",185,"","RT-19","2025-12-04 RT-19","O-2","HS","SB",""
"198","2026","Dec",2025-12-03,"Chinook Salmon","late-fall","O-5","HS","AC, AK","30",12.5,102,"BE48",2025-11-25,"3:06",186,"1:28",88,"1:20",80,"","RT-19","2025-12-04 RT-19","O-2","HS","SB",""
"199","2026","Dec",2025-12-03,"Chinook Salmon","late-fall","O-5","HS","AC, AK","31",19.8,115,"C0B2",2025-11-25,"3:04",184,"1:18",78,"2:57",177,"","RT-20","2025-12-04 RT-20","O-2","HS","SB",""
"200","2026","Dec",2025-12-03,"Chinook Salmon","late-fall","O-5","HS","AC, AK","32",16.3,109,"C26C",2025-11-25,"2:57",177,"1:46",106,"2:06",126,"","RT-20","2025-12-04 RT-20","O-2","HS","SB",""
"201","2026","Dec",2025-12-03,"Chinook Salmon","late-fall","O-5","HS","AC, AK","33",30.8,130,"BCF2",2025-11-25,"2:55",175,"1:31",91,"2:52",172,"","RT-20","2025-12-04 RT-20","O-2","HS","SB",""
"202","2026","Dec",2025-12-03,"Chinook Salmon","late-fall","O-5","HS","AC, AK","34",13.4,105,"BD3C",2025-11-25,"2:37",157,"1:21",81,"2:43",163,"","RT-20","2025-12-04 RT-20","O-2","HS","SB",""
"203","2026","Dec",2025-12-03,"Chinook Salmon","late-fall","O-5","HS","AC, AK","35",46.8,152,"BEE2",2025-11-25,"3:28",208,"1:27",87,"4:21",261,"","RT-20","2025-12-04 RT-20","O-2","HS","SB",""
"204","2026","Dec",2025-12-03,"Chinook Salmon","late-fall","O-5","HS","AC, AK","36",11.7,98,"C02A",2025-11-25,"3:04",184,"1:21",81,"2:01",121,"","RT-20","2025-12-04 RT-20","O-2","HS","SB",""
"205","2026","Dec",2025-12-03,"Chinook Salmon","late-fall","O-5","HS","AC, AK","37",42.7,147,"C26E",2025-11-25,"3:13",193,"1:50",110,"2:55",175,"second incision","RT-20","2025-12-04 RT-20","O-2","HS","SB",""
"206","2026","Dec",2025-12-03,"Chinook Salmon","late-fall","O-5","HS","AC, AK","38",29.2,131,"C2C2",2025-11-25,"2:57",177,"1:29",89,"3:53",233,"","RT-20","2025-12-04 RT-20","O-2","HS","SB",""
"207","2026","Dec",2025-12-03,"Chinook Salmon","late-fall","O-5","HS","AC, AK","39",27.1,128,"C09A",2025-11-25,"2:51",171,"1:07",67,"5:11",311,"","RT-20","2025-12-04 RT-20","O-2","HS","SB",""
"208","2026","Dec",2025-12-03,"Chinook Salmon","late-fall","O-5","HS","AC, AK","40",37.6,140,"C35E",2025-11-25,"3:11",191,"1:50",110,"5:15",315,"jumpy","RT-20","2025-12-04 RT-20","O-2","HS","SB",""
"209","2026","Dec",2025-12-03,"Chinook Salmon","late-fall","O-5","AC","HS, AK","41",15.9,110,"C21A",2025-11-25,"2:41",161,"1:26",86,"1:24",84,"","RT-21","2025-12-04 RT-21","O-2","HS","SB",""
"210","2026","Dec",2025-12-03,"Chinook Salmon","late-fall","O-5","AC","HS, AK","42",47.7,155,"C2E4",2025-11-25,"2:58",178,"1:22",82,"1:32",92,"","RT-21","2025-12-04 RT-21","O-2","HS","SB",""
"211","2026","Dec",2025-12-03,"Chinook Salmon","late-fall","O-5","AC","HS, AK","43",19.8,116,"C4DE",2025-11-25,"2:29",149,"1:12",72,"2:31",151,"","RT-21","2025-12-04 RT-21","O-2","HS","SB",""
"212","2026","Dec",2025-12-03,"Chinook Salmon","late-fall","O-5","AC","HS, AK","44",48.2,153,"C482",2025-11-25,"2:38",158,"1:22",82,"2:12",132,"","RT-21","2025-12-04 RT-21","O-2","HS","SB",""
"213","2026","Dec",2025-12-03,"Chinook Salmon","late-fall","O-5","AC","HS, AK","45",45.8,152,"C5C8",2025-11-25,"2:58",178,"1:29",89,"2:28",148,"","RT-21","2025-12-04 RT-21","O-2","HS","SB",""
"214","2026","Dec",2025-12-03,"Chinook Salmon","late-fall","O-5","AC","HS, AK","46",30.3,134,"BF94",2025-11-25,"2:38",158,"1:55",115,"1:15",75,"","RT-21","2025-12-04 RT-21","O-2","HS","SB",""
"215","2026","Dec",2025-12-03,"Chinook Salmon","late-fall","O-5","AC","HS, AK","47",38.1,145,"C2D8",2025-11-25,"3:05",185,"1:17",77,"2:43",163,"","RT-21","2025-12-04 RT-21","O-2","HS","SB",""
"216","2026","Dec",2025-12-03,"Chinook Salmon","late-fall","O-5","AC","HS, AK","48",26.9,127,"C376",2025-11-25,"2:49",169,"1:20",80,"4:29",269,"","RT-21","2025-12-04 RT-21","O-2","HS","SB",""
"217","2026","Dec",2025-12-03,"Chinook Salmon","late-fall","O-5","AC","HS, AK","49",22.9,124,"BFAE",2025-11-25,"2:33",153,"1:07",67,"2:38",158,"","RT-21","2025-12-04 RT-21","O-2","HS","SB",""
"218","2026","Dec",2025-12-03,"Chinook Salmon","late-fall","O-5","AC","HS, AK","50",16.8,117,"C42C",2025-11-25,"3:11",191,"1:07",67,"1:55",115,"","RT-21","2025-12-04 RT-21","O-2","HS","SB",""
"219","2026","Dec",2025-12-03,"Chinook Salmon","late-fall","O-5","AC","HS, AK","51",25.4,126,"C58C",2025-11-25,"2:43",163,"1:12",72,"5:02",302,"","RT-22","2025-12-04 RT-22","O-2","HS","SB",""
"220","2026","Dec",2025-12-03,"Chinook Salmon","late-fall","O-5","AC","HS, AK","52",26.4,129,"BF12",2025-11-25,"2:19",139,"1:31",91,"1:29",89,"","RT-22","2025-12-04 RT-22","O-2","HS","SB",""
"221","2026","Dec",2025-12-03,"Chinook Salmon","late-fall","O-5","AC","HS, AK","53",61.3,162,"C4C8",2025-11-25,"2:44",164,"1:25",85,"1:19",79,"","RT-22","2025-12-04 RT-22","O-2","HS","SB",""
"222","2026","Dec",2025-12-03,"Chinook Salmon","late-fall","O-5","AC","HS, AK","54",21.9,120,"BF36",2025-11-25,"2:41",161,"1:09",69,"3:50",230,"","RT-22","2025-12-04 RT-22","O-2","HS","SB",""
"223","2026","Dec",2025-12-03,"Chinook Salmon","late-fall","O-5","AC","HS, AK","55",15.7,110,"BFB2",2025-11-25,"2:21",141,"1:19",79,"2:37",157,"","RT-22","2025-12-04 RT-22","O-2","HS","SB",""
"224","2026","Dec",2025-12-03,"Chinook Salmon","late-fall","O-5","AC","HS, AK","56",29.1,129,"C328",2025-11-25,"2:45",165,"1:05",65,"1:59",119,"","RT-22","2025-12-04 RT-22","O-2","HS","SB",""
"225","2026","Dec",2025-12-03,"Chinook Salmon","late-fall","O-5","AC","HS, AK","57",15.6,103,"C45C",2025-11-25,"2:50",170,"1:16",76,"2:31",151,"","RT-22","2025-12-04 RT-22","O-2","HS","SB",""
"226","2026","Dec",2025-12-03,"Chinook Salmon","late-fall","O-5","AC","HS, AK","58",36.5,141,"C168",2025-11-25,"2:48",168,"1:18",78,"3:08",188,"","RT-22","2025-12-04 RT-22","O-2","HS","SB",""
"227","2026","Dec",2025-12-03,"Chinook Salmon","late-fall","O-5","AC","HS, AK","59",20.3,118,"C4C4",2025-11-25,"2:56",176,"1:22",82,"3:20",200,"","RT-22","2025-12-04 RT-22","O-2","HS","SB",""
"228","2026","Dec",2025-12-03,"Chinook Salmon","late-fall","O-5","AC","HS, AK","60",18.9,116,"BE24",2025-11-25,"2:48",168,"1:17",77,"2:13",133,"","RT-22","2025-12-04 RT-22","O-2","HS","SB",""
"229","2026","Dec",2025-12-03,"Chinook Salmon","late-fall","O-5","AC","HS, AK","61",17.3,115,"C236",2025-11-25,"3:23",203,"1:09",69,"5:01",301,"","RT-23","2025-12-04 RT-23","O-8","HS","SB",""
"230","2026","Dec",2025-12-03,"Chinook Salmon","late-fall","O-5","AC","HS, AK","62",18.1,116,"C0A4",2025-11-25,"2:30",150,"1:29",89,"5:27",327,"","RT-23","2025-12-04 RT-23","O-8","HS","SB",""
"231","2026","Dec",2025-12-03,"Chinook Salmon","late-fall","O-5","AC","HS, AK","63",35.6,143,"C12E",2025-11-25,"2:45",165,"1:17",77,"4:58",298,"","RT-23","2025-12-04 RT-23","O-8","HS","SB",""
"232","2026","Dec",2025-12-03,"Chinook Salmon","late-fall","O-5","AC","HS, AK","64",29.8,130,"C04A",2025-11-25,"2:48",168,"1:17",77,"4:29",269,"","RT-23","2025-12-04 RT-23","O-8","HS","SB",""
"233","2026","Dec",2025-12-03,"Chinook Salmon","late-fall","O-5","AC","HS, AK","65",39.6,144,"C506",2025-11-25,"2:24",144,"1:36",96,"5:00",300,"","RT-23","2025-12-04 RT-23","O-8","HS","SB",""
"234","2026","Dec",2025-12-03,"Chinook Salmon","late-fall","O-5","AC","HS, AK","66",29.6,135,"BFB4",2025-11-25,"3:09",189,"1:20",80,"3:04",184,"","RT-23","2025-12-04 RT-23","O-8","HS","SB",""
"235","2026","Dec",2025-12-03,"Chinook Salmon","late-fall","O-5","AC","HS, AK","67",67.4,170,"C266",2025-11-25,"3:34",214,"1:36",96,"1:55",115,"","RT-23","2025-12-04 RT-23","O-8","HS","SB",""
"236","2026","Dec",2025-12-03,"Chinook Salmon","late-fall","O-5","AC","HS, AK","68",39.8,142,"C44C",2025-11-25,"3:35",215,"1:14",74,"3:31",211,"","RT-23","2025-12-04 RT-23","O-8","HS","SB",""
"237","2026","Dec",2025-12-03,"Chinook Salmon","late-fall","O-5","AC","HS, AK","69",29.1,126,"C4F6",2025-11-25,"2:09",129,"1:45",105,"3:22",202,"","RT-23","2025-12-04 RT-23","O-8","HS","SB",""
"238","2026","Dec",2025-12-03,"Chinook Salmon","late-fall","O-5","AC","HS, AK","70",31.5,132,"BE58",2025-11-25,"2:36",156,"1:24",84,"4:02",242,"","RT-23","2025-12-04 RT-23","O-8","HS","SB",""
"239","2026","Dec",2025-12-03,"Chinook Salmon","late-fall","O-5","AC","HS, AK","71",24.8,126,"BCD8",2025-11-25,"3:13",193,"1:19",79,"4:26",266,"","RT-24","2025-12-04 RT-24","O-8","HS","SB",""
"240","2026","Dec",2025-12-03,"Chinook Salmon","late-fall","O-5","AC","HS, AK","72",13.8,104,"C096",2025-11-25,"2:21",141,"1:18",78,"1:03",63,"","RT-24","2025-12-04 RT-24","O-8","HS","SB",""
"241","2026","Dec",2025-12-03,"Chinook Salmon","late-fall","O-5","AC","HS, AK","73",32.5,138,"C396",2025-11-25,"2:25",145,"1:58",118,"3:12",192,"jumpy","RT-24","2025-12-04 RT-24","O-8","HS","SB",""
"242","2026","Dec",2025-12-03,"Chinook Salmon","late-fall","O-5","AC","HS, AK","74",40.9,148,"BCF6",2025-11-25,"3:05",185,"1:37",97,"4:06",246,"","RT-24","2025-12-04 RT-24","O-8","HS","SB",""
"243","2026","Dec",2025-12-03,"Chinook Salmon","late-fall","O-5","AC","HS, AK","75",24.7,125,"BEA0",2025-11-25,"3:49",229,"1:15",75,"3:20",200,"","RT-24","2025-12-04 RT-24","O-8","HS","SB",""
"244","2026","Dec",2025-12-03,"Chinook Salmon","late-fall","O-5","AC","HS, AK","76",69.3,172,"C344",2025-11-25,"2:27",147,"1:36",96,"1:33",93,"","RT-24","2025-12-04 RT-24","O-8","HS","SB",""
"245","2026","Dec",2025-12-03,"Chinook Salmon","late-fall","O-5","AC","HS, AK","77",36.1,141,"BE5C",2025-11-25,"2:49",169,"1:38",98,"1:16",76,"","RT-24","2025-12-04 RT-24","O-8","HS","SB",""
"246","2026","Dec",2025-12-03,"Chinook Salmon","late-fall","O-5","AC","HS, AK","78",23.1,122,"C144",2025-11-25,"2:48",168,"1:23",83,"3:05",185,"","RT-24","2025-12-04 RT-24","O-8","HS","SB",""
"247","2026","Dec",2025-12-03,"Chinook Salmon","late-fall","O-5","AC","HS, AK","79",29.4,132,"BFBA",2025-11-25,"2:23",143,"1:23",83,"2:46",166,"jumpy, crooked incision","RT-24","2025-12-04 RT-24","O-8","HS","SB",""
"248","2026","Dec",2025-12-03,"Chinook Salmon","late-fall","O-5","AC","HS, AK","80",27.1,130,"BD88",2025-11-25,"2:31",151,"1:18",78,"4:04",244,"","RT-24","2025-12-04 RT-24","O-8","HS","SB",""
"249","2026","Dec",2025-12-03,"Chinook Salmon","late-fall","O-5","HS","AC, AK","D1",10.7,98,"A361",2025-11-25,"3:32",212,"1:22",82,"4:17",257,"",NA,NA,"I-3","HS","SB",""
"250","2026","Dec",2025-12-03,"Chinook Salmon","late-fall","O-5","HS","AC, AK","D2",33.9,142,"1DD2",2025-11-25,"2:59",179,"1:19",79,"4:24",264,"",NA,NA,"I-3","HS","SB",""
"251","2026","Dec",2025-12-03,"Chinook Salmon","late-fall","O-5","AC","HS, AK","D3",24.4,122,"9CA1",2025-11-25,"2:45",165,"1:17",77,"4:17",257,"",NA,NA,"I-3","HS","SB",""
"252","2026","Dec",2025-12-03,"Chinook Salmon","late-fall","O-5","AC","HS, AK","D4",18,114,"24EA",2025-11-25,"2:50",170,"2:04",124,"3:40",220,"jumpy, second incision",NA,NA,"I-3","HS","SB",""
"253","2026","Dec",2025-12-08,"Chinook Salmon","late-fall","O-6","HS","AC, AK","1",58.1,164,"BFD6",2025-12-04,"3:07",187,"1:16",76,"4:13",253,"","RT-1","2025-12-09 RT-1","O-2","HS","SB",""
"254","2026","Dec",2025-12-08,"Chinook Salmon","late-fall","O-6","HS","AC, AK","2",55,156,"C336",2025-12-04,"3:02",182,"1:31",91,"2:32",152,"","RT-1","2025-12-09 RT-1","O-2","HS","SB",""
"255","2026","Dec",2025-12-08,"Chinook Salmon","late-fall","O-6","HS","AC, AK","3",25.6,124,"C1D6",2025-12-04,"2:58",178,"1:39",99,"4:21",261,"","RT-1","2025-12-09 RT-1","O-2","HS","SB",""
"256","2026","Dec",2025-12-08,"Chinook Salmon","late-fall","O-6","HS","AC, AK","4",33.5,136,"C298",2025-12-04,"3:15",195,"1:25",85,"5:10",310,"","RT-1","2025-12-09 RT-1","O-2","HS","SB",""
"257","2026","Dec",2025-12-08,"Chinook Salmon","late-fall","O-6","HS","AC, AK","5",33.9,139,"BED8",2025-12-04,"2:51",171,"1:26",86,"3:28",208,"","RT-1","2025-12-09 RT-1","O-2","HS","SB",""
"258","2026","Dec",2025-12-08,"Chinook Salmon","late-fall","O-6","HS","AC, AK","6",39.6,142,"BEFA",2025-12-04,"3:26",206,"1:26",86,"1:06",66,"","RT-1","2025-12-09 RT-1","O-2","HS","SB",""
"259","2026","Dec",2025-12-08,"Chinook Salmon","late-fall","O-6","HS","AC, AK","7",57.2,158,"C30A",2025-12-04,"2:57",177,"1:25",85,"2:33",153,"","RT-1","2025-12-09 RT-1","O-2","HS","SB",""
"260","2026","Dec",2025-12-08,"Chinook Salmon","late-fall","O-6","HS","AC, AK","8",30,135,"C5B0",2025-12-04,"2:45",165,"1:14",74,"3:06",186,"","RT-1","2025-12-09 RT-1","O-2","HS","SB",""
"261","2026","Dec",2025-12-08,"Chinook Salmon","late-fall","O-6","HS","AC, AK","9",21.9,121,"BE6C",2025-12-04,"2:40",160,"1:28",88,"2:58",178,"jumped, jagged incision","RT-1","2025-12-09 RT-1","O-2","HS","SB",""
"262","2026","Dec",2025-12-08,"Chinook Salmon","late-fall","O-6","HS","AC, AK","10",44,154,"BD08",2025-12-04,"3:23",203,"1:36",96,"4:01",241,"","RT-1","2025-12-09 RT-1","O-2","HS","SB",""
"263","2026","Dec",2025-12-08,"Chinook Salmon","late-fall","O-6","HS","AC, AK","11",32.9,135,"BF44",2025-12-04,"3:02",182,"1:15",75,"2:09",129,"","RT-2","2025-12-09 RT-2","O-2","HS","SB",""
"264","2026","Dec",2025-12-08,"Chinook Salmon","late-fall","O-6","HS","AC, AK","12",29.9,134,"C136",2025-12-04,"2:57",177,"1:22",82,"3:19",199,"","RT-2","2025-12-09 RT-2","O-2","HS","SB",""
"265","2026","Dec",2025-12-08,"Chinook Salmon","late-fall","O-6","HS","AC, AK","13",19.6,117,"BF32",2025-12-04,"2:41",161,"1:32",92,"3:56",236,"","RT-2","2025-12-09 RT-2","O-2","HS","SB",""
"266","2026","Dec",2025-12-08,"Chinook Salmon","late-fall","O-6","HS","AC, AK","14",16.5,111,"BEBE",2025-12-04,"2:41",161,"1:22",82,"2:06",126,"","RT-2","2025-12-09 RT-2","O-2","HS","SB",""
"267","2026","Dec",2025-12-08,"Chinook Salmon","late-fall","O-6","HS","AC, AK","15",19.8,118,"BF2E",2025-12-04,"2:49",169,"1:23",83,"2:19",139,"","RT-2","2025-12-09 RT-2","O-2","HS","SB",""
"268","2026","Dec",2025-12-08,"Chinook Salmon","late-fall","O-6","HS","AC, AK","16",41.6,145,"C284",2025-12-04,"3:05",185,"1:41",101,"2:01",121,"","RT-2","2025-12-09 RT-2","O-2","HS","SB",""
"269","2026","Dec",2025-12-08,"Chinook Salmon","late-fall","O-6","HS","AC, AK","17",18.7,114,"BF28",2025-12-04,"3:05",185,"1:26",86,"2:49",169,"","RT-2","2025-12-09 RT-2","O-2","HS","SB",""
"270","2026","Dec",2025-12-08,"Chinook Salmon","late-fall","O-6","HS","AC, AK","18",45.9,152,"C132",2025-12-04,"2:49",169,"1:35",95,"3:20",200,"","RT-2","2025-12-09 RT-2","O-2","HS","SB",""
"271","2026","Dec",2025-12-08,"Chinook Salmon","late-fall","O-6","HS","AC, AK","19",36.6,144,"BF72",2025-12-04,"2:54",174,"1:17",77,"3:08",188,"","RT-2","2025-12-09 RT-2","O-2","HS","SB",""
"272","2026","Dec",2025-12-08,"Chinook Salmon","late-fall","O-6","HS","AC, AK","20",26.7,129,"C38A",2025-12-04,"3:01",181,"1:26",86,"2:37",157,"","RT-2","2025-12-09 RT-2","O-2","HS","SB",""
"273","2026","Dec",2025-12-08,"Chinook Salmon","late-fall","O-6","HS","AC, AK","21",14,105,"BFD2",2025-12-04,"2:34",154,"1:37",97,"3:16",196,"","RT-3","2025-12-09 RT-3","O-2","HS","SB",""
"274","2026","Dec",2025-12-08,"Chinook Salmon","late-fall","O-6","HS","AC, AK","22",25.8,127,"C1EA",2025-12-04,"2:39",159,"1:41",101,"2:27",147,"","RT-3","2025-12-09 RT-3","O-2","HS","SB",""
"275","2026","Dec",2025-12-08,"Chinook Salmon","late-fall","O-6","HS","AC, AK","23",11,102,"C2F4",2025-12-04,"2:50",170,"1:40",100,"1:58",118,"","RT-3","2025-12-09 RT-3","O-2","HS","SB",""
"276","2026","Dec",2025-12-08,"Chinook Salmon","late-fall","O-6","HS","AC, AK","24",56.6,166,"C578",2025-12-04,"2:38",158,"1:45",105,"0:55",55,"jumpy","RT-3","2025-12-09 RT-3","O-2","HS","SB",""
"277","2026","Dec",2025-12-08,"Chinook Salmon","late-fall","O-6","HS","AC, AK","25",31.5,135,"BF96",2025-12-04,"2:52",172,"1:06",66,"4:19",259,"","RT-3","2025-12-09 RT-3","O-2","HS","SB",""
"278","2026","Dec",2025-12-08,"Chinook Salmon","late-fall","O-6","HS","AC, AK","26",58.2,157,"C4A0",2025-12-04,"2:45",165,"1:28",88,"3:38",218,"","RT-3","2025-12-09 RT-3","O-2","HS","SB",""
"279","2026","Dec",2025-12-08,"Chinook Salmon","late-fall","O-6","HS","AC, AK","27",31.7,133,"C584",2025-12-04,"2:33",153,"1:14",74,"2:51",171,"","RT-3","2025-12-09 RT-3","O-2","HS","SB",""
"280","2026","Dec",2025-12-08,"Chinook Salmon","late-fall","O-6","HS","AC, AK","28",15.4,108,"C48E",2025-12-04,"2:39",159,"1:22",82,"5:22",322,"suture a little loose","RT-3","2025-12-09 RT-3","O-2","HS","SB",""
"281","2026","Dec",2025-12-08,"Chinook Salmon","late-fall","O-6","HS","AC, AK","29",14.3,107,"C36E",2025-12-04,"2:51",171,"1:30",90,"1:29",89,"","RT-3","2025-12-09 RT-3","O-2","HS","SB",""
"282","2026","Dec",2025-12-08,"Chinook Salmon","late-fall","O-6","HS","AC, AK","30",37.7,141,"BE98",2025-12-04,"3:09",189,"1:36",96,"3:49",229,"jumpy, jagged incision","RT-3","2025-12-09 RT-3","O-2","HS","SB",""
"283","2026","Dec",2025-12-08,"Chinook Salmon","late-fall","O-6","HS","AC, AK","31",22.9,131,"C3A6",2025-12-04,"2:57",177,"1:19",79,"3:31",211,"","RT-4","2025-12-09 RT-4","O-2","HS","SB",""
"284","2026","Dec",2025-12-08,"Chinook Salmon","late-fall","O-6","HS","AC, AK","32",39.1,144,"C2B0",2025-12-04,"2:42",162,"1:46",106,"1:38",98,"","RT-4","2025-12-09 RT-4","O-2","HS","SB",""
"285","2026","Dec",2025-12-08,"Chinook Salmon","late-fall","O-6","HS","AC, AK","33",62.5,168,"BD40",2025-12-04,"2:56",176,"1:31",91,"2:06",126,"","RT-4","2025-12-09 RT-4","O-2","HS","SB",""
"286","2026","Dec",2025-12-08,"Chinook Salmon","late-fall","O-6","HS","AC, AK","34",33.2,134,"BE72",2025-12-04,"2:36",156,"1:08",68,"1:24",84,"","RT-4","2025-12-09 RT-4","O-2","HS","SB",""
"287","2026","Dec",2025-12-08,"Chinook Salmon","late-fall","O-6","HS","AC, AK","35",19.6,115,"C1CA",2025-12-04,"2:51",171,"1:37",97,"0:37",37,"","RT-4","2025-12-09 RT-4","O-2","HS","SB",""
"288","2026","Dec",2025-12-08,"Chinook Salmon","late-fall","O-6","HS","AC, AK","36",9,89,"C1A8",2025-12-04,"3:05",185,"1:31",91,"1:02",62,"","RT-4","2025-12-09 RT-4","O-2","HS","SB",""
"289","2026","Dec",2025-12-08,"Chinook Salmon","late-fall","O-6","HS","AC, AK","37",20.9,119,"C5E4",2025-12-04,"2:46",166,"1:11",71,"4:01",241,"","RT-4","2025-12-09 RT-4","O-2","HS","SB",""
"290","2026","Dec",2025-12-08,"Chinook Salmon","late-fall","O-6","HS","AC, AK","38",41.5,148,"BE64",2025-12-04,"2:30",150,"1:18",78,"1:57",117,"","RT-4","2025-12-09 RT-4","O-2","HS","SB",""
"291","2026","Dec",2025-12-08,"Chinook Salmon","late-fall","O-6","HS","AC, AK","39",31.7,136,"BDDC",2025-12-04,"2:29",149,"1:20",80,"1:05",65,"","RT-4","2025-12-09 RT-4","O-2","HS","SB",""
"292","2026","Dec",2025-12-08,"Chinook Salmon","late-fall","O-6","HS","AC, AK","40",34.6,136,"C212",2025-12-04,"2:38",158,"1:29",89,"3:36",216,"deep split in caudal fin","RT-4","2025-12-09 RT-4","O-2","HS","SB",""
"293","2026","Dec",2025-12-08,"Chinook Salmon","late-fall","O-6","AC","HS, AK","41",15.8,111,"C326",2025-12-04,"2:48",168,"1:13",73,"2:00",120,"","RT-5","2025-12-09 RT-5","O-8","HS","SB",""
"294","2026","Dec",2025-12-08,"Chinook Salmon","late-fall","O-6","AC","HS, AK","42",50,155,"C228",2025-12-04,"2:44",164,"1:22",82,"1:41",101,"","RT-5","2025-12-09 RT-5","O-8","HS","SB",""
"295","2026","Dec",2025-12-08,"Chinook Salmon","late-fall","O-6","AC","HS, AK","43",11.2,102,"C4E4",2025-12-04,"2:16",136,"1:25",85,"2:44",164,"","RT-5","2025-12-09 RT-5","O-8","HS","SB",""
"296","2026","Dec",2025-12-08,"Chinook Salmon","late-fall","O-6","AC","HS, AK","44",34.5,140,"C57E",2025-12-04,"2:28",148,"1:28",88,"3:34",214,"","RT-5","2025-12-09 RT-5","O-8","HS","SB",""
"297","2026","Dec",2025-12-08,"Chinook Salmon","late-fall","O-6","AC","HS, AK","45",13.1,104,"C432",2025-12-04,"2:30",150,"1:39",99,"0:46",46,"","RT-5","2025-12-09 RT-5","O-8","HS","SB",""
"298","2026","Dec",2025-12-08,"Chinook Salmon","late-fall","O-6","AC","HS, AK","46",31.5,132,"C4E6",2025-12-04,"2:46",166,"1:36",96,"2:07",127,"","RT-5","2025-12-09 RT-5","O-8","HS","SB",""
"299","2026","Dec",2025-12-08,"Chinook Salmon","late-fall","O-6","AC","HS, AK","47",32.5,141,"C314",2025-12-04,"3:01",181,"0:58",58,"3:01",181,"","RT-5","2025-12-09 RT-5","O-8","HS","SB",""
"300","2026","Dec",2025-12-08,"Chinook Salmon","late-fall","O-6","AC","HS, AK","48",46.6,153,"BE14",2025-12-04,"2:09",129,"1:43",103,"2:47",167,"","RT-5","2025-12-09 RT-5","O-8","HS","SB",""
"301","2026","Dec",2025-12-08,"Chinook Salmon","late-fall","O-6","AC","HS, AK","49",23.6,123,"BF6E",2025-12-04,"2:43",163,"1:38",98,"1:32",92,"","RT-5","2025-12-09 RT-5","O-8","HS","SB",""
"302","2026","Dec",2025-12-08,"Chinook Salmon","late-fall","O-6","AC","HS, AK","50",36.5,140,"BE86",2025-12-04,"2:40",160,"1:34",94,"5:05",305,"","RT-5","2025-12-09 RT-5","O-8","HS","SB",""
"303","2026","Dec",2025-12-08,"Chinook Salmon","late-fall","O-6","AC","HS, AK","51",21.1,129,"C1B6",2025-12-04,"2:59",179,"1:36",96,"1:35",95,"","RT-6","2025-12-09 RT-6","O-8","HS","SB",""
"304","2026","Dec",2025-12-08,"Chinook Salmon","late-fall","O-6","AC","HS, AK","52",26.9,126,"C2C8",2025-12-04,"2:32",152,"1:17",77,"3:22",202,"","RT-6","2025-12-09 RT-6","O-8","HS","SB",""
"305","2026","Dec",2025-12-08,"Chinook Salmon","late-fall","O-6","AC","HS, AK","53",14.1,107,"C0AC",2025-12-04,"2:13",133,"1:21",81,"2:50",170,"jumpy","RT-6","2025-12-09 RT-6","O-8","HS","SB",""
"306","2026","Dec",2025-12-08,"Chinook Salmon","late-fall","O-6","AC","HS, AK","54",18.3,114,"C312",2025-12-04,"2:34",154,"1:21",81,"3:28",208,"","RT-6","2025-12-09 RT-6","O-8","HS","SB",""
"307","2026","Dec",2025-12-08,"Chinook Salmon","late-fall","O-6","AC","HS, AK","55",20.5,117,"BD82",2025-12-04,"2:49",169,"1:24",84,"3:04",184,"","RT-6","2025-12-09 RT-6","O-8","HS","SB",""
"308","2026","Dec",2025-12-08,"Chinook Salmon","late-fall","O-6","AC","HS, AK","56",15.4,106,"BF4E",2025-12-04,"2:36",156,"1:18",78,"3:14",194,"","RT-6","2025-12-09 RT-6","O-8","HS","SB",""
"309","2026","Dec",2025-12-08,"Chinook Salmon","late-fall","O-6","AC","HS, AK","57",29.1,131,"BEF6",2025-12-04,"2:57",177,"1:21",81,"4:40",280,"","RT-6","2025-12-09 RT-6","O-8","HS","SB",""
"310","2026","Dec",2025-12-08,"Chinook Salmon","late-fall","O-6","AC","HS, AK","58",59.1,163,"C0D6",2025-12-04,"3:16",196,"1:30",90,"1:09",69,"","RT-6","2025-12-09 RT-6","O-8","HS","SB",""
"311","2026","Dec",2025-12-08,"Chinook Salmon","late-fall","O-6","AC","HS, AK","59",35.7,140,"BEE4",2025-12-04,"3:19",199,"1:14",74,"2:12",132,"","RT-6","2025-12-09 RT-6","O-8","HS","SB",""
"312","2026","Dec",2025-12-08,"Chinook Salmon","late-fall","O-6","AC","HS, AK","60",37.4,144,"C40A",2025-12-04,"2:44",164,"1:24",84,"3:14",194,"","RT-6","2025-12-09 RT-6","O-8","HS","SB",""
"313","2026","Dec",2025-12-08,"Chinook Salmon","late-fall","O-6","AC","HS, AK","61",20.2,115,"C22E",2025-12-04,"2:41",161,"1:17",77,"2:43",163,"","RT-7","2025-12-09 RT-7","O-8","HS","SB",""
"314","2026","Dec",2025-12-08,"Chinook Salmon","late-fall","O-6","AC","HS, AK","62",16.1,109,"C5BE",2025-12-04,"2:33",153,"1:22",82,"3:04",184,"","RT-7","2025-12-09 RT-7","O-8","HS","SB",""
"315","2026","Dec",2025-12-08,"Chinook Salmon","late-fall","O-6","AC","HS, AK","63",36.9,143,"C1D2",2025-12-04,"2:11",131,"1:21",81,"2:44",164,"","RT-7","2025-12-09 RT-7","O-8","HS","SB",""
"316","2026","Dec",2025-12-08,"Chinook Salmon","late-fall","O-6","AC","HS, AK","64",10.9,99,"C342",2025-12-04,"3:05",185,"1:39",99,"3:59",239,"","RT-7","2025-12-09 RT-7","O-8","HS","SB",""
"317","2026","Dec",2025-12-08,"Chinook Salmon","late-fall","O-6","AC","HS, AK","65",36.4,144,"C586",2025-12-04,"2:33",153,"1:23",83,"3:29",209,"","RT-7","2025-12-09 RT-7","O-8","HS","SB",""
"318","2026","Dec",2025-12-08,"Chinook Salmon","late-fall","O-6","AC","HS, AK","66",24.9,128,"C46E",2025-12-04,"2:58",178,"1:19",79,"3:51",231,"","RT-7","2025-12-09 RT-7","O-8","HS","SB",""
"319","2026","Dec",2025-12-08,"Chinook Salmon","late-fall","O-6","AC","HS, AK","67",65.3,169,"C1A6",2025-12-04,"2:56",176,"1:56",116,"1:37",97,"jumped, crooked incision","RT-7","2025-12-09 RT-7","O-8","HS","SB",""
"320","2026","Dec",2025-12-08,"Chinook Salmon","late-fall","O-6","AC","HS, AK","68",56.5,168,"BFDA",2025-12-04,"3:52",232,"1:53",113,"1:43",103,"jumped, curved incision","RT-7","2025-12-09 RT-7","O-8","HS","SB",""
"321","2026","Dec",2025-12-08,"Chinook Salmon","late-fall","O-6","AC","HS, AK","69",30.6,135,"BEEC",2025-12-04,"3:05",185,"1:17",77,"2:27",147,"","RT-7","2025-12-09 RT-7","O-8","HS","SB",""
"322","2026","Dec",2025-12-08,"Chinook Salmon","late-fall","O-6","AC","HS, AK","70",13.8,103,"C4CC",2025-12-04,"2:26",146,"1:21",81,"1:26",86,"","RT-7","2025-12-09 RT-7","O-8","HS","SB",""
"323","2026","Dec",2025-12-08,"Chinook Salmon","late-fall","O-6","AC","HS, AK","71",39.9,145,"C242",2025-12-04,"2:29",149,"1:19",79,"2:10",130,"","RT-8","2025-12-09 RT-8","O-8","HS","SB",""
"324","2026","Dec",2025-12-08,"Chinook Salmon","late-fall","O-6","AC","HS, AK","72",58.1,160,"C35C",2025-12-04,"3:30",210,"1:24",84,"1:31",91,"","RT-8","2025-12-09 RT-8","O-8","HS","SB",""
"325","2026","Dec",2025-12-08,"Chinook Salmon","late-fall","O-6","AC","HS, AK","73",31.1,135,"BE46",2025-12-04,"2:30",150,"1:14",74,"2:48",168,"","RT-8","2025-12-09 RT-8","O-8","HS","SB",""
"326","2026","Dec",2025-12-08,"Chinook Salmon","late-fall","O-6","AC","HS, AK","74",19.6,117,"BE90",2025-12-04,"2:26",146,"1:35",95,"2:18",138,"","RT-8","2025-12-09 RT-8","O-8","HS","SB",""
"327","2026","Dec",2025-12-08,"Chinook Salmon","late-fall","O-6","AC","HS, AK","75",65.5,170,"BE3A",2025-12-04,"2:50",170,"1:58",118,"2:30",150,"","RT-8","2025-12-09 RT-8","O-8","HS","SB",""
"328","2026","Dec",2025-12-08,"Chinook Salmon","late-fall","O-6","AC","HS, AK","76",65.8,169,"C162",2025-12-04,"3:12",192,"1:13",73,"1:00",60,"","RT-8","2025-12-09 RT-8","O-8","HS","SB",""
"329","2026","Dec",2025-12-08,"Chinook Salmon","late-fall","O-6","AC","HS, AK","77",14.2,105,"C4C6",2025-12-04,"2:48",168,"1:20",80,"1:09",69,"","RT-8","2025-12-09 RT-8","O-8","HS","SB",""
"330","2026","Dec",2025-12-08,"Chinook Salmon","late-fall","O-6","AC","HS, AK","78",27,131,"BE5E",2025-12-04,"2:58",178,"1:20",80,"1:36",96,"","RT-8","2025-12-09 RT-8","O-8","HS","SB",""
"331","2026","Dec",2025-12-08,"Chinook Salmon","late-fall","O-6","AC","HS, AK","79",47,152,"C3A4",2025-12-04,"2:23",143,"1:43",103,"1:29",89,"","RT-8","2025-12-09 RT-8","O-8","HS","SB",""
"332","2026","Dec",2025-12-08,"Chinook Salmon","late-fall","O-6","AC","HS, AK","80",20,126,"C23A",2025-12-04,"2:41",161,"1:14",74,"1:53",113,"","RT-8","2025-12-09 RT-8","O-8","HS","SB",""
"333","2026","Dec",2025-12-08,"Chinook Salmon","late-fall","O-6","HS","AC, AK","D1",36.2,138,"96D8",2025-12-04,"2:46",166,"1:18",78,"4:20",260,"",NA,NA,"I-3","HS","SB",""
"334","2026","Dec",2025-12-08,"Chinook Salmon","late-fall","O-6","HS","AC, AK","D2",46.3,160,"2055",2025-12-04,"3:13",193,"1:38",98,"1:55",115,"",NA,NA,"I-3","HS","SB",""
"335","2026","Dec",2025-12-08,"Chinook Salmon","late-fall","O-6","AC","HS, AK","D3",17.8,116,"9DBD",2025-12-04,"2:49",169,"1:15",75,"4:43",283,"",NA,NA,"I-3","HS","SB",""
"336","2026","Dec",2025-12-08,"Chinook Salmon","late-fall","O-6","AC","HS, AK","D4",35.8,144,"9362",2025-12-04,"2:40",160,"1:32",92,"3:10",190,"jumpy",NA,NA,"I-3","HS","SB",""
"337","2026","Dec",2025-12-09,"Chinook Salmon","late-fall","O-7","HS","AC, JI","1",55.1,164,"BD3E",2025-12-04,"3:08",188,"1:18",78,"3:54",234,"","RT-9","2025-12-10 RT-9","O-2","HS","SB",""
"338","2026","Dec",2025-12-09,"Chinook Salmon","late-fall","O-7","HS","AC, JI","2",29.9,131,"BF46",2025-12-04,"2:51",171,"1:27",87,"3:27",207,"","RT-9","2025-12-10 RT-9","O-2","HS","SB",""
"339","2026","Dec",2025-12-09,"Chinook Salmon","late-fall","O-7","HS","AC, JI","3",44.1,150,"C50E",2025-12-04,"2:49",169,"1:23",83,"1:55",115,"","RT-9","2025-12-10 RT-9","O-2","HS","SB",""
"340","2026","Dec",2025-12-09,"Chinook Salmon","late-fall","O-7","HS","AC, JI","4",41.7,149,"C3A2",2025-12-04,"2:37",157,"1:41",101,"3:54",234,"","RT-9","2025-12-10 RT-9","O-2","HS","SB",""
"341","2026","Dec",2025-12-09,"Chinook Salmon","late-fall","O-7","HS","AC, JI","5",23.7,124,"C0D4",2025-12-04,"2:09",129,"1:12",72,"2:05",125,"","RT-9","2025-12-10 RT-9","O-2","HS","SB",""
"342","2026","Dec",2025-12-09,"Chinook Salmon","late-fall","O-7","HS","AC, JI","6",30.6,138,"C484",2025-12-04,"3:14",194,"1:06",66,"2:45",165,"","RT-9","2025-12-10 RT-9","O-2","HS","SB",""
"343","2026","Dec",2025-12-09,"Chinook Salmon","late-fall","O-7","HS","AC, JI","7",21.2,120,"C450",2025-12-04,"2:55",175,"1:30",90,"3:02",182,"","RT-9","2025-12-10 RT-9","O-2","HS","SB",""
"344","2026","Dec",2025-12-09,"Chinook Salmon","late-fall","O-7","HS","AC, JI","8",32.9,135,"C272",2025-12-04,"2:54",174,"1:13",73,"4:10",250,"","RT-9","2025-12-10 RT-9","O-2","HS","SB",""
"345","2026","Dec",2025-12-09,"Chinook Salmon","late-fall","O-7","HS","AC, JI","9",60.9,163,"BDCC",2025-12-04,"2:39",159,"1:29",89,"3:12",192,"","RT-9","2025-12-10 RT-9","O-2","HS","SB",""
"346","2026","Dec",2025-12-09,"Chinook Salmon","late-fall","O-7","HS","AC, JI","10",29.7,145,"C24C",2025-12-04,"3:10",190,"1:27",87,"2:34",154,"","RT-9","2025-12-10 RT-9","O-2","HS","SB",""
"347","2026","Dec",2025-12-09,"Chinook Salmon","late-fall","O-7","HS","AC, JI","11",25.1,126,"BCFA",2025-12-04,"3:07",187,"1:27",87,"3:43",223,"","RT-10","2025-12-10 RT-10","O-2","HS","SB",""
"348","2026","Dec",2025-12-09,"Chinook Salmon","late-fall","O-7","HS","AC, JI","12",58,161,"BD20",2025-12-04,"3:06",186,"1:12",72,"3:41",221,"","RT-10","2025-12-10 RT-10","O-2","HS","SB",""
"349","2026","Dec",2025-12-09,"Chinook Salmon","late-fall","O-7","HS","AC, JI","13",40.9,146,"BE44",2025-12-04,"2:49",169,"1:20",80,"3:17",197,"","RT-10","2025-12-10 RT-10","O-2","HS","SB",""
"350","2026","Dec",2025-12-09,"Chinook Salmon","late-fall","O-7","HS","AC, JI","14",26.6,128,"C19A",2025-12-04,"2:33",153,"1:14",74,"2:44",164,"","RT-10","2025-12-10 RT-10","O-2","HS","SB",""
"351","2026","Dec",2025-12-09,"Chinook Salmon","late-fall","O-7","HS","AC, JI","15",31,134,"C36C",2025-12-04,"2:31",151,"1:16",76,"0:52",52,"","RT-10","2025-12-10 RT-10","O-2","HS","SB",""
"352","2026","Dec",2025-12-09,"Chinook Salmon","late-fall","O-7","HS","AC, JI","16",25.8,124,"C34E",2025-12-04,"2:31",151,"1:26",86,"2:26",146,"","RT-10","2025-12-10 RT-10","O-2","HS","SB",""
"353","2026","Dec",2025-12-09,"Chinook Salmon","late-fall","O-7","HS","AC, JI","17",62.5,164,"C164",2025-12-04,"3:36",216,"1:17",77,"2:32",152,"","RT-10","2025-12-10 RT-10","O-2","HS","SB",""
"354","2026","Dec",2025-12-09,"Chinook Salmon","late-fall","O-7","HS","AC, JI","18",11.3,96,"BECC",2025-12-04,"2:52",172,"1:33",93,"4:15",255,"","RT-10","2025-12-10 RT-10","O-2","HS","SB",""
"355","2026","Dec",2025-12-09,"Chinook Salmon","late-fall","O-7","HS","AC, JI","19",14.1,106,"C246",2025-12-04,"2:54",174,"1:31",91,"3:18",198,"","RT-10","2025-12-10 RT-10","O-2","HS","SB",""
"356","2026","Dec",2025-12-09,"Chinook Salmon","late-fall","O-7","HS","AC, JI","20",34.9,144,"BDC8",2025-12-04,"2:19",139,"1:03",63,"4:15",255,"","RT-10","2025-12-10 RT-10","O-2","HS","SB",""
"357","2026","Dec",2025-12-09,"Chinook Salmon","late-fall","O-7","HS","AC, JI","21",31,136,"BE9C",2025-12-04,"2:43",163,"1:40",100,"2:14",134,"","RT-11","2025-12-10 RT-11","O-8","HS","SB",""
"358","2026","Dec",2025-12-09,"Chinook Salmon","late-fall","O-7","HS","AC, JI","22",47.8,155,"BFA4",2025-12-04,"3:00",180,"1:28",88,"1:15",75,"","RT-11","2025-12-10 RT-11","O-8","HS","SB",""
"359","2026","Dec",2025-12-09,"Chinook Salmon","late-fall","O-7","HS","AC, JI","23",20.7,120,"C27A",2025-12-04,"4:15",255,"1:14",74,"3:49",229,"","RT-11","2025-12-10 RT-11","O-8","HS","SB",""
"360","2026","Dec",2025-12-09,"Chinook Salmon","late-fall","O-7","HS","AC, JI","24",24.8,125,"C5DC",2025-12-04,"2:43",163,"2:13",133,"3:56",236,"","RT-11","2025-12-10 RT-11","O-8","HS","SB",""
"361","2026","Dec",2025-12-09,"Chinook Salmon","late-fall","O-7","HS","AC, JI","25",42,148,"C48C",2025-12-04,"3:20",200,"1:33",93,"3:26",206,"","RT-11","2025-12-10 RT-11","O-8","HS","SB",""
"362","2026","Dec",2025-12-09,"Chinook Salmon","late-fall","O-7","HS","AC, JI","26",29.6,135,"BF76",2025-12-04,"2:38",158,"1:20",80,"1:41",101,"","RT-11","2025-12-10 RT-11","O-8","HS","SB",""
"363","2026","Dec",2025-12-09,"Chinook Salmon","late-fall","O-7","HS","AC, JI","27",28,134,"C262",2025-12-04,"3:01",181,"1:21",81,"1:16",76,"","RT-11","2025-12-10 RT-11","O-8","HS","SB",""
"364","2026","Dec",2025-12-09,"Chinook Salmon","late-fall","O-7","HS","AC, JI","28",14.4,103,"C1A4",2025-12-04,"2:41",161,"2:24",144,"1:47",107,"","RT-11","2025-12-10 RT-11","O-8","HS","SB",""
"365","2026","Dec",2025-12-09,"Chinook Salmon","late-fall","O-7","HS","AC, JI","29",24.1,127,"C274",2025-12-04,"3:11",191,"1:20",80,"4:03",243,"","RT-11","2025-12-10 RT-11","O-8","HS","SB",""
"366","2026","Dec",2025-12-09,"Chinook Salmon","late-fall","O-7","HS","AC, JI","30",50.4,157,"C14C",2025-12-04,"4:00",240,"1:38",98,"1:21",81,"","RT-11","2025-12-10 RT-11","O-8","HS","SB",""
"367","2026","Dec",2025-12-09,"Chinook Salmon","late-fall","O-7","HS","AC, JI","31",35.9,138,"BF92",2025-12-04,"2:47",167,"1:18",78,"4:03",243,"","RT-12","2025-12-10 RT-12","O-8","HS","SB",""
"368","2026","Dec",2025-12-09,"Chinook Salmon","late-fall","O-7","HS","AC, JI","32",41.1,145,"C3AE",2025-12-04,"2:57",177,"1:21",81,"2:31",151,"","RT-12","2025-12-10 RT-12","O-8","HS","SB",""
"369","2026","Dec",2025-12-09,"Chinook Salmon","late-fall","O-7","HS","AC, JI","33",19.2,114,"C28C",2025-12-04,"2:56",176,"1:12",72,"2:26",146,"","RT-12","2025-12-10 RT-12","O-8","HS","SB",""
"370","2026","Dec",2025-12-09,"Chinook Salmon","late-fall","O-7","HS","AC, JI","34",19.9,115,"C31A",2025-12-04,"2:51",171,"1:26",86,"4:13",253,"","RT-12","2025-12-10 RT-12","O-8","HS","SB",""
"371","2026","Dec",2025-12-09,"Chinook Salmon","late-fall","O-7","HS","AC, JI","35",18.2,112,"C462",2025-12-04,"2:41",161,"1:18",78,"2:54",174,"","RT-12","2025-12-10 RT-12","O-8","HS","SB",""
"372","2026","Dec",2025-12-09,"Chinook Salmon","late-fall","O-7","HS","AC, JI","36",51,159,"BE66",2025-12-04,"2:38",158,"1:58",118,"1:28",88,"","RT-12","2025-12-10 RT-12","O-8","HS","SB",""
"373","2026","Dec",2025-12-09,"Chinook Salmon","late-fall","O-7","HS","AC, JI","37",24.1,122,"BDEE",2025-12-04,"3:00",180,"1:43",103,"2:43",163,"","RT-12","2025-12-10 RT-12","O-8","HS","SB",""
"374","2026","Dec",2025-12-09,"Chinook Salmon","late-fall","O-7","HS","AC, JI","38",11,96,"C54E",2025-12-04,"2:02",122,"1:44",104,"1:12",72,"","RT-12","2025-12-10 RT-12","O-8","HS","SB",""
"375","2026","Dec",2025-12-09,"Chinook Salmon","late-fall","O-7","HS","AC, JI","39",27.4,130,"BEE8",2025-12-04,"2:53",173,"1:19",79,"2:52",172,"","RT-12","2025-12-10 RT-12","O-8","HS","SB",""
"376","2026","Dec",2025-12-09,"Chinook Salmon","late-fall","O-7","HS","AC, JI","40",42.9,149,"C508",2025-12-04,"3:25",205,"1:52",112,"2:36",156,"","RT-12","2025-12-10 RT-12","O-8","HS","SB",""
"377","2026","Dec",2025-12-09,"Chinook Salmon","late-fall","O-7","AC","HS, JI","41",68.8,169,"C486",2025-12-04,"3:50",230,"1:29",89,"2:50",170,"","RT-13","2025-12-10 RT-13","O-2","HS","SB",""
"378","2026","Dec",2025-12-09,"Chinook Salmon","late-fall","O-7","AC","HS, JI","42",48.5,158,"C1B2",2025-12-04,"2:49",169,"1:23",83,"2:03",123,"","RT-13","2025-12-10 RT-13","O-2","HS","SB",""
"379","2026","Dec",2025-12-09,"Chinook Salmon","late-fall","O-7","AC","HS, JI","43",28.9,132,"BF3A",2025-12-04,"2:48",168,"1:19",79,"2:17",137,"","RT-13","2025-12-10 RT-13","O-2","HS","SB",""
"380","2026","Dec",2025-12-09,"Chinook Salmon","late-fall","O-7","AC","HS, JI","44",28.2,129,"C32C",2025-12-04,"3:00",180,"1:21",81,"4:06",246,"","RT-13","2025-12-10 RT-13","O-2","HS","SB",""
"381","2026","Dec",2025-12-09,"Chinook Salmon","late-fall","O-7","AC","HS, JI","45",30.1,135,"C05A",2025-12-04,"2:48",168,"0:56",56,"2:24",144,"","RT-13","2025-12-10 RT-13","O-2","HS","SB",""
"382","2026","Dec",2025-12-09,"Chinook Salmon","late-fall","O-7","AC","HS, JI","46",38.2,144,"C42E",2025-12-04,"2:48",168,"1:09",69,"3:41",221,"","RT-13","2025-12-10 RT-13","O-2","HS","SB",""
"383","2026","Dec",2025-12-09,"Chinook Salmon","late-fall","O-7","AC","HS, JI","47",53.5,162,"C1A2",2025-12-04,"2:28",148,"1:35",95,"3:00",180,"","RT-13","2025-12-10 RT-13","O-2","HS","SB",""
"384","2026","Dec",2025-12-09,"Chinook Salmon","late-fall","O-7","AC","HS, JI","48",38.6,145,"BD30",2025-12-04,"2:30",150,"1:22",82,"1:42",102,"","RT-13","2025-12-10 RT-13","O-2","HS","SB",""
"385","2026","Dec",2025-12-09,"Chinook Salmon","late-fall","O-7","AC","HS, JI","49",39.9,146,"BF4C",2025-12-04,"2:37",157,"1:39",99,"4:22",262,"","RT-13","2025-12-10 RT-13","O-2","HS","SB",""
"386","2026","Dec",2025-12-09,"Chinook Salmon","late-fall","O-7","AC","HS, JI","50",25.5,124,"C350",2025-12-04,"2:58",178,"1:17",77,"0:55",55,"","RT-13","2025-12-10 RT-13","O-2","HS","SB",""
"387","2026","Dec",2025-12-09,"Chinook Salmon","late-fall","O-7","AC","HS, JI","51",70.3,170,"C4CE",2025-12-04,"2:18",138,"1:45",105,"1:38",98,"","RT-14","2025-12-10 RT-14","O-2","HS","SB",""
"388","2026","Dec",2025-12-09,"Chinook Salmon","late-fall","O-7","AC","HS, JI","52",46.5,147,"BD8C",2025-12-04,"1:45",105,"0:57",57,"3:25",205,"","RT-14","2025-12-10 RT-14","O-2","HS","SB",""
"389","2026","Dec",2025-12-09,"Chinook Salmon","late-fall","O-7","AC","HS, JI","53",35.9,141,"BF22",2025-12-04,"2:41",161,"1:18",78,"3:22",202,"","RT-14","2025-12-10 RT-14","O-2","HS","SB",""
"390","2026","Dec",2025-12-09,"Chinook Salmon","late-fall","O-7","AC","HS, JI","54",44.5,156,"C5CC",2025-12-04,"2:36",156,"1:15",75,"1:58",118,"","RT-14","2025-12-10 RT-14","O-2","HS","SB",""
"391","2026","Dec",2025-12-09,"Chinook Salmon","late-fall","O-7","AC","HS, JI","55",25,125,"C458",2025-12-04,"2:20",140,"1:14",74,"1:36",96,"","RT-14","2025-12-10 RT-14","O-2","HS","SB",""
"392","2026","Dec",2025-12-09,"Chinook Salmon","late-fall","O-7","AC","HS, JI","56",56.9,161,"C2B8",2025-12-04,"2:23",143,"1:34",94,"0:40",40,"","RT-14","2025-12-10 RT-14","O-2","HS","SB",""
"393","2026","Dec",2025-12-09,"Chinook Salmon","late-fall","O-7","AC","HS, JI","57",27,130,"C290",2025-12-04,"2:46",166,"1:24",84,"3:49",229,"crooked incision","RT-14","2025-12-10 RT-14","O-2","HS","SB",""
"394","2026","Dec",2025-12-09,"Chinook Salmon","late-fall","O-7","AC","HS, JI","58",23.6,122,"C33A",2025-12-04,"2:39",159,"1:11",71,"3:27",207,"","RT-14","2025-12-10 RT-14","O-2","HS","SB",""
"395","2026","Dec",2025-12-09,"Chinook Salmon","late-fall","O-7","AC","HS, JI","59",21.8,121,"C248",2025-12-04,"2:21",141,"1:40",100,"1:47",107,"jumpy","RT-14","2025-12-10 RT-14","O-2","HS","SB",""
"396","2026","Dec",2025-12-09,"Chinook Salmon","late-fall","O-7","AC","HS, JI","60",42.8,149,"C2A0",2025-12-04,"2:38",158,"1:29",89,"3:37",217,"","RT-14","2025-12-10 RT-14","O-2","HS","SB",""
"397","2026","Dec",2025-12-09,"Chinook Salmon","late-fall","O-7","AC","HS, JI","61",50.1,160,"C530",2025-12-04,"2:53",173,"1:25",85,"0:50",50,"","RT-15","2025-12-10 RT-15","O-2","HS","SB",""
"398","2026","Dec",2025-12-09,"Chinook Salmon","late-fall","O-7","AC","HS, JI","62",29.4,135,"C172",2025-12-04,"2:38",158,"1:23",83,"1:13",73,"","RT-15","2025-12-10 RT-15","O-2","HS","SB",""
"399","2026","Dec",2025-12-09,"Chinook Salmon","late-fall","O-7","AC","HS, JI","63",30.8,136,"C444",2025-12-04,"2:40",160,"1:16",76,"3:58",238,"crooked/jagged incision","RT-15","2025-12-10 RT-15","O-2","HS","SB",""
"400","2026","Dec",2025-12-09,"Chinook Salmon","late-fall","O-7","AC","HS, JI","64",38.8,143,"C504",2025-12-04,"3:44",224,"1:25",85,"3:01",181,"","RT-15","2025-12-10 RT-15","O-2","HS","SB",""
"401","2026","Dec",2025-12-09,"Chinook Salmon","late-fall","O-7","AC","HS, JI","65",44.6,150,"C366",2025-12-04,"2:42",162,"1:21",81,"1:43",103,"","RT-15","2025-12-10 RT-15","O-2","HS","SB",""
"402","2026","Dec",2025-12-09,"Chinook Salmon","late-fall","O-7","AC","HS, JI","66",20.6,121,"C488",2025-12-04,"2:31",151,"1:28",88,"2:56",176,"","RT-15","2025-12-10 RT-15","O-2","HS","SB",""
"403","2026","Dec",2025-12-09,"Chinook Salmon","late-fall","O-7","AC","HS, JI","67",39.9,149,"BFD4",2025-12-04,"2:45",165,"1:28",88,"2:47",167,"","RT-15","2025-12-10 RT-15","O-2","HS","SB",""
"404","2026","Dec",2025-12-09,"Chinook Salmon","late-fall","O-7","AC","HS, JI","68",16.4,110,"C3D4",2025-12-04,"2:40",160,"1:30",90,"3:35",215,"","RT-15","2025-12-10 RT-15","O-2","HS","SB",""
"405","2026","Dec",2025-12-09,"Chinook Salmon","late-fall","O-7","AC","HS, JI","69",22.5,130,"BEEE",2025-12-04,"2:44",164,"1:22",82,"2:10",130,"","RT-15","2025-12-10 RT-15","O-2","HS","SB",""
"406","2026","Dec",2025-12-09,"Chinook Salmon","late-fall","O-7","AC","HS, JI","70",22.7,125,"BD9E",2025-12-04,"2:40",160,"1:28",88,"2:25",145,"","RT-15","2025-12-10 RT-15","O-2","HS","SB",""
"407","2026","Dec",2025-12-09,"Chinook Salmon","late-fall","O-7","AC","HS, JI","71",44.9,147,"C5C6",2025-12-04,"2:27",147,"1:22",82,"3:20",200,"","RT-16","2025-12-10 RT-16","O-2","HS","SB",""
"408","2026","Dec",2025-12-09,"Chinook Salmon","late-fall","O-7","AC","HS, JI","72",45.9,155,"BEB8",2025-12-04,"3:13",193,"1:25",85,"0:42",42,"","RT-16","2025-12-10 RT-16","O-2","HS","SB",""
"409","2026","Dec",2025-12-09,"Chinook Salmon","late-fall","O-7","AC","HS, JI","73",6.2,85,"BEDC",2025-12-04,"3:08",188,"1:45",105,"2:50",170,"","RT-16","2025-12-10 RT-16","O-2","HS","SB",""
"410","2026","Dec",2025-12-09,"Chinook Salmon","late-fall","O-7","AC","HS, JI","74",31.2,134,"C416",2025-12-04,"3:17",197,"1:15",75,"2:18",138,"","RT-16","2025-12-10 RT-16","O-2","HS","SB",""
"411","2026","Dec",2025-12-09,"Chinook Salmon","late-fall","O-7","AC","HS, JI","75",22.2,121,"BD0C",2025-12-04,"2:20",140,"1:28",88,"0:50",50,"","RT-16","2025-12-10 RT-16","O-2","HS","SB",""
"412","2026","Dec",2025-12-09,"Chinook Salmon","late-fall","O-7","AC","HS, JI","76",30,133,"C0A8",2025-12-04,"2:32",152,"1:14",74,"2:07",127,"","RT-16","2025-12-10 RT-16","O-2","HS","SB",""
"413","2026","Dec",2025-12-09,"Chinook Salmon","late-fall","O-7","AC","HS, JI","77",16.6,114,"C442",2025-12-04,"2:40",160,"1:24",84,"2:05",125,"","RT-16","2025-12-10 RT-16","O-2","HS","SB",""
"414","2026","Dec",2025-12-09,"Chinook Salmon","late-fall","O-7","AC","HS, JI","78",23.3,122,"BD38",2025-12-04,"2:17",137,"1:09",69,"2:22",142,"","RT-16","2025-12-10 RT-16","O-2","HS","SB",""
"415","2026","Dec",2025-12-09,"Chinook Salmon","late-fall","O-7","AC","HS, JI","79",34.1,143,"C134",2025-12-04,"2:54",174,"1:13",73,"3:30",210,"","RT-16","2025-12-10 RT-16","O-2","HS","SB",""
"416","2026","Dec",2025-12-09,"Chinook Salmon","late-fall","O-7","AC","HS, JI","80",30.2,139,"C224",2025-12-04,"3:37",217,"1:08",68,"2:45",165,"","RT-16","2025-12-10 RT-16","O-2","HS","SB",""
"417","2026","Dec",2025-12-09,"Chinook Salmon","late-fall","O-7","HS","AC, JI","D1",34.9,139,"16C6",2025-12-04,"3:19",199,"1:32",92,"1:25",85,"",NA,NA,"I-3","HS","SB",""
"418","2026","Dec",2025-12-09,"Chinook Salmon","late-fall","O-7","HS","AC, JI","D2",32.2,135,"95E9",2025-12-04,"3:12",192,"1:28",88,"4:38",278,"",NA,NA,"I-3","HS","SB",""
"419","2026","Dec",2025-12-09,"Chinook Salmon","late-fall","O-7","AC","HS, JI","D3",24.8,126,"95BA",2025-12-04,"2:40",160,"1:18",78,"1:00",60,"",NA,NA,"I-3","HS","SB",""
"420","2026","Dec",2025-12-09,"Chinook Salmon","late-fall","O-7","AC","HS, JI","D4",36.6,144,"2866",2025-12-04,"2:58",178,"1:28",88,"2:49",169,"",NA,NA,"I-3","HS","SB",""
"421","2026","Dec",2025-12-10,"Chinook Salmon","late-fall","O-9","HS","AC, JI","1",13.3,104,"C0D2",2025-12-04,"2:35",155,"1:28",88,"1:11",71,"","RT-17","2025-12-11 RT-17","O-8","HS","SB",""
"422","2026","Dec",2025-12-10,"Chinook Salmon","late-fall","O-9","HS","AC, JI","2",13,99,"C434",2025-12-04,"2:43",163,"1:43",103,"2:36",156,"","RT-17","2025-12-11 RT-17","O-8","HS","SB",""
"423","2026","Dec",2025-12-10,"Chinook Salmon","late-fall","O-9","HS","AC, JI","3",14.8,106,"BE16",2025-12-04,"2:47",167,"1:11",71,"2:22",142,"","RT-17","2025-12-11 RT-17","O-8","HS","SB",""
"424","2026","Dec",2025-12-10,"Chinook Salmon","late-fall","O-9","HS","AC, JI","4",41.1,144,"C092",2025-12-04,"2:37",157,"1:27",87,"1:43",103,"jumped, crooked incision","RT-17","2025-12-11 RT-17","O-8","HS","SB",""
"425","2026","Dec",2025-12-10,"Chinook Salmon","late-fall","O-9","HS","AC, JI","5",47.5,164,"BFB6",2025-12-04,"3:54",234,"1:42",102,"3:34",214,"","RT-17","2025-12-11 RT-17","O-8","HS","SB",""
"426","2026","Dec",2025-12-10,"Chinook Salmon","late-fall","O-9","HS","AC, JI","6",30.4,133,"BF8A",2025-12-04,"2:41",161,"1:29",89,"1:06",66,"","RT-17","2025-12-11 RT-17","O-8","HS","SB",""
"427","2026","Dec",2025-12-10,"Chinook Salmon","late-fall","O-9","HS","AC, JI","7",28.3,130,"BE84",2025-12-04,"2:58",178,"1:14",74,"2:56",176,"","RT-17","2025-12-11 RT-17","O-8","HS","SB",""
"428","2026","Dec",2025-12-10,"Chinook Salmon","late-fall","O-9","HS","AC, JI","8",23.5,125,"BF16",2025-12-04,"2:38",158,"1:06",66,"2:23",143,"","RT-17","2025-12-11 RT-17","O-8","HS","SB",""
"429","2026","Dec",2025-12-10,"Chinook Salmon","late-fall","O-9","HS","AC, JI","9",15.8,108,"BE22",2025-12-04,"2:18",138,"1:14",74,"1:21",81,"","RT-17","2025-12-11 RT-17","O-8","HS","SB",""
"430","2026","Dec",2025-12-10,"Chinook Salmon","late-fall","O-9","HS","AC, JI","10",45,148,"C3BA",2025-12-04,"2:18",138,"1:31",91,"2:43",163,"","RT-17","2025-12-11 RT-17","O-8","HS","SB",""
"431","2026","Dec",2025-12-10,"Chinook Salmon","late-fall","O-9","HS","AC, JI","11",44.7,145,"C490",2025-12-04,"2:53",173,"1:17",77,"3:18",198,"deep split in caudal fin","RT-18","2025-12-11 RT-18","O-8","HS","SB",""
"432","2026","Dec",2025-12-10,"Chinook Salmon","late-fall","O-9","HS","AC, JI","12",14.6,107,"C222",2025-12-04,"2:23",143,"1:16",76,"2:31",151,"","RT-18","2025-12-11 RT-18","O-8","HS","SB",""
"433","2026","Dec",2025-12-10,"Chinook Salmon","late-fall","O-9","HS","AC, JI","13",22.7,118,"BEC4",2025-12-04,"2:39",159,"1:21",81,"2:20",140,"","RT-18","2025-12-11 RT-18","O-8","HS","SB",""
"434","2026","Dec",2025-12-10,"Chinook Salmon","late-fall","O-9","HS","AC, JI","14",23.7,122,"C5D0",2025-12-04,"2:35",155,"1:18",78,"5:19",319,"","RT-18","2025-12-11 RT-18","O-8","HS","SB",""
"435","2026","Dec",2025-12-10,"Chinook Salmon","late-fall","O-9","HS","AC, JI","15",29.7,134,"C49C",2025-12-04,"2:42",162,"1:17",77,"3:12",192,"","RT-18","2025-12-11 RT-18","O-8","HS","SB",""
"436","2026","Dec",2025-12-10,"Chinook Salmon","late-fall","O-9","HS","AC, JI","16",12,98,"C2BE",2025-12-04,"2:34",154,"1:17",77,"1:30",90,"","RT-18","2025-12-11 RT-18","O-8","HS","SB",""
"437","2026","Dec",2025-12-10,"Chinook Salmon","late-fall","O-9","HS","AC, JI","17",26.4,129,"C560",2025-12-04,"2:57",177,"1:18",78,"1:36",96,"","RT-18","2025-12-11 RT-18","O-8","HS","SB",""
"438","2026","Dec",2025-12-10,"Chinook Salmon","late-fall","O-9","HS","AC, JI","18",21.6,120,"C1BA",2025-12-04,"2:30",150,"1:08",68,"2:21",141,"","RT-18","2025-12-11 RT-18","O-8","HS","SB",""
"439","2026","Dec",2025-12-10,"Chinook Salmon","late-fall","O-9","HS","AC, JI","19",52.8,165,"C2CC",2025-12-04,"2:59",179,"1:31",91,"2:09",129,"","RT-18","2025-12-11 RT-18","O-8","HS","SB",""
"440","2026","Dec",2025-12-10,"Chinook Salmon","late-fall","O-9","HS","AC, JI","20",13.1,95,"BDE4",2025-12-04,"2:48",168,"1:45",105,"0:40",40,"deep split in caudal fin","RT-18","2025-12-11 RT-18","O-8","HS","SB",""
"441","2026","Dec",2025-12-10,"Chinook Salmon","late-fall","O-9","HS","AC, JI","21",33,147,"C2EE",2025-12-04,"2:44",164,"1:04",64,"3:19",199,"","RT-19","2025-12-11 RT-19","O-8","HS","SB",""
"442","2026","Dec",2025-12-10,"Chinook Salmon","late-fall","O-9","HS","AC, JI","22",21.3,120,"C364",2025-12-04,"2:23",143,"1:13",73,"2:20",140,"","RT-19","2025-12-11 RT-19","O-8","HS","SB",""
"443","2026","Dec",2025-12-10,"Chinook Salmon","late-fall","O-9","HS","AC, JI","23",28,130,"C22C",2025-12-04,"3:03",183,"1:08",68,"3:26",206,"","RT-19","2025-12-11 RT-19","O-8","HS","SB",""
"444","2026","Dec",2025-12-10,"Chinook Salmon","late-fall","O-9","HS","AC, JI","24",28.8,137,"BF34",2025-12-04,"3:00",180,"1:22",82,"2:35",155,"","RT-19","2025-12-11 RT-19","O-8","HS","SB",""
"445","2026","Dec",2025-12-10,"Chinook Salmon","late-fall","O-9","HS","AC, JI","25",35.7,133,"C1DA",2025-12-04,"2:49",169,"1:15",75,"4:15",255,"","RT-19","2025-12-11 RT-19","O-8","HS","SB",""
"446","2026","Dec",2025-12-10,"Chinook Salmon","late-fall","O-9","HS","AC, JI","26",22.8,125,"C28E",2025-12-04,"2:41",161,"1:02",62,"1:16",76,"","RT-19","2025-12-11 RT-19","O-8","HS","SB",""
"447","2026","Dec",2025-12-10,"Chinook Salmon","late-fall","O-9","HS","AC, JI","27",26.5,130,"C0B4",2025-12-04,"3:02",182,"1:32",92,"2:51",171,"","RT-19","2025-12-11 RT-19","O-8","HS","SB",""
"448","2026","Dec",2025-12-10,"Chinook Salmon","late-fall","O-9","HS","AC, JI","28",22.6,128,"BDC6",2025-12-04,"2:33",153,"1:18",78,"2:14",134,"","RT-19","2025-12-11 RT-19","O-8","HS","SB",""
"449","2026","Dec",2025-12-10,"Chinook Salmon","late-fall","O-9","HS","AC, JI","29",23.3,123,"C34C",2025-12-04,"3:03",183,"1:39",99,"3:02",182,"","RT-19","2025-12-11 RT-19","O-8","HS","SB",""
"450","2026","Dec",2025-12-10,"Chinook Salmon","late-fall","O-9","HS","AC, JI","30",23.1,124,"BCF4",2025-12-04,"3:08",188,"1:28",88,"1:49",109,"","RT-19","2025-12-11 RT-19","O-8","HS","SB",""
"451","2026","Dec",2025-12-10,"Chinook Salmon","late-fall","O-9","HS","AC, JI","31",18.1,111,"BECE",2025-12-04,"2:54",174,"1:15",75,"2:00",120,"","RT-20","2025-12-11 RT-20","O-8","HS","SB",""
"452","2026","Dec",2025-12-10,"Chinook Salmon","late-fall","O-9","HS","AC, JI","32",15.1,112,"C13A",2025-12-04,"2:30",150,"1:43",103,"1:17",77,"","RT-20","2025-12-11 RT-20","O-8","HS","SB",""
"453","2026","Dec",2025-12-10,"Chinook Salmon","late-fall","O-9","HS","AC, JI","33",35.3,139,"C24E",2025-12-04,"2:45",165,"2:13",133,"3:10",190,"","RT-20","2025-12-11 RT-20","O-8","HS","SB",""
"454","2026","Dec",2025-12-10,"Chinook Salmon","late-fall","O-9","HS","AC, JI","34",17,110,"C582",2025-12-04,"3:34",214,"1:36",96,"3:30",210,"","RT-20","2025-12-11 RT-20","O-8","HS","SB",""
"455","2026","Dec",2025-12-10,"Chinook Salmon","late-fall","O-9","HS","AC, JI","35",21.7,118,"BF7A",2025-12-04,"2:32",152,"1:20",80,"2:04",124,"","RT-20","2025-12-11 RT-20","O-8","HS","SB",""
"456","2026","Dec",2025-12-10,"Chinook Salmon","late-fall","O-9","HS","AC, JI","36",65.5,165,"BD90",2025-12-04,"2:47",167,"2:16",136,"1:42",102,"jumpy","RT-20","2025-12-11 RT-20","O-8","HS","SB",""
"457","2026","Dec",2025-12-10,"Chinook Salmon","late-fall","O-9","HS","AC, JI","37",29.3,131,"BF2C",2025-12-04,"3:04",184,"1:07",67,"1:23",83,"","RT-20","2025-12-11 RT-20","O-8","HS","SB",""
"458","2026","Dec",2025-12-10,"Chinook Salmon","late-fall","O-9","HS","AC, JI","38",69.7,171,"C216",2025-12-04,"3:24",204,"2:02",122,"1:57",117,"","RT-20","2025-12-11 RT-20","O-8","HS","SB",""
"459","2026","Dec",2025-12-10,"Chinook Salmon","late-fall","O-9","HS","AC, JI","39",26.7,130,"BF62",2025-12-04,"2:56",176,"1:15",75,"2:28",148,"","RT-20","2025-12-11 RT-20","O-8","HS","SB",""
"460","2026","Dec",2025-12-10,"Chinook Salmon","late-fall","O-9","HS","AC, JI","40",26.3,133,"C47A",2025-12-04,"2:27",147,"1:22",82,"2:26",146,"","RT-20","2025-12-11 RT-20","O-8","HS","SB",""
"461","2026","Dec",2025-12-10,"Chinook Salmon","late-fall","O-9","AC","HS, JI","41",8.6,100,"C46C",2025-12-04,"2:35",155,"2:13",133,"3:17",197,"jumpy","RT-21","2025-12-11 RT-21","O-2","HS","SB",""
"462","2026","Dec",2025-12-10,"Chinook Salmon","late-fall","O-9","AC","HS, JI","42",21.6,122,"BDD0",2025-12-04,"3:21",201,"1:43",103,"2:27",147,"jumpy","RT-21","2025-12-11 RT-21","O-2","HS","SB",""
"463","2026","Dec",2025-12-10,"Chinook Salmon","late-fall","O-9","AC","HS, JI","43",13.9,101,"C368",2025-12-04,"2:45",165,"1:15",75,"4:18",258,"","RT-21","2025-12-11 RT-21","O-2","HS","SB",""
"464","2026","Dec",2025-12-10,"Chinook Salmon","late-fall","O-9","AC","HS, JI","44",26.2,135,"C3DA",2025-12-04,"4:22",262,"1:21",81,"3:18",198,"jumpy","RT-21","2025-12-11 RT-21","O-2","HS","SB",""
"465","2026","Dec",2025-12-10,"Chinook Salmon","late-fall","O-9","AC","HS, JI","45",36.7,139,"C43A",2025-12-04,"2:54",174,"1:28",88,"4:33",273,"jumpy, crooked incision","RT-21","2025-12-11 RT-21","O-2","HS","SB",""
"466","2026","Dec",2025-12-10,"Chinook Salmon","late-fall","O-9","AC","HS, JI","46",31.8,135,"C2F2",2025-12-04,"3:13",193,"1:22",82,"3:12",192,"","RT-21","2025-12-11 RT-21","O-2","HS","SB",""
"467","2026","Dec",2025-12-10,"Chinook Salmon","late-fall","O-9","AC","HS, JI","47",59.8,164,"C348",2025-12-04,"3:23",203,"1:30",90,"3:28",208,"jumpy","RT-21","2025-12-11 RT-21","O-2","HS","SB",""
"468","2026","Dec",2025-12-10,"Chinook Salmon","late-fall","O-9","AC","HS, JI","48",31.2,136,"BE34",2025-12-04,"3:03",183,"1:31",91,"3:37",217,"","RT-21","2025-12-11 RT-21","O-2","HS","SB",""
"469","2026","Dec",2025-12-10,"Chinook Salmon","late-fall","O-9","AC","HS, JI","49",38.7,147,"C316",2025-12-04,"3:26",206,"1:15",75,"2:25",145,"","RT-21","2025-12-11 RT-21","O-2","HS","SB",""
"470","2026","Dec",2025-12-10,"Chinook Salmon","late-fall","O-9","AC","HS, JI","50",25.9,128,"C4EE",2025-12-04,"3:06",186,"1:18",78,"3:30",210,"*changed knockout dose after fish #50, fish didn't seem to be knocking out all the way anymore","RT-21","2025-12-11 RT-21","O-2","HS","SB",""
"471","2026","Dec",2025-12-10,"Chinook Salmon","late-fall","O-9","AC","HS, JI","51",13.3,105,"C0AE",2025-12-04,"2:35",155,"1:08",68,"3:14",194,"","RT-22","2025-12-11 RT-22","O-2","HS","SB",""
"472","2026","Dec",2025-12-10,"Chinook Salmon","late-fall","O-9","AC","HS, JI","52",33.6,138,"BEC2",2025-12-04,"2:46",166,"1:12",72,"2:18",138,"","RT-22","2025-12-11 RT-22","O-2","HS","SB",""
"473","2026","Dec",2025-12-10,"Chinook Salmon","late-fall","O-9","AC","HS, JI","53",15.1,107,"BD18",2025-12-04,"3:06",186,"1:08",68,"2:31",151,"","RT-22","2025-12-11 RT-22","O-2","HS","SB",""
"474","2026","Dec",2025-12-10,"Chinook Salmon","late-fall","O-9","AC","HS, JI","54",19,116,"C372",2025-12-04,"2:22",142,"1:06",66,"3:03",183,"","RT-22","2025-12-11 RT-22","O-2","HS","SB",""
"475","2026","Dec",2025-12-10,"Chinook Salmon","late-fall","O-9","AC","HS, JI","55",49.1,156,"C4EC",2025-12-04,"2:57",177,"1:38",98,"2:39",159,"","RT-22","2025-12-11 RT-22","O-2","HS","SB",""
"476","2026","Dec",2025-12-10,"Chinook Salmon","late-fall","O-9","AC","HS, JI","56",16.9,109,"C2C6",2025-12-04,"2:31",151,"1:03",63,"3:10",190,"","RT-22","2025-12-11 RT-22","O-2","HS","SB",""
"477","2026","Dec",2025-12-10,"Chinook Salmon","late-fall","O-9","AC","HS, JI","57",37.7,149,"C234",2025-12-04,"2:47",167,"1:14",74,"1:49",109,"","RT-22","2025-12-11 RT-22","O-2","HS","SB",""
"478","2026","Dec",2025-12-10,"Chinook Salmon","late-fall","O-9","AC","HS, JI","58",33.8,137,"C3D2",2025-12-04,"2:45",165,"1:06",66,"2:22",142,"","RT-22","2025-12-11 RT-22","O-2","HS","SB",""
"479","2026","Dec",2025-12-10,"Chinook Salmon","late-fall","O-9","AC","HS, JI","59",20.8,115,"BD04",2025-12-04,"2:34",154,"1:17",77,"4:36",276,"","RT-22","2025-12-11 RT-22","O-2","HS","SB",""
"480","2026","Dec",2025-12-10,"Chinook Salmon","late-fall","O-9","AC","HS, JI","60",20.6,120,"C2CE",2025-12-04,"3:25",205,"1:25",85,"3:48",228,"","RT-22","2025-12-11 RT-22","O-2","HS","SB",""
"481","2026","Dec",2025-12-10,"Chinook Salmon","late-fall","O-9","AC","HS, JI","61",20.6,120,"C44E",2025-12-04,"2:36",156,"1:07",67,"3:41",221,"","RT-23","2025-12-11 RT-23","O-8","HS","SB",""
"482","2026","Dec",2025-12-10,"Chinook Salmon","late-fall","O-9","AC","HS, JI","62",45.6,153,"C158",2025-12-04,"3:26",206,"1:16",76,"3:26",206,"","RT-23","2025-12-11 RT-23","O-8","HS","SB",""
"483","2026","Dec",2025-12-10,"Chinook Salmon","late-fall","O-9","AC","HS, JI","63",29.8,134,"C50C",2025-12-04,"3:07",187,"1:32",92,"3:58",238,"jumpy","RT-23","2025-12-11 RT-23","O-8","HS","SB",""
"484","2026","Dec",2025-12-10,"Chinook Salmon","late-fall","O-9","AC","HS, JI","64",20.6,121,"C0BA",2025-12-04,"2:50",170,"0:53",53,"3:30",210,"","RT-23","2025-12-11 RT-23","O-8","HS","SB",""
"485","2026","Dec",2025-12-10,"Chinook Salmon","late-fall","O-9","AC","HS, JI","65",29.1,130,"C08A",2025-12-04,"2:35",155,"1:24",84,"4:40",280,"","RT-23","2025-12-11 RT-23","O-8","HS","SB",""
"486","2026","Dec",2025-12-10,"Chinook Salmon","late-fall","O-9","AC","HS, JI","66",27,128,"BEF2",2025-12-04,"3:26",206,"1:27",87,"1:47",107,"","RT-23","2025-12-11 RT-23","O-8","HS","SB",""
"487","2026","Dec",2025-12-10,"Chinook Salmon","late-fall","O-9","AC","HS, JI","67",36.6,147,"C58E",2025-12-04,"3:08",188,"1:12",72,"2:13",133,"","RT-23","2025-12-11 RT-23","O-8","HS","SB",""
"488","2026","Dec",2025-12-10,"Chinook Salmon","late-fall","O-9","AC","HS, JI","68",13.9,103,"C264",2025-12-04,"2:49",169,"1:20",80,"3:11",191,"deep split in caudal fin","RT-23","2025-12-11 RT-23","O-8","HS","SB",""
"489","2026","Dec",2025-12-10,"Chinook Salmon","late-fall","O-9","AC","HS, JI","69",17.5,113,"C14E",2025-12-04,"2:32",152,"1:27",87,"5:08",308,"","RT-23","2025-12-11 RT-23","O-8","HS","SB",""
"490","2026","Dec",2025-12-10,"Chinook Salmon","late-fall","O-9","AC","HS, JI","70",60.6,167,"BD02",2025-12-04,"4:08",248,"1:32",92,"3:00",180,"","RT-23","2025-12-11 RT-23","O-8","HS","SB",""
"491","2026","Dec",2025-12-10,"Chinook Salmon","late-fall","O-9","AC","HS, JI","71",36.6,137,"C194",2025-12-04,"3:10",190,"1:09",69,"3:26",206,"","RT-24","2025-12-11 RT-24","O-8","HS","SB",""
"492","2026","Dec",2025-12-10,"Chinook Salmon","late-fall","O-9","AC","HS, JI","72",41.6,147,"C37A",2025-12-04,"2:23",143,"1:55",115,"2:42",162,"jumpy, crooked incision","RT-24","2025-12-11 RT-24","O-8","HS","SB",""
"493","2026","Dec",2025-12-10,"Chinook Salmon","late-fall","O-9","AC","HS, JI","73",26.9,127,"C358",2025-12-04,"2:59",179,"1:12",72,"2:57",177,"","RT-24","2025-12-11 RT-24","O-8","HS","SB",""
"494","2026","Dec",2025-12-10,"Chinook Salmon","late-fall","O-9","AC","HS, JI","74",23.2,124,"C39A",2025-12-04,"2:42",162,"1:13",73,"2:27",147,"","RT-24","2025-12-11 RT-24","O-8","HS","SB",""
"495","2026","Dec",2025-12-10,"Chinook Salmon","late-fall","O-9","AC","HS, JI","75",32.6,135,"C16E",2025-12-04,"2:59",179,"1:11",71,"3:09",189,"","RT-24","2025-12-11 RT-24","O-8","HS","SB",""
"496","2026","Dec",2025-12-10,"Chinook Salmon","late-fall","O-9","AC","HS, JI","76",36.6,139,"BDF2",2025-12-04,"2:48",168,"1:20",80,"2:24",144,"","RT-24","2025-12-11 RT-24","O-8","HS","SB",""
"497","2026","Dec",2025-12-10,"Chinook Salmon","late-fall","O-9","AC","HS, JI","77",21.2,122,"BF42",2025-12-04,"3:05",185,"1:07",67,"2:08",128,"","RT-24","2025-12-11 RT-24","O-8","HS","SB",""
"498","2026","Dec",2025-12-10,"Chinook Salmon","late-fall","O-9","AC","HS, JI","78",72.4,174,"C4B8",2025-12-04,"3:35",215,"1:38",98,"2:26",146,"jumpy","RT-24","2025-12-11 RT-24","O-8","HS","SB",""
"499","2026","Dec",2025-12-10,"Chinook Salmon","late-fall","O-9","AC","HS, JI","79",16.2,108,"BE2E",2025-12-04,"3:21",201,"1:32",92,"3:43",223,"","RT-24","2025-12-11 RT-24","O-8","HS","SB",""
"500","2026","Dec",2025-12-10,"Chinook Salmon","late-fall","O-9","AC","HS, JI","80",20.8,116,"C174",2025-12-04,"3:55",235,"1:18",78,"2:56",176,"","RT-24","2025-12-11 RT-24","O-8","HS","SB",""
"501","2026","Dec",2025-12-10,"Chinook Salmon","late-fall","O-9","HS","AC, JI","D1",31.6,134,"14B0",2025-12-04,"4:14",254,"1:04",64,"4:42",282,"",NA,NA,"I-3","HS","SB",""
"502","2026","Dec",2025-12-10,"Chinook Salmon","late-fall","O-9","HS","AC, JI","D2",27.7,132,"A23A",2025-12-04,"2:52",172,"1:35",95,"2:50",170,"",NA,NA,"I-3","HS","SB",""
"503","2026","Dec",2025-12-10,"Chinook Salmon","late-fall","O-9","AC","HS, JI","D3",30.9,134,"957C",2025-12-04,"2:45",165,"1:19",79,"4:09",249,"",NA,NA,"I-3","HS","SB",""
"504","2026","Dec",2025-12-10,"Chinook Salmon","late-fall","O-9","AC","HS, JI","D4",22.2,119,"9613",2025-12-04,"3:04",184,"1:30",90,"2:18",138,"",NA,NA,"I-3","HS","SB",""
"505","2026","Jan",2026-01-05,"Chinook Salmon","late-fall","O-4","HS","AC, JI","1",52.5,164,"CC28",2026-01-02,"3:01",181,"1:15",75,"1:07",67,"","RT-1","2026-01-06 RT-1","O-7","HS","SB",""
"506","2026","Jan",2026-01-05,"Chinook Salmon","late-fall","O-4","HS","AC, JI","2",43.8,152,"CE64",2026-01-02,"3:01",181,"2:52",172,"1:58",118,"suture too tight - redo","RT-1","2026-01-06 RT-1","O-7","HS","SB",""
"507","2026","Jan",2026-01-05,"Chinook Salmon","late-fall","O-4","HS","AC, JI","3",25.9,128,"CE88",2026-01-02,"3:43",223,"1:29",89,"2:54",174,"","RT-1","2026-01-06 RT-1","O-7","HS","SB",""
"508","2026","Jan",2026-01-05,"Chinook Salmon","late-fall","O-4","HS","AC, JI","4",31.7,135,"C842",2026-01-02,"3:08",188,"1:24",84,"1:25",85,"","RT-1","2026-01-06 RT-1","O-7","HS","SB",""
"509","2026","Jan",2026-01-05,"Chinook Salmon","late-fall","O-4","HS","AC, JI","5",45.4,153,"C868",2026-01-02,"2:50",170,"1:29",89,"2:58",178,"","RT-1","2026-01-06 RT-1","O-7","HS","SB",""
"510","2026","Jan",2026-01-05,"Chinook Salmon","late-fall","O-4","HS","AC, JI","6",15.6,103,"CA3E",2026-01-02,"2:48",168,"1:13",73,"2:48",168,"","RT-1","2026-01-06 RT-1","O-7","HS","SB",""
"511","2026","Jan",2026-01-05,"Chinook Salmon","late-fall","O-4","HS","AC, JI","7",15.8,120,"C63A",2026-01-02,"2:08",128,"1:21",81,"1:05",65,"","RT-1","2026-01-06 RT-1","O-7","HS","SB",""
"512","2026","Jan",2026-01-05,"Chinook Salmon","late-fall","O-4","HS","AC, JI","8",68.8,174,"CE62",2026-01-02,"2:59",179,"1:27",87,"3:05",185,"","RT-1","2026-01-06 RT-1","O-7","HS","SB",""
"513","2026","Jan",2026-01-05,"Chinook Salmon","late-fall","O-4","HS","AC, JI","9",44.1,148,"CA10",2026-01-02,"3:14",194,"1:25",85,"3:25",205,"","RT-1","2026-01-06 RT-1","O-7","HS","SB",""
"514","2026","Jan",2026-01-05,"Chinook Salmon","late-fall","O-4","HS","AC, JI","10",36.3,144,"CF44",2026-01-02,"2:48",168,"1:15",75,"3:36",216,"","RT-1","2026-01-06 RT-1","O-7","HS","SB",""
"515","2026","Jan",2026-01-05,"Chinook Salmon","late-fall","O-4","HS","AC, JI","11",28.7,130,"CF2E",2026-01-02,"2:58",178,"1:06",66,"4:54",294,"","RT-2","2026-01-06 RT-2","O-7","HS","SB",""
"516","2026","Jan",2026-01-05,"Chinook Salmon","late-fall","O-4","HS","AC, JI","12",57.5,168,"C812",2026-01-02,"2:49",169,"1:38",98,"2:04",124,"","RT-2","2026-01-06 RT-2","O-7","HS","SB",""
"517","2026","Jan",2026-01-05,"Chinook Salmon","late-fall","O-4","HS","AC, JI","13",54.5,164,"CEE2",2026-01-02,"3:11",191,"1:15",75,"3:00",180,"","RT-2","2026-01-06 RT-2","O-7","HS","SB",""
"518","2026","Jan",2026-01-05,"Chinook Salmon","late-fall","O-4","HS","AC, JI","14",35.1,139,"C824",2026-01-02,"2:56",176,"1:16",76,"4:19",259,"","RT-2","2026-01-06 RT-2","O-7","HS","SB",""
"519","2026","Jan",2026-01-05,"Chinook Salmon","late-fall","O-4","HS","AC, JI","15",52.6,158,"CBE6",2026-01-02,"2:55",175,"1:47",107,"4:05",245,"","RT-2","2026-01-06 RT-2","O-7","HS","SB",""
"520","2026","Jan",2026-01-05,"Chinook Salmon","late-fall","O-4","HS","AC, JI","16",49,150,"C68C",2026-01-02,"3:14",194,"1:45",105,"1:23",83,"jumpy","RT-2","2026-01-06 RT-2","O-7","HS","SB",""
"521","2026","Jan",2026-01-05,"Chinook Salmon","late-fall","O-4","HS","AC, JI","17",49.9,157,"C5FA",2026-01-02,"3:11",191,"1:49",109,"5:05",305,"","RT-2","2026-01-06 RT-2","O-7","HS","SB",""
"522","2026","Jan",2026-01-05,"Chinook Salmon","late-fall","O-4","HS","AC, JI","18",46.1,150,"CB88",2026-01-02,"4:01",241,"1:46",106,"4:41",281,"","RT-2","2026-01-06 RT-2","O-7","HS","SB",""
"523","2026","Jan",2026-01-05,"Chinook Salmon","late-fall","O-4","HS","AC, JI","19",18.1,113,"C8F6",2026-01-02,"3:11",191,"1:26",86,"2:47",167,"","RT-2","2026-01-06 RT-2","O-7","HS","SB",""
"524","2026","Jan",2026-01-05,"Chinook Salmon","late-fall","O-4","HS","AC, JI","20",17.7,114,"C828",2026-01-02,"2:41",161,"1:23",83,"2:50",170,"","RT-2","2026-01-06 RT-2","O-7","HS","SB",""
"525","2026","Jan",2026-01-05,"Chinook Salmon","late-fall","O-4","HS","AC, JI","21",24,125,"CE28",2026-01-02,"3:40",220,"1:32",92,"3:16",196,"","RT-3","2026-01-06 RT-3","O-7","HS","SB",""
"526","2026","Jan",2026-01-05,"Chinook Salmon","late-fall","O-4","HS","AC, JI","22",37.9,143,"CEEE",2026-01-02,"2:47",167,"1:48",108,"1:00",60,"","RT-3","2026-01-06 RT-3","O-7","HS","SB",""
"527","2026","Jan",2026-01-05,"Chinook Salmon","late-fall","O-4","HS","AC, JI","23",34.3,140,"CA04",2026-01-02,"3:01",181,"1:12",72,"1:57",117,"","RT-3","2026-01-06 RT-3","O-7","HS","SB",""
"528","2026","Jan",2026-01-05,"Chinook Salmon","late-fall","O-4","HS","AC, JI","24",29.8,135,"CC82",2026-01-02,"3:02",182,"1:13",73,"2:52",172,"","RT-3","2026-01-06 RT-3","O-7","HS","SB",""
"529","2026","Jan",2026-01-05,"Chinook Salmon","late-fall","O-4","HS","AC, JI","25",22.1,121,"CA40",2026-01-02,"3:08",188,"1:16",76,"3:07",187,"","RT-3","2026-01-06 RT-3","O-7","HS","SB",""
"530","2026","Jan",2026-01-05,"Chinook Salmon","late-fall","O-4","HS","AC, JI","26",11.7,99,"CCFA",2026-01-02,"3:03",183,"1:17",77,"3:28",208,"","RT-3","2026-01-06 RT-3","O-7","HS","SB",""
"531","2026","Jan",2026-01-05,"Chinook Salmon","late-fall","O-4","HS","AC, JI","27",52.8,166,"C8CC",2026-01-02,"3:54",234,"1:15",75,"1:51",111,"","RT-3","2026-01-06 RT-3","O-7","HS","SB",""
"532","2026","Jan",2026-01-05,"Chinook Salmon","late-fall","O-4","HS","AC, JI","28",10.3,98,"CBDE",2026-01-02,"3:07",187,"1:47",107,"3:11",191,"suture tight","RT-3","2026-01-06 RT-3","O-7","HS","SB",""
"533","2026","Jan",2026-01-05,"Chinook Salmon","late-fall","O-4","HS","AC, JI","29",44.1,147,"CC6C",2026-01-02,"3:01",181,"1:38",98,"1:14",74,"deep split in caudal fin","RT-3","2026-01-06 RT-3","O-7","HS","SB",""
"534","2026","Jan",2026-01-05,"Chinook Salmon","late-fall","O-4","HS","AC, JI","30",40.5,149,"CA18",2026-01-02,"3:05",185,"1:45",105,"3:13",193,"","RT-3","2026-01-06 RT-3","O-7","HS","SB",""
"535","2026","Jan",2026-01-05,"Chinook Salmon","late-fall","O-4","HS","AC, JI","31",35.2,141,"C6E8",2026-01-02,"2:58",178,"1:10",70,"1:41",101,"","RT-4","2026-01-06 RT-4","O-7","HS","SB",""
"536","2026","Jan",2026-01-05,"Chinook Salmon","late-fall","O-4","HS","AC, JI","32",27,130,"C6C2",2026-01-02,"3:01",181,"1:30",90,"1:13",73,"","RT-4","2026-01-06 RT-4","O-7","HS","SB",""
"537","2026","Jan",2026-01-05,"Chinook Salmon","late-fall","O-4","HS","AC, JI","33",75.4,177,"CC8E",2026-01-02,"3:43",223,"1:21",81,"2:00",120,"","RT-4","2026-01-06 RT-4","O-7","HS","SB",""
"538","2026","Jan",2026-01-05,"Chinook Salmon","late-fall","O-4","HS","AC, JI","34",44.4,149,"CD82",2026-01-02,"2:54",174,"1:19",79,"3:26",206,"","RT-4","2026-01-06 RT-4","O-7","HS","SB",""
"539","2026","Jan",2026-01-05,"Chinook Salmon","late-fall","O-4","HS","AC, JI","35",46.3,151,"CD1E",2026-01-02,"2:58",178,"1:27",87,"1:44",104,"","RT-4","2026-01-06 RT-4","O-7","HS","SB",""
"540","2026","Jan",2026-01-05,"Chinook Salmon","late-fall","O-4","HS","AC, JI","36",64,169,"C91C",2026-01-02,"3:34",214,"2:16",136,"2:05",125,"jumped, long incision, two sutures","RT-4","2026-01-06 RT-4","O-7","HS","SB",""
"541","2026","Jan",2026-01-05,"Chinook Salmon","late-fall","O-4","HS","AC, JI","37",11.6,100,"CF16",2026-01-02,"3:36",216,"1:33",93,"3:40",220,"","RT-4","2026-01-06 RT-4","O-7","HS","SB",""
"542","2026","Jan",2026-01-05,"Chinook Salmon","late-fall","O-4","HS","AC, JI","38",18.3,115,"CC5E",2026-01-02,"2:49",169,"1:24",84,"3:39",219,"","RT-4","2026-01-06 RT-4","O-7","HS","SB",""
"543","2026","Jan",2026-01-05,"Chinook Salmon","late-fall","O-4","HS","AC, JI","39",15.8,110,"CCD0",2026-01-02,"2:28",148,"1:23",83,"1:11",71,"","RT-4","2026-01-06 RT-4","O-7","HS","SB",""
"544","2026","Jan",2026-01-05,"Chinook Salmon","late-fall","O-4","HS","AC, JI","40",42.6,150,"C844",2026-01-02,"2:52",172,"1:16",76,"1:36",96,"","RT-4","2026-01-06 RT-4","O-7","HS","SB",""
"545","2026","Jan",2026-01-05,"Chinook Salmon","late-fall","O-4","AC","HS, JI","41",22.7,120,"CB20",2026-01-02,"2:52",172,"1:34",94,"3:39",219,"","RT-5","2026-01-06 RT-5","O-8","HS","SB",""
"546","2026","Jan",2026-01-05,"Chinook Salmon","late-fall","O-4","AC","HS, JI","42",34.4,140,"C6B8",2026-01-02,"3:15",195,"1:07",67,"3:35",215,"","RT-5","2026-01-06 RT-5","O-8","HS","SB",""
"547","2026","Jan",2026-01-05,"Chinook Salmon","late-fall","O-4","AC","HS, JI","43",58.4,165,"CE2E",2026-01-02,"3:35",215,"1:12",72,"4:14",254,"","RT-5","2026-01-06 RT-5","O-8","HS","SB",""
"548","2026","Jan",2026-01-05,"Chinook Salmon","late-fall","O-4","AC","HS, JI","44",29.8,135,"CD8C",2026-01-02,"2:20",140,"1:51",111,"2:40",160,"","RT-5","2026-01-06 RT-5","O-8","HS","SB",""
"549","2026","Jan",2026-01-05,"Chinook Salmon","late-fall","O-4","AC","HS, JI","45",73.6,172,"C7D6",2026-01-02,"3:00",180,"1:10",70,"1:31",91,"","RT-5","2026-01-06 RT-5","O-8","HS","SB",""
"550","2026","Jan",2026-01-05,"Chinook Salmon","late-fall","O-4","AC","HS, JI","46",61,166,"C906",2026-01-02,"3:01",181,"0:57",57,"4:27",267,"","RT-5","2026-01-06 RT-5","O-8","HS","SB",""
"551","2026","Jan",2026-01-05,"Chinook Salmon","late-fall","O-4","AC","HS, JI","47",43.9,147,"CE84",2026-01-02,"2:57",177,"1:04",64,"1:22",82,"","RT-5","2026-01-06 RT-5","O-8","HS","SB",""
"552","2026","Jan",2026-01-05,"Chinook Salmon","late-fall","O-4","AC","HS, JI","48",37.6,145,"CB38",2026-01-02,"2:57",177,"1:23",83,"1:15",75,"","RT-5","2026-01-06 RT-5","O-8","HS","SB",""
"553","2026","Jan",2026-01-05,"Chinook Salmon","late-fall","O-4","AC","HS, JI","49",20.7,123,"C614",2026-01-02,"2:36",156,"1:07",67,"2:10",130,"","RT-5","2026-01-06 RT-5","O-8","HS","SB",""
"554","2026","Jan",2026-01-05,"Chinook Salmon","late-fall","O-4","AC","HS, JI","50",41.7,152,"CA30",2026-01-02,"2:38",158,"1:11",71,"1:12",72,"","RT-5","2026-01-06 RT-5","O-8","HS","SB",""
"555","2026","Jan",2026-01-05,"Chinook Salmon","late-fall","O-4","AC","HS, JI","51",22.8,126,"C834",2026-01-02,"3:03",183,"1:05",65,"5:01",301,"","RT-6","2026-01-06 RT-6","O-8","HS","SB",""
"556","2026","Jan",2026-01-05,"Chinook Salmon","late-fall","O-4","AC","HS, JI","52",62,167,"C746",2026-01-02,"4:07",247,"1:21",81,"2:16",136,"","RT-6","2026-01-06 RT-6","O-8","HS","SB",""
"557","2026","Jan",2026-01-05,"Chinook Salmon","late-fall","O-4","AC","HS, JI","53",27,131,"CBE2",2026-01-02,"2:37",157,"1:02",62,"2:17",137,"","RT-6","2026-01-06 RT-6","O-8","HS","SB",""
"558","2026","Jan",2026-01-05,"Chinook Salmon","late-fall","O-4","AC","HS, JI","54",46.5,156,"C698",2026-01-02,"2:56",176,"1:07",67,"1:21",81,"","RT-6","2026-01-06 RT-6","O-8","HS","SB",""
"559","2026","Jan",2026-01-05,"Chinook Salmon","late-fall","O-4","AC","HS, JI","55",14.4,109,"C6C6",2026-01-02,"2:26",146,"1:19",79,"2:31",151,"","RT-6","2026-01-06 RT-6","O-8","HS","SB",""
"560","2026","Jan",2026-01-05,"Chinook Salmon","late-fall","O-4","AC","HS, JI","56",25.4,127,"CE74",2026-01-02,"2:55",175,"1:12",72,"3:32",212,"","RT-6","2026-01-06 RT-6","O-8","HS","SB",""
"561","2026","Jan",2026-01-05,"Chinook Salmon","late-fall","O-4","AC","HS, JI","57",49.9,155,"C6A0",2026-01-02,"2:59",179,"1:13",73,"2:13",133,"","RT-6","2026-01-06 RT-6","O-8","HS","SB",""
"562","2026","Jan",2026-01-05,"Chinook Salmon","late-fall","O-4","AC","HS, JI","58",23.8,127,"CC34",2026-01-02,"3:01",181,"1:18",78,"2:55",175,"","RT-6","2026-01-06 RT-6","O-8","HS","SB",""
"563","2026","Jan",2026-01-05,"Chinook Salmon","late-fall","O-4","AC","HS, JI","59",23.6,122,"CC6E",2026-01-02,"2:43",163,"1:05",65,"2:42",162,"","RT-6","2026-01-06 RT-6","O-8","HS","SB",""
"564","2026","Jan",2026-01-05,"Chinook Salmon","late-fall","O-4","AC","HS, JI","60",32.6,137,"C882",2026-01-02,"2:48",168,"1:25",85,"2:27",147,"","RT-6","2026-01-06 RT-6","O-8","HS","SB",""
"565","2026","Jan",2026-01-05,"Chinook Salmon","late-fall","O-4","AC","HS, JI","61",48,150,"CE36",2026-01-02,"3:35",215,"1:13",73,"2:45",165,"","RT-7","2026-01-06 RT-7","O-8","HS","SB",""
"566","2026","Jan",2026-01-05,"Chinook Salmon","late-fall","O-4","AC","HS, JI","62",33.6,147,"CEE6",2026-01-02,"3:04",184,"1:35",95,"1:48",108,"","RT-7","2026-01-06 RT-7","O-8","HS","SB",""
"567","2026","Jan",2026-01-05,"Chinook Salmon","late-fall","O-4","AC","HS, JI","63",21.1,120,"C9A0",2026-01-02,"2:50",170,"1:36",96,"1:05",65,"","RT-7","2026-01-06 RT-7","O-8","HS","SB",""
"568","2026","Jan",2026-01-05,"Chinook Salmon","late-fall","O-4","AC","HS, JI","64",25.6,127,"CC12",2026-01-02,"2:53",173,"1:19",79,"3:08",188,"","RT-7","2026-01-06 RT-7","O-8","HS","SB",""
"569","2026","Jan",2026-01-05,"Chinook Salmon","late-fall","O-4","AC","HS, JI","65",42.2,150,"CE90",2026-01-02,"3:26",206,"1:14",74,"2:43",163,"","RT-7","2026-01-06 RT-7","O-8","HS","SB",""
"570","2026","Jan",2026-01-05,"Chinook Salmon","late-fall","O-4","AC","HS, JI","66",38.3,143,"CD04",2026-01-02,"2:51",171,"1:32",92,"2:07",127,"","RT-7","2026-01-06 RT-7","O-8","HS","SB",""
"571","2026","Jan",2026-01-05,"Chinook Salmon","late-fall","O-4","AC","HS, JI","67",50.4,163,"C8D0",2026-01-02,"3:33",213,"1:29",89,"1:33",93,"","RT-7","2026-01-06 RT-7","O-8","HS","SB",""
"572","2026","Jan",2026-01-05,"Chinook Salmon","late-fall","O-4","AC","HS, JI","68",25.1,124,"C7DA",2026-01-02,"2:13",133,"0:55",55,"0:47",47,"","RT-7","2026-01-06 RT-7","O-8","HS","SB",""
"573","2026","Jan",2026-01-05,"Chinook Salmon","late-fall","O-4","AC","HS, JI","69",28.3,133,"C792",2026-01-02,"2:29",149,"1:32",92,"2:49",169,"","RT-7","2026-01-06 RT-7","O-8","HS","SB",""
"574","2026","Jan",2026-01-05,"Chinook Salmon","late-fall","O-4","AC","HS, JI","70",30.1,138,"CEE4",2026-01-02,"2:26",146,"1:46",106,"2:17",137,"","RT-7","2026-01-06 RT-7","O-8","HS","SB",""
"575","2026","Jan",2026-01-05,"Chinook Salmon","late-fall","O-4","AC","HS, JI","71",48.5,165,"CDC2",2026-01-02,"3:13",193,"1:20",80,"2:33",153,"","RT-8","2026-01-06 RT-8","O-8","HS","SB",""
"576","2026","Jan",2026-01-05,"Chinook Salmon","late-fall","O-4","AC","HS, JI","72",20.4,121,"CCC8",2026-01-02,"2:32",152,"1:10",70,"2:17",137,"","RT-8","2026-01-06 RT-8","O-8","HS","SB",""
"577","2026","Jan",2026-01-05,"Chinook Salmon","late-fall","O-4","AC","HS, JI","73",40.4,148,"C986",2026-01-02,"2:40",160,"1:28",88,"1:52",112,"","RT-8","2026-01-06 RT-8","O-8","HS","SB",""
"578","2026","Jan",2026-01-05,"Chinook Salmon","late-fall","O-4","AC","HS, JI","74",19.9,132,"C9F6",2026-01-02,"2:52",172,"1:33",93,"1:42",102,"","RT-8","2026-01-06 RT-8","O-8","HS","SB",""
"579","2026","Jan",2026-01-05,"Chinook Salmon","late-fall","O-4","AC","HS, JI","75",34.8,141,"CDFA",2026-01-02,"2:48",168,"1:09",69,"4:37",277,"","RT-8","2026-01-06 RT-8","O-8","HS","SB",""
"580","2026","Jan",2026-01-05,"Chinook Salmon","late-fall","O-4","AC","HS, JI","76",14.6,106,"CCE6",2026-01-02,"2:36",156,"1:05",65,"2:48",168,"","RT-8","2026-01-06 RT-8","O-8","HS","SB",""
"581","2026","Jan",2026-01-05,"Chinook Salmon","late-fall","O-4","AC","HS, JI","77",43.6,151,"C9F2",2026-01-02,"2:36",156,"1:40",100,"2:39",159,"jumpy","RT-8","2026-01-06 RT-8","O-8","HS","SB",""
"582","2026","Jan",2026-01-05,"Chinook Salmon","late-fall","O-4","AC","HS, JI","78",16.3,117,"CDC4",2026-01-02,"2:35",155,"1:12",72,"3:02",182,"","RT-8","2026-01-06 RT-8","O-8","HS","SB",""
"583","2026","Jan",2026-01-05,"Chinook Salmon","late-fall","O-4","AC","HS, JI","79",29.6,134,"C6EC",2026-01-02,"2:43",163,"1:19",79,"3:01",181,"","RT-8","2026-01-06 RT-8","O-8","HS","SB",""
"584","2026","Jan",2026-01-05,"Chinook Salmon","late-fall","O-4","AC","HS, JI","80",44.1,150,"CC50",2026-01-02,"2:40",160,"1:14",74,"3:53",233,"","RT-8","2026-01-06 RT-8","O-8","HS","SB",""
"585","2026","Jan",2026-01-05,"Chinook Salmon","late-fall","O-4","HS","AC, JI","D1",21.9,121,"95E9",2026-01-02,"2:58",178,"1:45",105,"1:00",60,"",NA,NA,"I-3","HS","SB",""
"586","2026","Jan",2026-01-05,"Chinook Salmon","late-fall","O-4","HS","AC, JI","D2",32.6,137,"24EA",2026-01-02,"2:44",164,"1:08",68,"5:46",346,"",NA,NA,"I-3","HS","SB",""
"587","2026","Jan",2026-01-05,"Chinook Salmon","late-fall","O-4","AC","HS, JI","D3",49.2,158,"96D8",2026-01-02,"3:26",206,"1:55",115,"3:39",219,"jumpy, tag insertion was perpendicular",NA,NA,"I-3","HS","SB",""
"588","2026","Jan",2026-01-05,"Chinook Salmon","late-fall","O-4","AC","HS, JI","D4",33.3,136,"A284",2026-01-02,"3:06",186,"1:33",93,"4:51",291,"",NA,NA,"I-3","HS","SB",""
"589","2026","Jan",2026-01-06,"Chinook Salmon","late-fall","O-5","HS","AC, AK","1",35.6,137,"CF2C",2026-01-02,"3:20",200,"1:10",70,"2:35",155,"","RT-9","2026-01-07 RT-9","O-7","HS","SB",""
"590","2026","Jan",2026-01-06,"Chinook Salmon","late-fall","O-5","HS","AC, AK","2",52.3,154,"CCF2",2026-01-02,"3:13",193,"1:19",79,"2:16",136,"","RT-9","2026-01-07 RT-9","O-7","HS","SB",""
"591","2026","Jan",2026-01-06,"Chinook Salmon","late-fall","O-5","HS","AC, AK","3",73,173,"C624",2026-01-02,"2:48",168,"1:19",79,"3:51",231,"","RT-9","2026-01-07 RT-9","O-7","HS","SB",""
"592","2026","Jan",2026-01-06,"Chinook Salmon","late-fall","O-5","HS","AC, AK","4",37,141,"CD8E",2026-01-02,"2:37",157,"1:14",74,"3:12",192,"","RT-9","2026-01-07 RT-9","O-7","HS","SB",""
"593","2026","Jan",2026-01-06,"Chinook Salmon","late-fall","O-5","HS","AC, AK","5",17.2,110,"C6CE",2026-01-02,"2:20",140,"1:15",75,"3:36",216,"","RT-9","2026-01-07 RT-9","O-7","HS","SB",""
"594","2026","Jan",2026-01-06,"Chinook Salmon","late-fall","O-5","HS","AC, AK","6",45.4,152,"CA38",2026-01-02,"2:03",123,"1:22",82,"2:44",164,"","RT-9","2026-01-07 RT-9","O-7","HS","SB",""
"595","2026","Jan",2026-01-06,"Chinook Salmon","late-fall","O-5","HS","AC, AK","7",65.7,172,"C5F6",2026-01-02,"2:25",145,"1:13",73,"1:08",68,"","RT-9","2026-01-07 RT-9","O-7","HS","SB",""
"596","2026","Jan",2026-01-06,"Chinook Salmon","late-fall","O-5","HS","AC, AK","8",74.7,178,"C768",2026-01-02,"2:18",138,"1:43",103,"2:17",137,"jumpy - crooked incision","RT-9","2026-01-07 RT-9","O-7","HS","SB",""
"597","2026","Jan",2026-01-06,"Chinook Salmon","late-fall","O-5","HS","AC, AK","9",32.2,133,"CAFE",2026-01-02,"3:06",186,"1:11",71,"2:24",144,"","RT-9","2026-01-07 RT-9","O-7","HS","SB",""
"598","2026","Jan",2026-01-06,"Chinook Salmon","late-fall","O-5","HS","AC, AK","10",34.6,141,"CC46",2026-01-02,"2:22",142,"1:14",74,"1:44",104,"","RT-9","2026-01-07 RT-9","O-7","HS","SB",""
"599","2026","Jan",2026-01-06,"Chinook Salmon","late-fall","O-5","HS","AC, AK","11",90.9,185,"C78A",2026-01-02,"3:04",184,"1:17",77,"2:36",156,"","RT-10","2026-01-07 RT-10","O-7","HS","SB",""
"600","2026","Jan",2026-01-06,"Chinook Salmon","late-fall","O-5","HS","AC, AK","12",23.5,120,"C64E",2026-01-02,"2:38",158,"1:13",73,"3:21",201,"","RT-10","2026-01-07 RT-10","O-7","HS","SB",""
"601","2026","Jan",2026-01-06,"Chinook Salmon","late-fall","O-5","HS","AC, AK","13",67.2,170,"C8C2",2026-01-02,"2:36",156,"1:29",89,"2:17",137,"","RT-10","2026-01-07 RT-10","O-7","HS","SB",""
"602","2026","Jan",2026-01-06,"Chinook Salmon","late-fall","O-5","HS","AC, AK","14",41.3,149,"CD7E",2026-01-02,"2:30",150,"1:38",98,"1:38",98,"","RT-10","2026-01-07 RT-10","O-7","HS","SB",""
"603","2026","Jan",2026-01-06,"Chinook Salmon","late-fall","O-5","HS","AC, AK","15",57.1,163,"CEB8",2026-01-02,"2:42",162,"1:46",106,"3:30",210,"","RT-10","2026-01-07 RT-10","O-7","HS","SB",""
"604","2026","Jan",2026-01-06,"Chinook Salmon","late-fall","O-5","HS","AC, AK","16",42.3,148,"CA78",2026-01-02,"3:06",186,"1:35",95,"2:14",134,"","RT-10","2026-01-07 RT-10","O-7","HS","SB",""
"605","2026","Jan",2026-01-06,"Chinook Salmon","late-fall","O-5","HS","AC, AK","17",44.3,155,"CC2C",2026-01-02,"2:34",154,"1:29",89,"4:17",257,"","RT-10","2026-01-07 RT-10","O-7","HS","SB",""
"606","2026","Jan",2026-01-06,"Chinook Salmon","late-fall","O-5","HS","AC, AK","18",81,180,"CB06",2026-01-02,"2:45",165,"2:32",152,"1:29",89,"cut tag end too short, had to redo suture","RT-10","2026-01-07 RT-10","O-7","HS","SB",""
"607","2026","Jan",2026-01-06,"Chinook Salmon","late-fall","O-5","HS","AC, AK","19",45.1,150,"C93C",2026-01-02,"3:31",211,"1:13",73,"2:28",148,"","RT-10","2026-01-07 RT-10","O-7","HS","SB",""
"608","2026","Jan",2026-01-06,"Chinook Salmon","late-fall","O-5","HS","AC, AK","20",78.1,175,"C77A",2026-01-02,"2:42",162,"1:31",91,"2:01",121,"","RT-10","2026-01-07 RT-10","O-7","HS","SB",""
"609","2026","Jan",2026-01-06,"Chinook Salmon","late-fall","O-5","HS","AC, AK","21",66.4,169,"CB82",2026-01-02,"2:32",152,"1:46",106,"3:15",195,"jumpy - crooked incision","RT-11","2026-01-07 RT-11","O-8","HS","SB",""
"610","2026","Jan",2026-01-06,"Chinook Salmon","late-fall","O-5","HS","AC, AK","22",17.5,173,"C822",2026-01-02,"2:33",153,"1:21",81,"2:01",121,"","RT-11","2026-01-07 RT-11","O-8","HS","SB",""
"611","2026","Jan",2026-01-06,"Chinook Salmon","late-fall","O-5","HS","AC, AK","23",17.4,121,"CC88",2026-01-02,"2:31",151,"1:49",109,"3:00",180,"","RT-11","2026-01-07 RT-11","O-8","HS","SB",""
"612","2026","Jan",2026-01-06,"Chinook Salmon","late-fall","O-5","HS","AC, AK","24",86.2,187,"C7EA",2026-01-02,"3:01",181,"1:19",79,"4:18",258,"","RT-11","2026-01-07 RT-11","O-8","HS","SB",""
"613","2026","Jan",2026-01-06,"Chinook Salmon","late-fall","O-5","HS","AC, AK","25",40.7,142,"C816",2026-01-02,"2:49",169,"1:32",92,"3:50",230,"","RT-11","2026-01-07 RT-11","O-8","HS","SB",""
"614","2026","Jan",2026-01-06,"Chinook Salmon","late-fall","O-5","HS","AC, AK","26",26.1,127,"CEDE",2026-01-02,"2:48",168,"1:12",72,"2:12",132,"","RT-11","2026-01-07 RT-11","O-8","HS","SB",""
"615","2026","Jan",2026-01-06,"Chinook Salmon","late-fall","O-5","HS","AC, AK","27",38.1,142,"C90C",2026-01-02,"2:14",134,"1:33",93,"2:15",135,"","RT-11","2026-01-07 RT-11","O-8","HS","SB",""
"616","2026","Jan",2026-01-06,"Chinook Salmon","late-fall","O-5","HS","AC, AK","28",82.8,178,"C5F4",2026-01-02,"3:16",196,"1:31",91,"3:12",192,"","RT-11","2026-01-07 RT-11","O-8","HS","SB",""
"617","2026","Jan",2026-01-06,"Chinook Salmon","late-fall","O-5","HS","AC, AK","29",28.6,129,"CD3C",2026-01-02,"4:06",246,"1:22",82,"2:57",177,"","RT-11","2026-01-07 RT-11","O-8","HS","SB",""
"618","2026","Jan",2026-01-06,"Chinook Salmon","late-fall","O-5","HS","AC, AK","30",34.2,136,"CC48",2026-01-02,"3:21",201,"1:40",100,"3:28",208,"","RT-11","2026-01-07 RT-11","O-8","HS","SB",""
"619","2026","Jan",2026-01-06,"Chinook Salmon","late-fall","O-5","HS","AC, AK","31",45.5,152,"C988",2026-01-02,"3:14",194,"1:15",75,"2:40",160,"","RT-12","2026-01-07 RT-12","O-8","HS","SB",""
"620","2026","Jan",2026-01-06,"Chinook Salmon","late-fall","O-5","HS","AC, AK","32",46.9,154,"C75C",2026-01-02,"2:43",163,"1:37",97,"3:15",195,"","RT-12","2026-01-07 RT-12","O-8","HS","SB",""
"621","2026","Jan",2026-01-06,"Chinook Salmon","late-fall","O-5","HS","AC, AK","33",64.8,168,"CC62",2026-01-02,"3:14",194,"1:21",81,"3:24",204,"","RT-12","2026-01-07 RT-12","O-8","HS","SB",""
"622","2026","Jan",2026-01-06,"Chinook Salmon","late-fall","O-5","HS","AC, AK","34",30.8,134,"C8EE",2026-01-02,"2:57",177,"1:10",70,"2:14",134,"","RT-12","2026-01-07 RT-12","O-8","HS","SB",""
"623","2026","Jan",2026-01-06,"Chinook Salmon","late-fall","O-5","HS","AC, AK","35",35.5,139,"CB10",2026-01-02,"2:36",156,"1:24",84,"2:20",140,"","RT-12","2026-01-07 RT-12","O-8","HS","SB",""
"624","2026","Jan",2026-01-06,"Chinook Salmon","late-fall","O-5","HS","AC, AK","36",61.6,167,"C774",2026-01-02,"2:44",164,"1:16",76,"1:51",111,"","RT-12","2026-01-07 RT-12","O-8","HS","SB",""
"625","2026","Jan",2026-01-06,"Chinook Salmon","late-fall","O-5","HS","AC, AK","37",47.7,151,"C6BC",2026-01-02,"2:33",153,"1:25",85,"2:42",162,"","RT-12","2026-01-07 RT-12","O-8","HS","SB",""
"626","2026","Jan",2026-01-06,"Chinook Salmon","late-fall","O-5","HS","AC, AK","38",69.2,176,"CA06",2026-01-02,"2:26",146,"1:30",90,"2:52",172,"","RT-12","2026-01-07 RT-12","O-8","HS","SB",""
"627","2026","Jan",2026-01-06,"Chinook Salmon","late-fall","O-5","HS","AC, AK","39",15.3,106,"C5EE",2026-01-02,"2:31",151,"1:17",77,"1:31",91,"","RT-12","2026-01-07 RT-12","O-8","HS","SB",""
"628","2026","Jan",2026-01-06,"Chinook Salmon","late-fall","O-5","HS","AC, AK","40",33.9,135,"CF34",2026-01-02,"2:18",138,"1:11",71,"3:21",201,"","RT-12","2026-01-07 RT-12","O-8","HS","SB",""
"629","2026","Jan",2026-01-06,"Chinook Salmon","late-fall","O-5","AC","HS, AK","41",36.5,139,"C888",2026-01-02,"2:33",153,"1:26",86,"1:37",97,"","RT-13","2026-01-07 RT-13","O-7","HS","SB",""
"630","2026","Jan",2026-01-06,"Chinook Salmon","late-fall","O-5","AC","HS, AK","42",55.7,161,"C648",2026-01-02,"2:27",147,"1:45",105,"1:33",93,"","RT-13","2026-01-07 RT-13","O-7","HS","SB",""
"631","2026","Jan",2026-01-06,"Chinook Salmon","late-fall","O-5","AC","HS, AK","43",40.9,143,"CD84",2026-01-02,"2:51",171,"1:25",85,"2:42",162,"","RT-13","2026-01-07 RT-13","O-7","HS","SB",""
"632","2026","Jan",2026-01-06,"Chinook Salmon","late-fall","O-5","AC","HS, AK","44",38.8,143,"CE86",2026-01-02,"2:32",152,"1:19",79,"2:33",153,"dead tag (C690) - new tag number is CE86","RT-13","2026-01-07 RT-13","O-7","HS","SB",""
"633","2026","Jan",2026-01-06,"Chinook Salmon","late-fall","O-5","AC","HS, AK","45",27.1,125,"CEC2",2026-01-02,"2:25",145,"1:08",68,"3:40",220,"","RT-13","2026-01-07 RT-13","O-7","HS","SB",""
"634","2026","Jan",2026-01-06,"Chinook Salmon","late-fall","O-5","AC","HS, AK","46",55,158,"CBDC",2026-01-02,"3:00",180,"1:12",72,"1:34",94,"","RT-13","2026-01-07 RT-13","O-7","HS","SB",""
"635","2026","Jan",2026-01-06,"Chinook Salmon","late-fall","O-5","AC","HS, AK","47",35.3,142,"C9D0",2026-01-02,"2:20",140,"1:20",80,"2:28",148,"","RT-13","2026-01-07 RT-13","O-7","HS","SB",""
"636","2026","Jan",2026-01-06,"Chinook Salmon","late-fall","O-5","AC","HS, AK","48",21.5,122,"CE9E",2026-01-02,"2:28",148,"1:11",71,"1:34",94,"","RT-13","2026-01-07 RT-13","O-7","HS","SB",""
"637","2026","Jan",2026-01-06,"Chinook Salmon","late-fall","O-5","AC","HS, AK","49",30.9,132,"CB78",2026-01-02,"1:49",109,"1:03",63,"2:58",178,"","RT-13","2026-01-07 RT-13","O-7","HS","SB",""
"638","2026","Jan",2026-01-06,"Chinook Salmon","late-fall","O-5","AC","HS, AK","50",87,186,"C7AE",2026-01-02,"3:01",181,"1:22",82,"3:41",221,"","RT-13","2026-01-07 RT-13","O-7","HS","SB",""
"639","2026","Jan",2026-01-06,"Chinook Salmon","late-fall","O-5","AC","HS, AK","51",34.8,140,"CDBC",2026-01-02,"2:36",156,"1:17",77,"2:30",150,"jumpy","RT-14","2026-01-07 RT-14","O-7","HS","SB",""
"640","2026","Jan",2026-01-06,"Chinook Salmon","late-fall","O-5","AC","HS, AK","52",62,165,"CC76",2026-01-02,"2:48",168,"1:22",82,"4:01",241,"","RT-14","2026-01-07 RT-14","O-7","HS","SB",""
"641","2026","Jan",2026-01-06,"Chinook Salmon","late-fall","O-5","AC","HS, AK","53",27.3,130,"C7D2",2026-01-02,"3:03",183,"1:07",67,"3:12",192,"","RT-14","2026-01-07 RT-14","O-7","HS","SB",""
"642","2026","Jan",2026-01-06,"Chinook Salmon","late-fall","O-5","AC","HS, AK","54",58.8,167,"CAE0",2026-01-02,"2:35",155,"1:39",99,"2:35",155,"","RT-14","2026-01-07 RT-14","O-7","HS","SB",""
"643","2026","Jan",2026-01-06,"Chinook Salmon","late-fall","O-5","AC","HS, AK","55",48.8,155,"C72E",2026-01-02,"3:47",227,"1:21",81,"3:59",239,"","RT-14","2026-01-07 RT-14","O-7","HS","SB",""
"644","2026","Jan",2026-01-06,"Chinook Salmon","late-fall","O-5","AC","HS, AK","56",47.7,153,"CE58",2026-01-02,"2:50",170,"1:04",64,"1:46",106,"","RT-14","2026-01-07 RT-14","O-7","HS","SB",""
"645","2026","Jan",2026-01-06,"Chinook Salmon","late-fall","O-5","AC","HS, AK","57",72.2,173,"C626",2026-01-02,"2:54",174,"1:24",84,"2:46",166,"","RT-14","2026-01-07 RT-14","O-7","HS","SB",""
"646","2026","Jan",2026-01-06,"Chinook Salmon","late-fall","O-5","AC","HS, AK","58",19.5,116,"C6C4",2026-01-02,"2:38",158,"1:26",86,"3:55",235,"","RT-14","2026-01-07 RT-14","O-7","HS","SB",""
"647","2026","Jan",2026-01-06,"Chinook Salmon","late-fall","O-5","AC","HS, AK","59",37.7,144,"CC2E",2026-01-02,"3:10",190,"1:15",75,"1:58",118,"","RT-14","2026-01-07 RT-14","O-7","HS","SB",""
"648","2026","Jan",2026-01-06,"Chinook Salmon","late-fall","O-5","AC","HS, AK","60",58.8,163,"CDD0",2026-01-02,"2:45",165,"1:15",75,"2:20",140,"","RT-14","2026-01-07 RT-14","O-7","HS","SB",""
"649","2026","Jan",2026-01-06,"Chinook Salmon","late-fall","O-5","AC","HS, AK","61",14.8,106,"C848",2026-01-02,"2:09",129,"1:10",70,"2:11",131,"","RT-15","2026-01-07 RT-15","O-7","HS","SB",""
"650","2026","Jan",2026-01-06,"Chinook Salmon","late-fall","O-5","AC","HS, AK","62",49.7,157,"C6F6",2026-01-02,"2:09",129,"1:14",74,"2:52",172,"","RT-15","2026-01-07 RT-15","O-7","HS","SB",""
"651","2026","Jan",2026-01-06,"Chinook Salmon","late-fall","O-5","AC","HS, AK","63",39.9,145,"C938",2026-01-02,"2:11",131,"1:22",82,"2:01",121,"","RT-15","2026-01-07 RT-15","O-7","HS","SB",""
"652","2026","Jan",2026-01-06,"Chinook Salmon","late-fall","O-5","AC","HS, AK","64",64.3,172,"CE6C",2026-01-02,"2:57",177,"1:06",66,"3:40",220,"","RT-15","2026-01-07 RT-15","O-7","HS","SB",""
"653","2026","Jan",2026-01-06,"Chinook Salmon","late-fall","O-5","AC","HS, AK","65",56.5,161,"C960",2026-01-02,"2:15",135,"1:21",81,"2:02",122,"jumpy - crooked incision","RT-15","2026-01-07 RT-15","O-7","HS","SB",""
"654","2026","Jan",2026-01-06,"Chinook Salmon","late-fall","O-5","AC","HS, AK","66",26.9,128,"CF12",2026-01-02,"2:55",175,"1:12",72,"3:05",185,"","RT-15","2026-01-07 RT-15","O-7","HS","SB",""
"655","2026","Jan",2026-01-06,"Chinook Salmon","late-fall","O-5","AC","HS, AK","67",97.2,188,"CA0E",2026-01-02,"2:58",178,"1:34",94,"2:06",126,"","RT-15","2026-01-07 RT-15","O-7","HS","SB",""
"656","2026","Jan",2026-01-06,"Chinook Salmon","late-fall","O-5","AC","HS, AK","68",21.7,124,"C6E2",2026-01-02,"2:54",174,"1:12",72,"3:07",187,"","RT-15","2026-01-07 RT-15","O-7","HS","SB",""
"657","2026","Jan",2026-01-06,"Chinook Salmon","late-fall","O-5","AC","HS, AK","69",83.8,182,"C67A",2026-01-02,"2:56",176,"1:12",72,"3:25",205,"","RT-15","2026-01-07 RT-15","O-7","HS","SB",""
"658","2026","Jan",2026-01-06,"Chinook Salmon","late-fall","O-5","AC","HS, AK","70",62.9,165,"C612",2026-01-02,"2:28",148,"1:24",84,"3:01",181,"","RT-15","2026-01-07 RT-15","O-7","HS","SB",""
"659","2026","Jan",2026-01-06,"Chinook Salmon","late-fall","O-5","AC","HS, AK","71",46.2,154,"CC36",2026-01-02,"3:13",193,"1:32",92,"3:33",213,"","RT-16","2026-01-07 RT-16","O-7","HS","SB",""
"660","2026","Jan",2026-01-06,"Chinook Salmon","late-fall","O-5","AC","HS, AK","72",59.4,160,"C7D4",2026-01-02,"3:00",180,"1:37",97,"1:52",112,"","RT-16","2026-01-07 RT-16","O-7","HS","SB",""
"661","2026","Jan",2026-01-06,"Chinook Salmon","late-fall","O-5","AC","HS, AK","73",51.9,156,"CE12",2026-01-02,"2:57",177,"1:30",90,"2:29",149,"","RT-16","2026-01-07 RT-16","O-7","HS","SB",""
"662","2026","Jan",2026-01-06,"Chinook Salmon","late-fall","O-5","AC","HS, AK","74",35.8,138,"C734",2026-01-02,"2:42",162,"1:24",84,"3:57",237,"","RT-16","2026-01-07 RT-16","O-7","HS","SB",""
"663","2026","Jan",2026-01-06,"Chinook Salmon","late-fall","O-5","AC","HS, AK","75",64.6,166,"C66C",2026-01-02,"2:57",177,"1:15",75,"3:32",212,"","RT-16","2026-01-07 RT-16","O-7","HS","SB",""
"664","2026","Jan",2026-01-06,"Chinook Salmon","late-fall","O-5","AC","HS, AK","76",46.8,151,"C876",2026-01-02,"2:49",169,"1:21",81,"2:32",152,"","RT-16","2026-01-07 RT-16","O-7","HS","SB",""
"665","2026","Jan",2026-01-06,"Chinook Salmon","late-fall","O-5","AC","HS, AK","77",50.3,155,"C73A",2026-01-02,"2:28",148,"1:23",83,"2:19",139,"","RT-16","2026-01-07 RT-16","O-7","HS","SB",""
"666","2026","Jan",2026-01-06,"Chinook Salmon","late-fall","O-5","AC","HS, AK","78",44.5,151,"C9E2",2026-01-02,"2:38",158,"1:35",95,"2:20",140,"","RT-16","2026-01-07 RT-16","O-7","HS","SB",""
"667","2026","Jan",2026-01-06,"Chinook Salmon","late-fall","O-5","AC","HS, AK","79",35.5,138,"C9BE",2026-01-02,"2:45",165,"2:17",137,"1:12",72,"cut tag end too short, had to redo suture","RT-16","2026-01-07 RT-16","O-7","HS","SB",""
"668","2026","Jan",2026-01-06,"Chinook Salmon","late-fall","O-5","AC","HS, AK","80",20.2,123,"CECE",2026-01-02,"3:28",208,"1:07",67,"3:39",219,"","RT-16","2026-01-07 RT-16","O-7","HS","SB",""
"669","2026","Jan",2026-01-06,"Chinook Salmon","late-fall","O-5","HS","AC, AK","D1",50.4,153,"2568",2026-01-02,"2:49",169,"1:10",70,"3:57",237,"",NA,NA,"I-3","HS","SB",""
"670","2026","Jan",2026-01-06,"Chinook Salmon","late-fall","O-5","HS","AC, AK","D2",67.8,170,"95BA",2026-01-02,"2:44",164,"1:08",68,"4:18",258,"",NA,NA,"I-3","HS","SB",""
"671","2026","Jan",2026-01-06,"Chinook Salmon","late-fall","O-5","AC","HS, AK","D3",35.3,143,"9362",2026-01-02,"2:47",167,"1:06",66,"2:38",158,"",NA,NA,"I-3","HS","SB",""
"672","2026","Jan",2026-01-06,"Chinook Salmon","late-fall","O-5","AC","HS, AK","D4",46.3,150,"2176",2026-01-02,"2:59",179,"1:51",111,"2:44",164,"jumpy - jagged incision",NA,NA,"I-3","HS","SB",""
"673","2026","Jan",2026-01-07,"Chinook Salmon","late-fall","O-6","HS","AC, JI","1",79.2,175,"CE26",2026-01-02,"3:10",190,"1:43",103,"1:38",98,"","RT-17","2026-01-08 RT-17","O-8","HS","SB","Releases in containers 17 and 23 were combined due to a mix up with fish. Release of 20 fish was made with #17, and release #23 was skipped"
"674","2026","Jan",2026-01-07,"Chinook Salmon","late-fall","O-6","HS","AC, JI","2",42,146,"C83A",2026-01-02,"2:47",167,"1:15",75,"1:57",117,"","RT-17","2026-01-08 RT-17","O-8","HS","SB","Releases in containers 17 and 23 were combined due to a mix up with fish. Release of 20 fish was made with #17, and release #23 was skipped"
"675","2026","Jan",2026-01-07,"Chinook Salmon","late-fall","O-6","HS","AC, JI","3",70.2,176,"CDA0",2026-01-02,"2:40",160,"1:08",68,"2:34",154,"","RT-17","2026-01-08 RT-17","O-8","HS","SB","Releases in containers 17 and 23 were combined due to a mix up with fish. Release of 20 fish was made with #17, and release #23 was skipped"
"676","2026","Jan",2026-01-07,"Chinook Salmon","late-fall","O-6","HS","AC, JI","4",51.3,155,"C982",2026-01-02,"2:49",169,"1:11",71,"2:27",147,"","RT-17","2026-01-08 RT-17","O-8","HS","SB","Releases in containers 17 and 23 were combined due to a mix up with fish. Release of 20 fish was made with #17, and release #23 was skipped"
"677","2026","Jan",2026-01-07,"Chinook Salmon","late-fall","O-6","HS","AC, JI","5",52.1,162,"CF48",2026-01-02,"2:25",145,"1:19",79,"3:06",186,"crooked incision - jumpy","RT-17","2026-01-08 RT-17","O-8","HS","SB","Releases in containers 17 and 23 were combined due to a mix up with fish. Release of 20 fish was made with #17, and release #23 was skipped"
"678","2026","Jan",2026-01-07,"Chinook Salmon","late-fall","O-6","HS","AC, JI","6",26.2,125,"CD1C",2026-01-02,"2:30",150,"1:08",68,"1:39",99,"","RT-17","2026-01-08 RT-17","O-8","HS","SB","Releases in containers 17 and 23 were combined due to a mix up with fish. Release of 20 fish was made with #17, and release #23 was skipped"
"679","2026","Jan",2026-01-07,"Chinook Salmon","late-fall","O-6","HS","AC, JI","7",29.4,141,"C722",2026-01-02,"2:22",142,"1:19",79,"3:22",202,"","RT-17","2026-01-08 RT-17","O-8","HS","SB","Releases in containers 17 and 23 were combined due to a mix up with fish. Release of 20 fish was made with #17, and release #23 was skipped"
"680","2026","Jan",2026-01-07,"Chinook Salmon","late-fall","O-6","HS","AC, JI","8",55.5,159,"C80A",2026-01-02,"2:39",159,"1:15",75,"2:05",125,"","RT-17","2026-01-08 RT-17","O-8","HS","SB","Releases in containers 17 and 23 were combined due to a mix up with fish. Release of 20 fish was made with #17, and release #23 was skipped"
"681","2026","Jan",2026-01-07,"Chinook Salmon","late-fall","O-6","HS","AC, JI","9",22.6,122,"CC9E",2026-01-02,"2:38",158,"1:24",84,"2:49",169,"","RT-17","2026-01-08 RT-17","O-8","HS","SB","Releases in containers 17 and 23 were combined due to a mix up with fish. Release of 20 fish was made with #17, and release #23 was skipped"
"682","2026","Jan",2026-01-07,"Chinook Salmon","late-fall","O-6","HS","AC, JI","10",81.6,175,"CD7C",2026-01-02,"3:07",187,"1:28",88,"3:10",190,"","RT-17","2026-01-08 RT-17","O-8","HS","SB","Releases in containers 17 and 23 were combined due to a mix up with fish. Release of 20 fish was made with #17, and release #23 was skipped"
"683","2026","Jan",2026-01-07,"Chinook Salmon","late-fall","O-6","HS","AC, JI","11",53,158,"CB0E",2026-01-02,"2:45",165,"1:15",75,"2:52",172,"","RT-18","2026-01-08 RT-18","O-8","HS","SB",""
"684","2026","Jan",2026-01-07,"Chinook Salmon","late-fall","O-6","HS","AC, JI","12",62.1,166,"CB30",2026-01-02,"2:29",149,"1:07",67,"2:58",178,"","RT-18","2026-01-08 RT-18","O-8","HS","SB",""
"685","2026","Jan",2026-01-07,"Chinook Salmon","late-fall","O-6","HS","AC, JI","13",83.9,180,"CA60",2026-01-02,"2:32",152,"1:35",95,"2:55",175,"","RT-18","2026-01-08 RT-18","O-8","HS","SB",""
"686","2026","Jan",2026-01-07,"Chinook Salmon","late-fall","O-6","HS","AC, JI","14",50,155,"C970",2026-01-02,"2:58",178,"1:41",101,"1:47",107,"","RT-18","2026-01-08 RT-18","O-8","HS","SB",""
"687","2026","Jan",2026-01-07,"Chinook Salmon","late-fall","O-6","HS","AC, JI","15",39,145,"CEFA",2026-01-02,"3:08",188,"1:24",84,"2:56",176,"","RT-18","2026-01-08 RT-18","O-8","HS","SB",""
"688","2026","Jan",2026-01-07,"Chinook Salmon","late-fall","O-6","HS","AC, JI","16",37,140,"CDE2",2026-01-02,"2:21",141,"1:36",96,"1:44",104,"","RT-18","2026-01-08 RT-18","O-8","HS","SB",""
"689","2026","Jan",2026-01-07,"Chinook Salmon","late-fall","O-6","HS","AC, JI","17",41,145,"C826",2026-01-02,"2:57",177,"1:22",82,"2:11",131,"jumpy","RT-18","2026-01-08 RT-18","O-8","HS","SB",""
"690","2026","Jan",2026-01-07,"Chinook Salmon","late-fall","O-6","HS","AC, JI","18",67.3,170,"C8B8",2026-01-02,"3:20",200,"1:21",81,"2:28",148,"","RT-18","2026-01-08 RT-18","O-8","HS","SB",""
"691","2026","Jan",2026-01-07,"Chinook Salmon","late-fall","O-6","HS","AC, JI","19",49.3,159,"C87A",2026-01-02,"3:04",184,"1:18",78,"3:24",204,"","RT-18","2026-01-08 RT-18","O-8","HS","SB",""
"692","2026","Jan",2026-01-07,"Chinook Salmon","late-fall","O-6","HS","AC, JI","20",46.1,153,"CD60",2026-01-02,"2:56",176,"1:13",73,"3:42",222,"","RT-18","2026-01-08 RT-18","O-8","HS","SB",""
"693","2026","Jan",2026-01-07,"Chinook Salmon","late-fall","O-6","HS","AC, JI","21",28.3,131,"CEF6",2026-01-02,"3:28",208,"1:15",75,"2:55",175,"","RT-19","2026-01-08 RT-19","O-8","HS","SB",""
"694","2026","Jan",2026-01-07,"Chinook Salmon","late-fall","O-6","HS","AC, JI","22",77.3,175,"CE72",2026-01-02,"3:28",208,"1:42",102,"2:02",122,"","RT-19","2026-01-08 RT-19","O-8","HS","SB",""
"695","2026","Jan",2026-01-07,"Chinook Salmon","late-fall","O-6","HS","AC, JI","23",29.6,135,"C6EE",2026-01-02,"3:16",196,"1:19",79,"2:53",173,"jumpy","RT-19","2026-01-08 RT-19","O-8","HS","SB",""
"696","2026","Jan",2026-01-07,"Chinook Salmon","late-fall","O-6","HS","AC, JI","24",28.9,143,"C714",2026-01-02,"2:42",162,"1:14",74,"2:15",135,"","RT-19","2026-01-08 RT-19","O-8","HS","SB",""
"697","2026","Jan",2026-01-07,"Chinook Salmon","late-fall","O-6","HS","AC, JI","25",26.6,127,"C99E",2026-01-02,"2:51",171,"1:03",63,"3:29",209,"","RT-19","2026-01-08 RT-19","O-8","HS","SB",""
"698","2026","Jan",2026-01-07,"Chinook Salmon","late-fall","O-6","HS","AC, JI","26",79,179,"C7B6",2026-01-02,"3:18",198,"1:24",84,"2:20",140,"","RT-19","2026-01-08 RT-19","O-8","HS","SB",""
"699","2026","Jan",2026-01-07,"Chinook Salmon","late-fall","O-6","HS","AC, JI","27",21.8,122,"CBBE",2026-01-02,"3:12",192,"1:14",74,"2:43",163,"","RT-19","2026-01-08 RT-19","O-8","HS","SB",""
"700","2026","Jan",2026-01-07,"Chinook Salmon","late-fall","O-6","HS","AC, JI","28",54.4,162,"CE6E",2026-01-02,"2:58",178,"1:16",76,"2:37",157,"","RT-19","2026-01-08 RT-19","O-8","HS","SB",""
"701","2026","Jan",2026-01-07,"Chinook Salmon","late-fall","O-6","HS","AC, JI","29",75,175,"CC74",2026-01-02,"2:58",178,"1:16",76,"2:04",124,"","RT-19","2026-01-08 RT-19","O-8","HS","SB",""
"702","2026","Jan",2026-01-07,"Chinook Salmon","late-fall","O-6","HS","AC, JI","30",64.8,169,"C684",2026-01-02,"2:52",172,"1:09",69,"2:34",154,"","RT-19","2026-01-08 RT-19","O-8","HS","SB",""
"703","2026","Jan",2026-01-07,"Chinook Salmon","late-fall","O-6","HS","AC, JI","31",48.7,155,"CC98",2026-01-02,"2:55",175,"1:16",76,"2:28",148,"","RT-20","2026-01-08 RT-20","O-8","HS","SB",""
"704","2026","Jan",2026-01-07,"Chinook Salmon","late-fall","O-6","HS","AC, JI","32",24,124,"CDF2",2026-01-02,"2:48",168,"1:23",83,"2:37",157,"","RT-20","2026-01-08 RT-20","O-8","HS","SB",""
"705","2026","Jan",2026-01-07,"Chinook Salmon","late-fall","O-6","HS","AC, JI","33",47.6,151,"C8C8",2026-01-02,"2:55",175,"1:10",70,"2:22",142,"","RT-20","2026-01-08 RT-20","O-8","HS","SB",""
"706","2026","Jan",2026-01-07,"Chinook Salmon","late-fall","O-6","HS","AC, JI","34",27,127,"CD30",2026-01-02,"2:13",133,"1:09",69,"2:23",143,"","RT-20","2026-01-08 RT-20","O-8","HS","SB",""
"707","2026","Jan",2026-01-07,"Chinook Salmon","late-fall","O-6","HS","AC, JI","35",18.6,115,"CC22",2026-01-02,"2:55",175,"1:27",87,"3:20",200,"","RT-20","2026-01-08 RT-20","O-8","HS","SB",""
"708","2026","Jan",2026-01-07,"Chinook Salmon","late-fall","O-6","HS","AC, JI","36",54.1,162,"C6D8",2026-01-02,"3:07",187,"1:10",70,"3:02",182,"jumpy - jagged incision","RT-20","2026-01-08 RT-20","O-8","HS","SB",""
"709","2026","Jan",2026-01-07,"Chinook Salmon","late-fall","O-6","HS","AC, JI","37",32.9,134,"C814",2026-01-02,"3:10",190,"1:21",81,"3:03",183,"","RT-20","2026-01-08 RT-20","O-8","HS","SB",""
"710","2026","Jan",2026-01-07,"Chinook Salmon","late-fall","O-6","HS","AC, JI","38",90.6,186,"C9DE",2026-01-02,"3:14",194,"1:52",112,"1:34",94,"jumpy - jagged incision","RT-20","2026-01-08 RT-20","O-8","HS","SB",""
"711","2026","Jan",2026-01-07,"Chinook Salmon","late-fall","O-6","HS","AC, JI","39",18.6,114,"CC1A",2026-01-02,"2:52",172,"1:14",74,"2:59",179,"","RT-20","2026-01-08 RT-20","O-8","HS","SB",""
"712","2026","Jan",2026-01-07,"Chinook Salmon","late-fall","O-6","HS","AC, JI","40",53.9,165,"C716",2026-01-02,"3:51",231,"2:03",123,"3:16",196,"","RT-20","2026-01-08 RT-20","O-8","HS","SB",""
"713","2026","Jan",2026-01-07,"Chinook Salmon","late-fall","O-6","AC","HS, AK","41",35,138,"CE42",2026-01-02,"3:34",214,"1:07",67,"2:41",161,"","RT-21","2026-01-08 RT-21","O-7","HS","SB",""
"714","2026","Jan",2026-01-07,"Chinook Salmon","late-fall","O-6","AC","HS, AK","42",73.8,170,"CBC4",2026-01-02,"2:55",175,"1:07",67,"3:03",183,"","RT-21","2026-01-08 RT-21","O-7","HS","SB",""
"715","2026","Jan",2026-01-07,"Chinook Salmon","late-fall","O-6","AC","HS, AK","43",52.9,158,"C7B4",2026-01-02,"1:58",118,"0:57",57,"2:45",165,"","RT-21","2026-01-08 RT-21","O-7","HS","SB",""
"716","2026","Jan",2026-01-07,"Chinook Salmon","late-fall","O-6","AC","HS, AK","44",34.4,136,"CEE8",2026-01-02,"2:23",143,"1:13",73,"2:56",176,"","RT-21","2026-01-08 RT-21","O-7","HS","SB",""
"717","2026","Jan",2026-01-07,"Chinook Salmon","late-fall","O-6","AC","HS, AK","45",18.5,116,"CBF2",2026-01-02,"2:32",152,"1:32",92,"2:54",174,"","RT-21","2026-01-08 RT-21","O-7","HS","SB",""
"718","2026","Jan",2026-01-07,"Chinook Salmon","late-fall","O-6","AC","HS, AK","46",26.8,125,"C762",2026-01-02,"2:51",171,"1:07",67,"2:44",164,"","RT-21","2026-01-08 RT-21","O-7","HS","SB",""
"719","2026","Jan",2026-01-07,"Chinook Salmon","late-fall","O-6","AC","HS, AK","47",20.1,120,"C84E",2026-01-02,"2:02",122,"1:05",65,"3:38",218,"","RT-21","2026-01-08 RT-21","O-7","HS","SB",""
"720","2026","Jan",2026-01-07,"Chinook Salmon","late-fall","O-6","AC","HS, AK","48",65,174,"CC64",2026-01-02,"3:20",200,"1:19",79,"2:02",122,"","RT-21","2026-01-08 RT-21","O-7","HS","SB",""
"721","2026","Jan",2026-01-07,"Chinook Salmon","late-fall","O-6","AC","HS, AK","49",24.4,122,"C85E",2026-01-02,"2:56",176,"1:20",80,"2:06",126,"","RT-21","2026-01-08 RT-21","O-7","HS","SB",""
"722","2026","Jan",2026-01-07,"Chinook Salmon","late-fall","O-6","AC","HS, AK","50",19.4,117,"CE44",2026-01-02,"2:20",140,"1:04",64,"2:11",131,"","RT-21","2026-01-08 RT-21","O-7","HS","SB",""
"723","2026","Jan",2026-01-07,"Chinook Salmon","late-fall","O-6","AC","HS, AK","51",58.1,163,"CB70",2026-01-02,"2:40",160,"1:31",91,"2:51",171,"","RT-22","2026-01-08 RT-22","O-7","HS","SB",""
"724","2026","Jan",2026-01-07,"Chinook Salmon","late-fall","O-6","AC","HS, AK","52",88.3,187,"CEA0",2026-01-02,"2:46",166,"1:10",70,"2:35",155,"","RT-22","2026-01-08 RT-22","O-7","HS","SB",""
"725","2026","Jan",2026-01-07,"Chinook Salmon","late-fall","O-6","AC","HS, AK","53",19.5,114,"CAF8",2026-01-02,"2:25",145,"1:10",70,"2:43",163,"","RT-22","2026-01-08 RT-22","O-7","HS","SB",""
"726","2026","Jan",2026-01-07,"Chinook Salmon","late-fall","O-6","AC","HS, AK","54",20.1,129,"C70A",2026-01-02,"2:52",172,"1:47",107,"2:11",131,"","RT-22","2026-01-08 RT-22","O-7","HS","SB",""
"727","2026","Jan",2026-01-07,"Chinook Salmon","late-fall","O-6","AC","HS, AK","55",43.2,150,"CE34",2026-01-02,"3:26",206,"1:13",73,"3:06",186,"","RT-22","2026-01-08 RT-22","O-7","HS","SB",""
"728","2026","Jan",2026-01-07,"Chinook Salmon","late-fall","O-6","AC","HS, AK","56",44.3,150,"CED8",2026-01-02,"2:35",155,"1:15",75,"2:26",146,"","RT-22","2026-01-08 RT-22","O-7","HS","SB",""
"729","2026","Jan",2026-01-07,"Chinook Salmon","late-fall","O-6","AC","HS, AK","57",18,110,"C8E4",2026-01-02,"1:56",116,"1:17",77,"2:16",136,"","RT-22","2026-01-08 RT-22","O-7","HS","SB",""
"730","2026","Jan",2026-01-07,"Chinook Salmon","late-fall","O-6","AC","HS, AK","58",36.3,141,"C88E",2026-01-02,"2:13",133,"1:10",70,"3:01",181,"","RT-22","2026-01-08 RT-22","O-7","HS","SB",""
"731","2026","Jan",2026-01-07,"Chinook Salmon","late-fall","O-6","AC","HS, AK","59",57.1,161,"C9CE",2026-01-02,"2:09",129,"1:25",85,"2:59",179,"","RT-22","2026-01-08 RT-22","O-7","HS","SB",""
"732","2026","Jan",2026-01-07,"Chinook Salmon","late-fall","O-6","AC","HS, AK","60",79.8,182,"CA02",2026-01-02,"2:42",162,"0:59",59,"1:45",105,"","RT-22","2026-01-08 RT-22","O-7","HS","SB",""
"733","2026","Jan",2026-01-07,"Chinook Salmon","late-fall","O-6","AC","HS, AK","61",39.3,147,"C8C6",2026-01-02,"2:38",158,"1:08",68,"2:10",130,"*two fish that were supposed to go to 23 ended up in 17, but we don't know which ones - bins 23 and 17 were all released together at #17's scheduled release time","RT-23/17","2026-01-08 RT-23/17","O-8","HS","SB","Releases in containers 17 and 23 were combined due to a mix up with fish. Release of 20 fish was made with #17, and release #23 was skipped"
"734","2026","Jan",2026-01-07,"Chinook Salmon","late-fall","O-6","AC","HS, AK","62",75.9,179,"C940",2026-01-02,"2:30",150,"1:18",78,"3:18",198,"split caudal fin","RT-23/17","2026-01-08 RT-23/17","O-8","HS","SB","Releases in containers 17 and 23 were combined due to a mix up with fish. Release of 20 fish was made with #17, and release #23 was skipped"
"735","2026","Jan",2026-01-07,"Chinook Salmon","late-fall","O-6","AC","HS, AK","63",81.3,180,"CDCC",2026-01-02,"2:50",170,"1:14",74,"3:05",185,"*two fish that were supposed to go to 23 ended up in 17, but we don't know which ones - bins 23 and 17 were all released together at #17's scheduled release time","RT-23/17","2026-01-08 RT-23/17","O-8","HS","SB","Releases in containers 17 and 23 were combined due to a mix up with fish. Release of 20 fish was made with #17, and release #23 was skipped"
"736","2026","Jan",2026-01-07,"Chinook Salmon","late-fall","O-6","AC","HS, AK","64",84.1,183,"C62C",2026-01-02,"2:38",158,"1:20",80,"3:32",212,"*two fish that were supposed to go to 23 ended up in 17, but we don't know which ones - bins 23 and 17 were all released together at #17's scheduled release time","RT-23/17","2026-01-08 RT-23/17","O-8","HS","SB","Releases in containers 17 and 23 were combined due to a mix up with fish. Release of 20 fish was made with #17, and release #23 was skipped"
"737","2026","Jan",2026-01-07,"Chinook Salmon","late-fall","O-6","AC","HS, AK","65",16.4,109,"C7A6",2026-01-02,"2:37",157,"1:15",75,"2:30",150,"*two fish that were supposed to go to 23 ended up in 17, but we don't know which ones - bins 23 and 17 were all released together at #17's scheduled release time","RT-23/17","2026-01-08 RT-23/17","O-8","HS","SB","Releases in containers 17 and 23 were combined due to a mix up with fish. Release of 20 fish was made with #17, and release #23 was skipped"
"738","2026","Jan",2026-01-07,"Chinook Salmon","late-fall","O-6","AC","HS, AK","66",20.2,115,"CB04",2026-01-02,"2:22",142,"1:21",81,"1:48",108,"*two fish that were supposed to go to 23 ended up in 17, but we don't know which ones - bins 23 and 17 were all released together at #17's scheduled release time","RT-23/17","2026-01-08 RT-23/17","O-8","HS","SB","Releases in containers 17 and 23 were combined due to a mix up with fish. Release of 20 fish was made with #17, and release #23 was skipped"
"739","2026","Jan",2026-01-07,"Chinook Salmon","late-fall","O-6","AC","HS, AK","67",30.6,132,"C79A",2026-01-02,"2:28",148,"1:04",64,"2:11",131,"*two fish that were supposed to go to 23 ended up in 17, but we don't know which ones - bins 23 and 17 were all released together at #17's scheduled release time","RT-23/17","2026-01-08 RT-23/17","O-8","HS","SB","Releases in containers 17 and 23 were combined due to a mix up with fish. Release of 20 fish was made with #17, and release #23 was skipped"
"740","2026","Jan",2026-01-07,"Chinook Salmon","late-fall","O-6","AC","HS, AK","68",58.7,163,"C93E",2026-01-02,"2:34",154,"1:14",74,"2:07",127,"*two fish that were supposed to go to 23 ended up in 17, but we don't know which ones - bins 23 and 17 were all released together at #17's scheduled release time","RT-23/17","2026-01-08 RT-23/17","O-8","HS","SB","Releases in containers 17 and 23 were combined due to a mix up with fish. Release of 20 fish was made with #17, and release #23 was skipped"
"741","2026","Jan",2026-01-07,"Chinook Salmon","late-fall","O-6","AC","HS, AK","69",70.1,173,"CA80",2026-01-02,"3:36",216,"1:05",65,"3:04",184,"*two fish that were supposed to go to 23 ended up in 17, but we don't know which ones - bins 23 and 17 were all released together at #17's scheduled release time","RT-23/17","2026-01-08 RT-23/17","O-8","HS","SB","Releases in containers 17 and 23 were combined due to a mix up with fish. Release of 20 fish was made with #17, and release #23 was skipped"
"742","2026","Jan",2026-01-07,"Chinook Salmon","late-fall","O-6","AC","HS, AK","70",69.8,175,"CD3E",2026-01-02,"2:40",160,"1:17",77,"1:58",118,"jumpy","RT-23/17","2026-01-08 RT-23/17","O-8","HS","SB","Releases in containers 17 and 23 were combined due to a mix up with fish. Release of 20 fish was made with #17, and release #23 was skipped"
"743","2026","Jan",2026-01-07,"Chinook Salmon","late-fall","O-6","AC","HS, AK","71",50.7,158,"CCE8",2026-01-02,"2:47",167,"1:09",69,"3:24",204,"","RT-24","2026-01-08 RT-24","O-8","HS","SB",""
"744","2026","Jan",2026-01-07,"Chinook Salmon","late-fall","O-6","AC","HS, AK","72",58.7,164,"C5EC",2026-01-02,"3:01",181,"1:21",81,"2:06",126,"","RT-24","2026-01-08 RT-24","O-8","HS","SB",""
"745","2026","Jan",2026-01-07,"Chinook Salmon","late-fall","O-6","AC","HS, AK","73",47,155,"CF32",2026-01-02,"2:43",163,"1:01",61,"3:03",183,"","RT-24","2026-01-08 RT-24","O-8","HS","SB",""
"746","2026","Jan",2026-01-07,"Chinook Salmon","late-fall","O-6","AC","HS, AK","74",57.5,165,"CA7E",2026-01-02,"2:28",148,"1:23",83,"4:17",257,"","RT-24","2026-01-08 RT-24","O-8","HS","SB",""
"747","2026","Jan",2026-01-07,"Chinook Salmon","late-fall","O-6","AC","HS, AK","75",43.8,151,"C634",2026-01-02,"2:54",174,"1:16",76,"3:26",206,"","RT-24","2026-01-08 RT-24","O-8","HS","SB",""
"748","2026","Jan",2026-01-07,"Chinook Salmon","late-fall","O-6","AC","HS, AK","76",23.2,124,"C864",2026-01-02,"2:48",168,"1:16",76,"2:28",148,"","RT-24","2026-01-08 RT-24","O-8","HS","SB",""
"749","2026","Jan",2026-01-07,"Chinook Salmon","late-fall","O-6","AC","HS, AK","77",77.5,177,"C886",2026-01-02,"2:50",170,"1:18",78,"2:26",146,"","RT-24","2026-01-08 RT-24","O-8","HS","SB",""
"750","2026","Jan",2026-01-07,"Chinook Salmon","late-fall","O-6","AC","HS, AK","78",89.1,182,"CEB0",2026-01-02,"2:39",159,"1:20",80,"3:11",191,"crooked incision","RT-24","2026-01-08 RT-24","O-8","HS","SB",""
"751","2026","Jan",2026-01-07,"Chinook Salmon","late-fall","O-6","AC","HS, AK","79",61.6,169,"CBBC",2026-01-02,"3:01",181,"1:12",72,"3:45",225,"","RT-24","2026-01-08 RT-24","O-8","HS","SB",""
"752","2026","Jan",2026-01-07,"Chinook Salmon","late-fall","O-6","AC","HS, AK","80",49.8,158,"CDE6",2026-01-02,"2:32",152,"1:20",80,"2:12",132,"","RT-24","2026-01-08 RT-24","O-8","HS","SB",""
"753","2026","Jan",2026-01-07,"Chinook Salmon","late-fall","O-6","HS","AC, JI","D1",35.2,141,"94A4",2026-01-02,"2:14",134,"1:29",89,"2:52",172,"",NA,NA,"I-3","HS","SB",""
"754","2026","Jan",2026-01-07,"Chinook Salmon","late-fall","O-6","HS","AC, JI","D2",56.1,162,"A361",2026-01-02,"3:12",192,"1:13",73,"1:53",113,"",NA,NA,"I-3","HS","SB",""
"755","2026","Jan",2026-01-07,"Chinook Salmon","late-fall","O-6","AC","HS, AK","D3",30.7,132,"14B0",2026-01-02,"3:39",219,"1:33",93,"3:42",222,"",NA,NA,"I-3","HS","SB",""
"756","2026","Jan",2026-01-07,"Chinook Salmon","late-fall","O-6","AC","HS, AK","D4",29.2,131,"76ED",2026-01-02,"2:57",177,"1:27",87,"3:34",214,"",NA,NA,"I-3","HS","SB",""
"757","2026","Jan",2026-01-12,"Chinook Salmon","late-fall","O-4","HS","AC, AK","1",21.8,122,"CF4C",2026-01-08,"3:04",184,"1:22",82,"3:12",192,"","RT-1","2026-01-13 RT-1","O-7","HS","SB",""
"758","2026","Jan",2026-01-12,"Chinook Salmon","late-fall","O-4","HS","AC, AK","2",15.5,109,"CA20",2026-01-08,"2:34",154,"1:12",72,"2:06",126,"","RT-1","2026-01-13 RT-1","O-7","HS","SB",""
"759","2026","Jan",2026-01-12,"Chinook Salmon","late-fall","O-4","HS","AC, AK","3",33.6,139,"C69C",2026-01-08,"2:50",170,"1:45",105,"3:31",211,"","RT-1","2026-01-13 RT-1","O-7","HS","SB",""
"760","2026","Jan",2026-01-12,"Chinook Salmon","late-fall","O-4","HS","AC, AK","4",28.6,135,"C9EE",2026-01-08,"3:14",194,"1:28",88,"2:51",171,"","RT-1","2026-01-13 RT-1","O-7","HS","SB",""
"761","2026","Jan",2026-01-12,"Chinook Salmon","late-fall","O-4","HS","AC, AK","5",28.7,133,"C650",2026-01-08,"3:06",186,"1:24",84,"2:44",164,"","RT-1","2026-01-13 RT-1","O-7","HS","SB",""
"762","2026","Jan",2026-01-12,"Chinook Salmon","late-fall","O-4","HS","AC, AK","6",25.6,130,"C8BE",2026-01-08,"3:06",186,"1:08",68,"3:42",222,"","RT-1","2026-01-13 RT-1","O-7","HS","SB",""
"763","2026","Jan",2026-01-12,"Chinook Salmon","late-fall","O-4","HS","AC, AK","7",24.6,127,"C772",2026-01-08,"3:07",187,"1:06",66,"2:54",174,"","RT-1","2026-01-13 RT-1","O-7","HS","SB",""
"764","2026","Jan",2026-01-12,"Chinook Salmon","late-fall","O-4","HS","AC, AK","8",83.6,181,"C6FA",2026-01-08,"3:22",202,"1:30",90,"3:02",182,"","RT-1","2026-01-13 RT-1","O-7","HS","SB",""
"765","2026","Jan",2026-01-12,"Chinook Salmon","late-fall","O-4","HS","AC, AK","9",52.7,159,"C8BC",2026-01-08,"3:07",187,"1:49",109,"2:01",121,"","RT-1","2026-01-13 RT-1","O-7","HS","SB",""
"766","2026","Jan",2026-01-12,"Chinook Salmon","late-fall","O-4","HS","AC, AK","10",32,150,"CB8C",2026-01-08,"3:03",183,"1:30",90,"2:55",175,"","RT-1","2026-01-13 RT-1","O-7","HS","SB",""
"767","2026","Jan",2026-01-12,"Chinook Salmon","late-fall","O-4","HS","AC, AK","11",59,167,"CD90",2026-01-08,"3:12",192,"2:58",178,"2:09",129,"suture a little tight, redo","RT-2","2026-01-13 RT-2","O-7","HS","SB",""
"768","2026","Jan",2026-01-12,"Chinook Salmon","late-fall","O-4","HS","AC, AK","12",35,147,"CBF6",2026-01-08,"3:47",227,"1:09",69,"2:27",147,"","RT-2","2026-01-13 RT-2","O-7","HS","SB",""
"769","2026","Jan",2026-01-12,"Chinook Salmon","late-fall","O-4","HS","AC, AK","13",37.8,151,"C742",2026-01-08,"2:51",171,"1:48",108,"2:13",133,"","RT-2","2026-01-13 RT-2","O-7","HS","SB",""
"770","2026","Jan",2026-01-12,"Chinook Salmon","late-fall","O-4","HS","AC, AK","14",46.8,154,"C6D0",2026-01-08,"3:02",182,"1:20",80,"2:10",130,"","RT-2","2026-01-13 RT-2","O-7","HS","SB",""
"771","2026","Jan",2026-01-12,"Chinook Salmon","late-fall","O-4","HS","AC, AK","15",60.7,169,"CE2C",2026-01-08,"3:27",207,"1:40",100,"2:49",169,"","RT-2","2026-01-13 RT-2","O-7","HS","SB",""
"772","2026","Jan",2026-01-12,"Chinook Salmon","late-fall","O-4","HS","AC, AK","16",57.4,165,"CCB0",2026-01-08,"3:52",232,"1:38",98,"2:53",173,"","RT-2","2026-01-13 RT-2","O-7","HS","SB",""
"773","2026","Jan",2026-01-12,"Chinook Salmon","late-fall","O-4","HS","AC, AK","17",35.9,141,"C898",2026-01-08,"2:59",179,"1:26",86,"1:25",85,"","RT-2","2026-01-13 RT-2","O-7","HS","SB",""
"774","2026","Jan",2026-01-12,"Chinook Salmon","late-fall","O-4","HS","AC, AK","18",40.8,150,"CB3E",2026-01-08,"2:44",164,"2:17",137,"2:55",175,"","RT-2","2026-01-13 RT-2","O-7","HS","SB",""
"775","2026","Jan",2026-01-12,"Chinook Salmon","late-fall","O-4","HS","AC, AK","19",14.3,112,"CB98",2026-01-08,"3:22",202,"1:52",112,"2:12",132,"","RT-2","2026-01-13 RT-2","O-7","HS","SB",""
"776","2026","Jan",2026-01-12,"Chinook Salmon","late-fall","O-4","HS","AC, AK","20",53.6,162,"C688",2026-01-08,"3:15",195,"1:08",68,"3:24",204,"","RT-2","2026-01-13 RT-2","O-7","HS","SB",""
"777","2026","Jan",2026-01-12,"Chinook Salmon","late-fall","O-4","HS","AC, AK","21",36,145,"CE66",2026-01-08,"2:57",177,"1:21",81,"1:37",97,"","RT-3","2026-01-13 RT-3","O-7","HS","SB",""
"778","2026","Jan",2026-01-12,"Chinook Salmon","late-fall","O-4","HS","AC, AK","22",18.1,113,"C9EC",2026-01-08,"3:10",190,"1:22",82,"2:51",171,"","RT-3","2026-01-13 RT-3","O-7","HS","SB",""
"779","2026","Jan",2026-01-12,"Chinook Salmon","late-fall","O-4","HS","AC, AK","23",53.5,163,"C748",2026-01-08,"2:56",176,"1:35",95,"1:42",102,"","RT-3","2026-01-13 RT-3","O-7","HS","SB",""
"780","2026","Jan",2026-01-12,"Chinook Salmon","late-fall","O-4","HS","AC, AK","24",27.8,134,"CB7C",2026-01-08,"3:43",223,"1:14",74,"3:16",196,"","RT-3","2026-01-13 RT-3","O-7","HS","SB",""
"781","2026","Jan",2026-01-12,"Chinook Salmon","late-fall","O-4","HS","AC, AK","25",59.2,164,"C6E6",2026-01-08,"2:56",176,"1:38",98,"3:41",221,"","RT-3","2026-01-13 RT-3","O-7","HS","SB",""
"782","2026","Jan",2026-01-12,"Chinook Salmon","late-fall","O-4","HS","AC, AK","26",23.1,123,"C5E8",2026-01-08,"2:53",173,"1:15",75,"1:41",101,"","RT-3","2026-01-13 RT-3","O-7","HS","SB",""
"783","2026","Jan",2026-01-12,"Chinook Salmon","late-fall","O-4","HS","AC, AK","27",28.9,131,"CC68",2026-01-08,"2:19",139,"1:21",81,"2:20",140,"","RT-3","2026-01-13 RT-3","O-7","HS","SB",""
"784","2026","Jan",2026-01-12,"Chinook Salmon","late-fall","O-4","HS","AC, AK","28",64.2,175,"C62E",2026-01-08,"2:30",150,"1:19",79,"2:18",138,"","RT-3","2026-01-13 RT-3","O-7","HS","SB",""
"785","2026","Jan",2026-01-12,"Chinook Salmon","late-fall","O-4","HS","AC, AK","29",29.3,133,"C794",2026-01-08,"2:43",163,"1:19",79,"1:22",82,"","RT-3","2026-01-13 RT-3","O-7","HS","SB",""
"786","2026","Jan",2026-01-12,"Chinook Salmon","late-fall","O-4","HS","AC, AK","30",48.1,155,"C712",2026-01-08,"2:37",157,"1:35",95,"3:53",233,"","RT-3","2026-01-13 RT-3","O-7","HS","SB",""
"787","2026","Jan",2026-01-12,"Chinook Salmon","late-fall","O-4","HS","AC, AK","31",39.8,145,"C8B0",2026-01-08,"2:32",152,"1:17",77,"2:12",132,"","RT-4","2026-01-13 RT-4","O-7","HS","SB",""
"788","2026","Jan",2026-01-12,"Chinook Salmon","late-fall","O-4","HS","AC, AK","32",43.5,150,"C6DE",2026-01-08,"2:41",161,"1:15",75,"2:29",149,"","RT-4","2026-01-13 RT-4","O-7","HS","SB",""
"789","2026","Jan",2026-01-12,"Chinook Salmon","late-fall","O-4","HS","AC, AK","33",59.7,170,"CDCE",2026-01-08,"2:50",170,"1:26",86,"3:53",233,"crooked incision","RT-4","2026-01-13 RT-4","O-7","HS","SB",""
"790","2026","Jan",2026-01-12,"Chinook Salmon","late-fall","O-4","HS","AC, AK","34",69.7,175,"CC16",2026-01-08,"2:25",145,"1:39",99,"2:29",149,"jumped, jagged incision","RT-4","2026-01-13 RT-4","O-7","HS","SB",""
"791","2026","Jan",2026-01-12,"Chinook Salmon","late-fall","O-4","HS","AC, AK","35",51,160,"CDC8",2026-01-08,"3:10",190,"1:08",68,"3:22",202,"","RT-4","2026-01-13 RT-4","O-7","HS","SB",""
"792","2026","Jan",2026-01-12,"Chinook Salmon","late-fall","O-4","HS","AC, AK","36",19.9,118,"CC24",2026-01-08,"2:11",131,"1:17",77,"1:42",102,"","RT-4","2026-01-13 RT-4","O-7","HS","SB",""
"793","2026","Jan",2026-01-12,"Chinook Salmon","late-fall","O-4","HS","AC, AK","37",21.5,122,"CEDC",2026-01-08,"2:10",130,"1:09",69,"1:58",118,"","RT-4","2026-01-13 RT-4","O-7","HS","SB",""
"794","2026","Jan",2026-01-12,"Chinook Salmon","late-fall","O-4","HS","AC, AK","38",59.4,168,"C846",2026-01-08,"2:36",156,"1:15",75,"3:59",239,"","RT-4","2026-01-13 RT-4","O-7","HS","SB",""
"795","2026","Jan",2026-01-12,"Chinook Salmon","late-fall","O-4","HS","AC, AK","39",30.5,137,"C74E",2026-01-08,"3:03",183,"1:35",95,"2:07",127,"","RT-4","2026-01-13 RT-4","O-7","HS","SB",""
"796","2026","Jan",2026-01-12,"Chinook Salmon","late-fall","O-4","HS","AC, AK","40",19.5,120,"C89C",2026-01-08,"2:59",179,"1:14",74,"1:24",84,"","RT-4","2026-01-13 RT-4","O-7","HS","SB",""
"797","2026","Jan",2026-01-12,"Chinook Salmon","late-fall","O-4","AC","HS, AK","41",32.8,141,"CCEE",2026-01-08,"3:07",187,"1:08",68,"1:35",95,"","RT-5","2026-01-13 RT-5","O-8","HS","SB",""
"798","2026","Jan",2026-01-12,"Chinook Salmon","late-fall","O-4","AC","HS, AK","42",24.6,125,"CEC6",2026-01-08,"2:43",163,"1:17",77,"1:54",114,"crooked incision","RT-5","2026-01-13 RT-5","O-8","HS","SB",""
"799","2026","Jan",2026-01-12,"Chinook Salmon","late-fall","O-4","AC","HS, AK","43",42.5,151,"CB40",2026-01-08,"2:36",156,"1:26",86,"4:14",254,"","RT-5","2026-01-13 RT-5","O-8","HS","SB",""
"800","2026","Jan",2026-01-12,"Chinook Salmon","late-fall","O-4","AC","HS, AK","44",22.5,122,"CBC2",2026-01-08,"2:31",151,"1:17",77,"1:38",98,"","RT-5","2026-01-13 RT-5","O-8","HS","SB",""
"801","2026","Jan",2026-01-12,"Chinook Salmon","late-fall","O-4","AC","HS, AK","45",25.9,132,"CE5C",2026-01-08,"2:44",164,"1:29",89,"3:00",180,"","RT-5","2026-01-13 RT-5","O-8","HS","SB",""
"802","2026","Jan",2026-01-12,"Chinook Salmon","late-fall","O-4","AC","HS, AK","46",22.5,125,"C8E2",2026-01-08,"2:39",159,"1:09",69,"1:58",118,"","RT-5","2026-01-13 RT-5","O-8","HS","SB",""
"803","2026","Jan",2026-01-12,"Chinook Salmon","late-fall","O-4","AC","HS, AK","47",37,149,"CC72",2026-01-08,"2:40",160,"1:12",72,"3:09",189,"","RT-5","2026-01-13 RT-5","O-8","HS","SB",""
"804","2026","Jan",2026-01-12,"Chinook Salmon","late-fall","O-4","AC","HS, AK","48",57.4,166,"CDE8",2026-01-08,"2:43",163,"1:16",76,"4:08",248,"","RT-5","2026-01-13 RT-5","O-8","HS","SB",""
"805","2026","Jan",2026-01-12,"Chinook Salmon","late-fall","O-4","AC","HS, AK","49",46,157,"CC4E",2026-01-08,"2:38",158,"1:06",66,"1:30",90,"","RT-5","2026-01-13 RT-5","O-8","HS","SB",""
"806","2026","Jan",2026-01-12,"Chinook Salmon","late-fall","O-4","AC","HS, AK","50",23.3,119,"CCBC",2026-01-08,"3:21",201,"1:24",84,"2:21",141,"","RT-5","2026-01-13 RT-5","O-8","HS","SB",""
"807","2026","Jan",2026-01-12,"Chinook Salmon","late-fall","O-4","AC","HS, AK","51",31.9,140,"C7BA",2026-01-08,"2:54",174,"1:39",99,"1:18",78,"","RT-6","2026-01-13 RT-6","O-8","HS","SB",""
"808","2026","Jan",2026-01-12,"Chinook Salmon","late-fall","O-4","AC","HS, AK","52",33.4,139,"C64C",2026-01-08,"2:46",166,"1:14",74,"2:46",166,"","RT-6","2026-01-13 RT-6","O-8","HS","SB",""
"809","2026","Jan",2026-01-12,"Chinook Salmon","late-fall","O-4","AC","HS, AK","53",42,153,"C5F2",2026-01-08,"3:19",199,"1:18",78,"3:36",216,"jumpy, jagged incision","RT-6","2026-01-13 RT-6","O-8","HS","SB",""
"810","2026","Jan",2026-01-12,"Chinook Salmon","late-fall","O-4","AC","HS, AK","54",28.5,134,"CEC4",2026-01-08,"3:26",206,"1:18",78,"2:44",164,"jumpy","RT-6","2026-01-13 RT-6","O-8","HS","SB",""
"811","2026","Jan",2026-01-12,"Chinook Salmon","late-fall","O-4","AC","HS, AK","55",25.4,137,"C9C4",2026-01-08,"2:01",121,"1:28",88,"3:49",229,"","RT-6","2026-01-13 RT-6","O-8","HS","SB",""
"812","2026","Jan",2026-01-12,"Chinook Salmon","late-fall","O-4","AC","HS, AK","56",21.3,124,"C672",2026-01-08,"2:41",161,"1:21",81,"0:51",51,"","RT-6","2026-01-13 RT-6","O-8","HS","SB",""
"813","2026","Jan",2026-01-12,"Chinook Salmon","late-fall","O-4","AC","HS, AK","57",23.1,115,"CD88",2026-01-08,"3:41",221,"1:10",70,"2:29",149,"","RT-6","2026-01-13 RT-6","O-8","HS","SB",""
"814","2026","Jan",2026-01-12,"Chinook Salmon","late-fall","O-4","AC","HS, AK","58",24,121,"CE1A",2026-01-08,"2:56",176,"1:01",61,"2:56",176,"","RT-6","2026-01-13 RT-6","O-8","HS","SB",""
"815","2026","Jan",2026-01-12,"Chinook Salmon","late-fall","O-4","AC","HS, AK","59",60.8,169,"CC44",2026-01-08,"3:18",198,"1:15",75,"2:47",167,"","RT-6","2026-01-13 RT-6","O-8","HS","SB",""
"816","2026","Jan",2026-01-12,"Chinook Salmon","late-fall","O-4","AC","HS, AK","60",27.6,136,"CB90",2026-01-08,"2:55",175,"1:21",81,"3:27",207,"","RT-6","2026-01-13 RT-6","O-8","HS","SB",""
"817","2026","Jan",2026-01-12,"Chinook Salmon","late-fall","O-4","AC","HS, AK","61",42.3,153,"C9E6",2026-01-08,"2:51",171,"1:26",86,"2:53",173,"","RT-7","2026-01-13 RT-7","O-8","HS","SB",""
"818","2026","Jan",2026-01-12,"Chinook Salmon","late-fall","O-4","AC","HS, AK","62",53.6,159,"CECC",2026-01-08,"2:52",172,"1:09",69,"4:06",246,"","RT-7","2026-01-13 RT-7","O-8","HS","SB",""
"819","2026","Jan",2026-01-12,"Chinook Salmon","late-fall","O-4","AC","HS, AK","63",60.9,170,"C76E",2026-01-08,"2:27",147,"1:17",77,"1:49",109,"","RT-7","2026-01-13 RT-7","O-8","HS","SB",""
"820","2026","Jan",2026-01-12,"Chinook Salmon","late-fall","O-4","AC","HS, AK","64",25.6,130,"CDEC",2026-01-08,"2:44",164,"1:16",76,"3:33",213,"","RT-7","2026-01-13 RT-7","O-8","HS","SB",""
"821","2026","Jan",2026-01-12,"Chinook Salmon","late-fall","O-4","AC","HS, AK","65",42.7,151,"CCBE",2026-01-08,"3:10",190,"1:08",68,"1:55",115,"","RT-7","2026-01-13 RT-7","O-8","HS","SB",""
"822","2026","Jan",2026-01-12,"Chinook Salmon","late-fall","O-4","AC","HS, AK","66",27.5,129,"C764",2026-01-08,"2:37",157,"1:12",72,"3:11",191,"","RT-7","2026-01-13 RT-7","O-8","HS","SB",""
"823","2026","Jan",2026-01-12,"Chinook Salmon","late-fall","O-4","AC","HS, AK","67",45,153,"CCA0",2026-01-08,"2:54",174,"1:07",67,"3:23",203,"","RT-7","2026-01-13 RT-7","O-8","HS","SB",""
"824","2026","Jan",2026-01-12,"Chinook Salmon","late-fall","O-4","AC","HS, AK","68",30.5,135,"CDE4",2026-01-08,"2:42",162,"1:09",69,"2:59",179,"","RT-7","2026-01-13 RT-7","O-8","HS","SB",""
"825","2026","Jan",2026-01-12,"Chinook Salmon","late-fall","O-4","AC","HS, AK","69",44.3,152,"C862",2026-01-08,"2:53",173,"1:15",75,"4:54",294,"","RT-7","2026-01-13 RT-7","O-8","HS","SB",""
"826","2026","Jan",2026-01-12,"Chinook Salmon","late-fall","O-4","AC","HS, AK","70",61.9,173,"CE8E",2026-01-08,"3:21",201,"1:09",69,"2:39",159,"","RT-7","2026-01-13 RT-7","O-8","HS","SB",""
"827","2026","Jan",2026-01-12,"Chinook Salmon","late-fall","O-4","AC","HS, AK","71",34.9,142,"C90E",2026-01-08,"2:23",143,"1:08",68,"1:25",85,"","RT-8","2026-01-13 RT-8","O-8","HS","SB",""
"828","2026","Jan",2026-01-12,"Chinook Salmon","late-fall","O-4","AC","HS, AK","72",23.9,125,"CBE4",2026-01-08,"2:39",159,"1:17",77,"2:28",148,"","RT-8","2026-01-13 RT-8","O-8","HS","SB",""
"829","2026","Jan",2026-01-12,"Chinook Salmon","late-fall","O-4","AC","HS, AK","73",58.2,170,"CA0C",2026-01-08,"2:45",165,"1:23",83,"2:53",173,"","RT-8","2026-01-13 RT-8","O-8","HS","SB",""
"830","2026","Jan",2026-01-12,"Chinook Salmon","late-fall","O-4","AC","HS, AK","74",45.9,155,"CE8C",2026-01-08,"3:10",190,"1:20",80,"4:35",275,"","RT-8","2026-01-13 RT-8","O-8","HS","SB",""
"831","2026","Jan",2026-01-12,"Chinook Salmon","late-fall","O-4","AC","HS, AK","75",40.3,151,"C65C",2026-01-08,"3:24",204,"1:14",74,"4:01",241,"","RT-8","2026-01-13 RT-8","O-8","HS","SB",""
"832","2026","Jan",2026-01-12,"Chinook Salmon","late-fall","O-4","AC","HS, AK","76",33.7,142,"CE76",2026-01-08,"3:39",219,"1:10",70,"3:17",197,"","RT-8","2026-01-13 RT-8","O-8","HS","SB",""
"833","2026","Jan",2026-01-12,"Chinook Salmon","late-fall","O-4","AC","HS, AK","77",41.9,153,"C930",2026-01-08,"3:25",205,"1:16",76,"4:24",264,"jumpy","RT-8","2026-01-13 RT-8","O-8","HS","SB",""
"834","2026","Jan",2026-01-12,"Chinook Salmon","late-fall","O-4","AC","HS, AK","78",40.9,156,"C910",2026-01-08,"2:39",159,"1:11",71,"1:34",94,"","RT-8","2026-01-13 RT-8","O-8","HS","SB",""
"835","2026","Jan",2026-01-12,"Chinook Salmon","late-fall","O-4","AC","HS, AK","79",25.2,128,"CBB0",2026-01-08,"3:01",181,"1:05",65,"3:22",202,"","RT-8","2026-01-13 RT-8","O-8","HS","SB",""
"836","2026","Jan",2026-01-12,"Chinook Salmon","late-fall","O-4","AC","HS, AK","80",34.5,144,"C9CC",2026-01-08,"3:43",223,"1:08",68,"3:18",198,"","RT-8","2026-01-13 RT-8","O-8","HS","SB",""
"837","2026","Jan",2026-01-12,"Chinook Salmon","late-fall","O-4","HS","AC, AK","D1",40.6,145,"9CA1",2026-01-08,"3:14",194,"1:22",82,"1:35",95,"",NA,NA,"I-3","HS","SB",""
"838","2026","Jan",2026-01-12,"Chinook Salmon","late-fall","O-4","HS","AC, AK","D2",54.4,168,"9F56",2026-01-08,"3:22",202,"1:50",110,"1:35",95,"",NA,NA,"I-3","HS","SB",""
"839","2026","Jan",2026-01-12,"Chinook Salmon","late-fall","O-4","AC","HS, AK","D3",11.2,96,"9613",2026-01-08,"3:43",223,"1:11",71,"3:26",206,"",NA,NA,"I-3","HS","SB",""
"840","2026","Jan",2026-01-12,"Chinook Salmon","late-fall","O-4","AC","HS, AK","D4",32.8,139,"16C6",2026-01-08,"3:23",203,"1:15",75,"3:37",217,"",NA,NA,"I-3","HS","SB",""
"841","2026","Jan",2026-01-13,"Chinook Salmon","late-fall","O-5","HS","AC, JI","1",71.9,168,"C71A",2026-01-08,"3:06",186,"1:11",71,"2:35",155,"","RT-9","2026-01-14 RT-9","O-7","HS","SB",""
"842","2026","Jan",2026-01-13,"Chinook Salmon","late-fall","O-5","HS","AC, JI","2",42,148,"C6F4",2026-01-08,"3:16",196,"1:41",101,"1:22",82,"","RT-9","2026-01-14 RT-9","O-7","HS","SB",""
"843","2026","Jan",2026-01-13,"Chinook Salmon","late-fall","O-5","HS","AC, JI","3",55.8,162,"CD08",2026-01-08,"3:02",182,"1:14",74,"3:25",205,"","RT-9","2026-01-14 RT-9","O-7","HS","SB",""
"844","2026","Jan",2026-01-13,"Chinook Salmon","late-fall","O-5","HS","AC, JI","4",86.2,186,"CE9C",2026-01-08,"2:44",164,"1:50",110,"2:34",154,"jumped, crooked incision","RT-9","2026-01-14 RT-9","O-7","HS","SB",""
"845","2026","Jan",2026-01-13,"Chinook Salmon","late-fall","O-5","HS","AC, JI","5",50.6,154,"CD0E",2026-01-08,"3:09",189,"1:22",82,"2:46",166,"","RT-9","2026-01-14 RT-9","O-7","HS","SB",""
"846","2026","Jan",2026-01-13,"Chinook Salmon","late-fall","O-5","HS","AC, JI","6",63.2,169,"CB1E",2026-01-08,"2:59",179,"1:17",77,"2:52",172,"","RT-9","2026-01-14 RT-9","O-7","HS","SB",""
"847","2026","Jan",2026-01-13,"Chinook Salmon","late-fall","O-5","HS","AC, JI","7",63.8,168,"C60A",2026-01-08,"3:08",188,"1:24",84,"2:33",153,"","RT-9","2026-01-14 RT-9","O-7","HS","SB",""
"848","2026","Jan",2026-01-13,"Chinook Salmon","late-fall","O-5","HS","AC, JI","8",39.6,142,"C97E",2026-01-08,"3:01",181,"1:18",78,"2:14",134,"","RT-9","2026-01-14 RT-9","O-7","HS","SB",""
"849","2026","Jan",2026-01-13,"Chinook Salmon","late-fall","O-5","HS","AC, JI","9",95.2,185,"CE5E",2026-01-08,"4:07",247,"1:17",77,"1:42",102,"","RT-9","2026-01-14 RT-9","O-7","HS","SB",""
"850","2026","Jan",2026-01-13,"Chinook Salmon","late-fall","O-5","HS","AC, JI","10",56.2,162,"C8DC",2026-01-08,"2:58",178,"1:31",91,"3:03",183,"","RT-9","2026-01-14 RT-9","O-7","HS","SB",""
"851","2026","Jan",2026-01-13,"Chinook Salmon","late-fall","O-5","HS","AC, JI","11",32.4,138,"CCDE",2026-01-08,"3:13",193,"1:18",78,"2:14",134,"","RT-10","2026-01-14 RT-10","O-7","HS","SB",""
"852","2026","Jan",2026-01-13,"Chinook Salmon","late-fall","O-5","HS","AC, JI","12",59.4,162,"CEF4",2026-01-08,"2:56",176,"1:11",71,"2:31",151,"","RT-10","2026-01-14 RT-10","O-7","HS","SB",""
"853","2026","Jan",2026-01-13,"Chinook Salmon","late-fall","O-5","HS","AC, JI","13",52.3,159,"C776",2026-01-08,"2:50",170,"1:04",64,"2:54",174,"","RT-10","2026-01-14 RT-10","O-7","HS","SB",""
"854","2026","Jan",2026-01-13,"Chinook Salmon","late-fall","O-5","HS","AC, JI","14",48.5,151,"C8CE",2026-01-08,"3:06",186,"1:45",105,"2:32",152,"","RT-10","2026-01-14 RT-10","O-7","HS","SB",""
"855","2026","Jan",2026-01-13,"Chinook Salmon","late-fall","O-5","HS","AC, JI","15",47.2,153,"CA3C",2026-01-08,"3:35",215,"1:24",84,"2:43",163,"","RT-10","2026-01-14 RT-10","O-7","HS","SB",""
"856","2026","Jan",2026-01-13,"Chinook Salmon","late-fall","O-5","HS","AC, JI","16",38.3,141,"CF42",2026-01-08,"3:06",186,"1:30",90,"2:01",121,"","RT-10","2026-01-14 RT-10","O-7","HS","SB",""
"857","2026","Jan",2026-01-13,"Chinook Salmon","late-fall","O-5","HS","AC, JI","17",94.6,193,"CD06",2026-01-08,"3:40",220,"1:22",82,"3:28",208,"","RT-10","2026-01-14 RT-10","O-7","HS","SB",""
"858","2026","Jan",2026-01-13,"Chinook Salmon","late-fall","O-5","HS","AC, JI","18",85.2,180,"CDBE",2026-01-08,"2:39",159,"1:27",87,"2:58",178,"","RT-10","2026-01-14 RT-10","O-7","HS","SB",""
"859","2026","Jan",2026-01-13,"Chinook Salmon","late-fall","O-5","HS","AC, JI","19",40.2,146,"C86C",2026-01-08,"3:26",206,"1:20",80,"4:07",247,"","RT-10","2026-01-14 RT-10","O-7","HS","SB",""
"860","2026","Jan",2026-01-13,"Chinook Salmon","late-fall","O-5","HS","AC, JI","20",32,136,"C99C",2026-01-08,"2:59",179,"1:23",83,"3:10",190,"jumpy","RT-10","2026-01-14 RT-10","O-7","HS","SB",""
"861","2026","Jan",2026-01-13,"Chinook Salmon","late-fall","O-5","HS","AC, JI","21",54.6,159,"CF4E",2026-01-08,"2:59",179,"1:25",85,"4:33",273,"","RT-11","2026-01-14 RT-11","O-8","HS","SB",""
"862","2026","Jan",2026-01-13,"Chinook Salmon","late-fall","O-5","HS","AC, JI","22",30.3,128,"C65E",2026-01-08,"2:54",174,"1:30",90,"2:37",157,"","RT-11","2026-01-14 RT-11","O-8","HS","SB",""
"863","2026","Jan",2026-01-13,"Chinook Salmon","late-fall","O-5","HS","AC, JI","23",46.7,151,"C622",2026-01-08,"3:13",193,"1:14",74,"2:24",144,"jumped, crooked incision","RT-11","2026-01-14 RT-11","O-8","HS","SB",""
"864","2026","Jan",2026-01-13,"Chinook Salmon","late-fall","O-5","HS","AC, JI","24",90.1,187,"CB18",2026-01-08,"3:31",211,"1:13",73,"2:35",155,"","RT-11","2026-01-14 RT-11","O-8","HS","SB",""
"865","2026","Jan",2026-01-13,"Chinook Salmon","late-fall","O-5","HS","AC, JI","25",54.1,163,"CE3A",2026-01-08,"3:24",204,"1:21",81,"3:08",188,"","RT-11","2026-01-14 RT-11","O-8","HS","SB",""
"866","2026","Jan",2026-01-13,"Chinook Salmon","late-fall","O-5","HS","AC, JI","26",31.4,133,"CD18",2026-01-08,"2:31",151,"1:04",64,"3:19",199,"","RT-11","2026-01-14 RT-11","O-8","HS","SB",""
"867","2026","Jan",2026-01-13,"Chinook Salmon","late-fall","O-5","HS","AC, JI","27",53.3,159,"CF0A",2026-01-08,"3:16",196,"1:36",96,"2:32",152,"","RT-11","2026-01-14 RT-11","O-8","HS","SB",""
"868","2026","Jan",2026-01-13,"Chinook Salmon","late-fall","O-5","HS","AC, JI","28",84.1,181,"CF14",2026-01-08,"3:21",201,"1:09",69,"4:40",280,"","RT-11","2026-01-14 RT-11","O-8","HS","SB",""
"869","2026","Jan",2026-01-13,"Chinook Salmon","late-fall","O-5","HS","AC, JI","29",30.1,134,"C682",2026-01-08,"2:35",155,"1:42",102,"1:54",114,"","RT-11","2026-01-14 RT-11","O-8","HS","SB",""
"870","2026","Jan",2026-01-13,"Chinook Salmon","late-fall","O-5","HS","AC, JI","30",27.5,130,"CBEE",2026-01-08,"2:54",174,"1:10",70,"2:03",123,"","RT-11","2026-01-14 RT-11","O-8","HS","SB",""
"871","2026","Jan",2026-01-13,"Chinook Salmon","late-fall","O-5","HS","AC, JI","31",16.2,110,"CF26",2026-01-08,"2:14",134,"1:28",88,"2:57",177,"","RT-12","2026-01-14 RT-12","O-8","HS","SB",""
"872","2026","Jan",2026-01-13,"Chinook Salmon","late-fall","O-5","HS","AC, JI","32",78,180,"C9B8",2026-01-08,"2:39",159,"1:31",91,"2:42",162,"jumped, crooked incision","RT-12","2026-01-14 RT-12","O-8","HS","SB",""
"873","2026","Jan",2026-01-13,"Chinook Salmon","late-fall","O-5","HS","AC, JI","33",95.5,186,"C658",2026-01-08,"3:20",200,"2:48",168,"2:35",155,"jumped, long incision, two sutures","RT-12","2026-01-14 RT-12","O-8","HS","SB",""
"874","2026","Jan",2026-01-13,"Chinook Salmon","late-fall","O-5","HS","AC, JI","34",34.8,140,"C7A2",2026-01-08,"3:28",208,"1:26",86,"2:17",137,"","RT-12","2026-01-14 RT-12","O-8","HS","SB",""
"875","2026","Jan",2026-01-13,"Chinook Salmon","late-fall","O-5","HS","AC, JI","35",20.2,117,"C85C",2026-01-08,"2:55",175,"1:26",86,"3:12",192,"","RT-12","2026-01-14 RT-12","O-8","HS","SB",""
"876","2026","Jan",2026-01-13,"Chinook Salmon","late-fall","O-5","HS","AC, JI","36",42.3,151,"CD86",2026-01-08,"2:28",148,"1:22",82,"1:57",117,"","RT-12","2026-01-14 RT-12","O-8","HS","SB",""
"877","2026","Jan",2026-01-13,"Chinook Salmon","late-fall","O-5","HS","AC, JI","37",16.9,110,"CD02",2026-01-08,"2:26",146,"1:13",73,"3:07",187,"","RT-12","2026-01-14 RT-12","O-8","HS","SB",""
"878","2026","Jan",2026-01-13,"Chinook Salmon","late-fall","O-5","HS","AC, JI","38",45.4,151,"C850",2026-01-08,"2:35",155,"1:04",64,"2:44",164,"","RT-12","2026-01-14 RT-12","O-8","HS","SB",""
"879","2026","Jan",2026-01-13,"Chinook Salmon","late-fall","O-5","HS","AC, JI","39",25.7,125,"CA1E",2026-01-08,"2:34",154,"1:26",86,"1:41",101,"","RT-12","2026-01-14 RT-12","O-8","HS","SB",""
"880","2026","Jan",2026-01-13,"Chinook Salmon","late-fall","O-5","HS","AC, JI","40",54.4,158,"CDDE",2026-01-08,"3:24",204,"1:09",69,"4:03",243,"jumped, crooked incision","RT-12","2026-01-14 RT-12","O-8","HS","SB",""
"881","2026","Jan",2026-01-13,"Chinook Salmon","late-fall","O-5","AC","HS, JI","41",34.8,138,"CB86",2026-01-08,"3:11",191,"1:24",84,"3:17",197,"*changed out MS-222 between taggers","RT-13","2026-01-14 RT-13","O-7","HS","SB",""
"882","2026","Jan",2026-01-13,"Chinook Salmon","late-fall","O-5","AC","HS, JI","42",42.7,153,"CB84",2026-01-08,"2:38",158,"1:14",74,"1:35",95,"","RT-13","2026-01-14 RT-13","O-7","HS","SB",""
"883","2026","Jan",2026-01-13,"Chinook Salmon","late-fall","O-5","AC","HS, JI","43",45.8,159,"CCF6",2026-01-08,"2:52",172,"1:10",70,"2:03",123,"","RT-13","2026-01-14 RT-13","O-7","HS","SB",""
"884","2026","Jan",2026-01-13,"Chinook Salmon","late-fall","O-5","AC","HS, JI","44",43.6,153,"C8EC",2026-01-08,"2:11",131,"1:14",74,"2:34",154,"","RT-13","2026-01-14 RT-13","O-7","HS","SB",""
"885","2026","Jan",2026-01-13,"Chinook Salmon","late-fall","O-5","AC","HS, JI","45",55.2,160,"CA08",2026-01-08,"2:30",150,"1:08",68,"4:19",259,"","RT-13","2026-01-14 RT-13","O-7","HS","SB",""
"886","2026","Jan",2026-01-13,"Chinook Salmon","late-fall","O-5","AC","HS, JI","46",22.7,127,"C736",2026-01-08,"2:39",159,"1:08",68,"2:46",166,"","RT-13","2026-01-14 RT-13","O-7","HS","SB",""
"887","2026","Jan",2026-01-13,"Chinook Salmon","late-fall","O-5","AC","HS, JI","47",52,156,"CD78",2026-01-08,"2:50",170,"0:57",57,"3:59",239,"","RT-13","2026-01-14 RT-13","O-7","HS","SB",""
"888","2026","Jan",2026-01-13,"Chinook Salmon","late-fall","O-5","AC","HS, JI","48",61.8,165,"CB08",2026-01-08,"3:30",210,"1:16",76,"1:20",80,"","RT-13","2026-01-14 RT-13","O-7","HS","SB",""
"889","2026","Jan",2026-01-13,"Chinook Salmon","late-fall","O-5","AC","HS, JI","49",49.9,156,"CD20",2026-01-08,"1:52",112,"1:00",60,"4:24",264,"","RT-13","2026-01-14 RT-13","O-7","HS","SB",""
"890","2026","Jan",2026-01-13,"Chinook Salmon","late-fall","O-5","AC","HS, JI","50",60,165,"C9FA",2026-01-08,"2:59",179,"1:10",70,"2:42",162,"","RT-13","2026-01-14 RT-13","O-7","HS","SB",""
"891","2026","Jan",2026-01-13,"Chinook Salmon","late-fall","O-5","AC","HS, JI","51",81.5,187,"CA7C",2026-01-08,"3:02",182,"1:11",71,"2:48",168,"","RT-14","2026-01-14 RT-14","O-7","HS","SB",""
"892","2026","Jan",2026-01-13,"Chinook Salmon","late-fall","O-5","AC","HS, JI","52",66.7,171,"CC90",2026-01-08,"2:48",168,"1:12",72,"3:58",238,"jumpy","RT-14","2026-01-14 RT-14","O-7","HS","SB",""
"893","2026","Jan",2026-01-13,"Chinook Salmon","late-fall","O-5","AC","HS, JI","53",49.5,158,"C726",2026-01-08,"2:51",171,"1:14",74,"2:33",153,"","RT-14","2026-01-14 RT-14","O-7","HS","SB",""
"894","2026","Jan",2026-01-13,"Chinook Salmon","late-fall","O-5","AC","HS, JI","54",54.4,162,"CD10",2026-01-08,"2:27",147,"1:12",72,"2:24",144,"","RT-14","2026-01-14 RT-14","O-7","HS","SB",""
"895","2026","Jan",2026-01-13,"Chinook Salmon","late-fall","O-5","AC","HS, JI","55",75.7,176,"CCF4",2026-01-08,"3:07",187,"1:18",78,"2:54",174,"","RT-14","2026-01-14 RT-14","O-7","HS","SB",""
"896","2026","Jan",2026-01-13,"Chinook Salmon","late-fall","O-5","AC","HS, JI","56",47,151,"CB60",2026-01-08,"3:32",212,"1:10",70,"2:46",166,"","RT-14","2026-01-14 RT-14","O-7","HS","SB",""
"897","2026","Jan",2026-01-13,"Chinook Salmon","late-fall","O-5","AC","HS, JI","57",22.8,129,"C918",2026-01-08,"3:20",200,"1:18",78,"3:13",193,"","RT-14","2026-01-14 RT-14","O-7","HS","SB",""
"898","2026","Jan",2026-01-13,"Chinook Salmon","late-fall","O-5","AC","HS, JI","58",55.8,165,"CDF4",2026-01-08,"3:04",184,"1:08",68,"2:06",126,"","RT-14","2026-01-14 RT-14","O-7","HS","SB",""
"899","2026","Jan",2026-01-13,"Chinook Salmon","late-fall","O-5","AC","HS, JI","59",44.1,153,"C61A",2026-01-08,"2:32",152,"1:09",69,"3:34",214,"jumpy, jagged incision","RT-14","2026-01-14 RT-14","O-7","HS","SB",""
"900","2026","Jan",2026-01-13,"Chinook Salmon","late-fall","O-5","AC","HS, JI","60",51,153,"CC7A",2026-01-08,"2:46",166,"1:09",69,"3:48",228,"","RT-14","2026-01-14 RT-14","O-7","HS","SB",""
"901","2026","Jan",2026-01-13,"Chinook Salmon","late-fall","O-5","AC","HS, JI","61",74.8,177,"C82C",2026-01-08,"3:16",196,"1:13",73,"2:55",175,"","RT-15","2026-01-14 RT-15","O-7","HS","SB",""
"902","2026","Jan",2026-01-13,"Chinook Salmon","late-fall","O-5","AC","HS, JI","62",43,146,"C8E8",2026-01-08,"2:46",166,"1:21",81,"2:43",163,"","RT-15","2026-01-14 RT-15","O-7","HS","SB",""
"903","2026","Jan",2026-01-13,"Chinook Salmon","late-fall","O-5","AC","HS, JI","63",65.3,166,"C990",2026-01-08,"2:43",163,"1:06",66,"2:33",153,"","RT-15","2026-01-14 RT-15","O-7","HS","SB",""
"904","2026","Jan",2026-01-13,"Chinook Salmon","late-fall","O-5","AC","HS, JI","64",61.7,169,"C68E",2026-01-08,"2:32",152,"1:05",65,"3:48",228,"deep forked caudal fin","RT-15","2026-01-14 RT-15","O-7","HS","SB",""
"905","2026","Jan",2026-01-13,"Chinook Salmon","late-fall","O-5","AC","HS, JI","65",72,175,"C8DE",2026-01-08,"3:11",191,"1:22",82,"3:42",222,"","RT-15","2026-01-14 RT-15","O-7","HS","SB",""
"906","2026","Jan",2026-01-13,"Chinook Salmon","late-fall","O-5","AC","HS, JI","66",67.6,174,"C8F4",2026-01-08,"3:54",234,"1:05",65,"2:08",128,"","RT-15","2026-01-14 RT-15","O-7","HS","SB",""
"907","2026","Jan",2026-01-13,"Chinook Salmon","late-fall","O-5","AC","HS, JI","67",39.1,145,"C66E",2026-01-08,"2:31",151,"1:17",77,"2:31",151,"","RT-15","2026-01-14 RT-15","O-7","HS","SB",""
"908","2026","Jan",2026-01-13,"Chinook Salmon","late-fall","O-5","AC","HS, JI","68",47.7,152,"CDB8",2026-01-08,"2:19",139,"1:19",79,"2:54",174,"","RT-15","2026-01-14 RT-15","O-7","HS","SB",""
"909","2026","Jan",2026-01-13,"Chinook Salmon","late-fall","O-5","AC","HS, JI","69",44.8,150,"C662",2026-01-08,"3:14",194,"1:15",75,"2:25",145,"","RT-15","2026-01-14 RT-15","O-7","HS","SB",""
"910","2026","Jan",2026-01-13,"Chinook Salmon","late-fall","O-5","AC","HS, JI","70",56.6,157,"C732",2026-01-08,"2:51",171,"1:07",67,"3:22",202,"","RT-15","2026-01-14 RT-15","O-7","HS","SB",""
"911","2026","Jan",2026-01-13,"Chinook Salmon","late-fall","O-5","AC","HS, JI","71",79.8,182,"C978",2026-01-08,"3:27",207,"1:20",80,"1:53",113,"","RT-16","2026-01-14 RT-16","O-7","HS","SB",""
"912","2026","Jan",2026-01-13,"Chinook Salmon","late-fall","O-5","AC","HS, JI","72",113.7,197,"C884",2026-01-08,"3:50",230,"1:51",111,"2:33",153,"","RT-16","2026-01-14 RT-16","O-7","HS","SB",""
"913","2026","Jan",2026-01-13,"Chinook Salmon","late-fall","O-5","AC","HS, JI","73",30.6,137,"CD9C",2026-01-08,"3:31",211,"1:27",87,"2:50",170,"","RT-16","2026-01-14 RT-16","O-7","HS","SB",""
"914","2026","Jan",2026-01-13,"Chinook Salmon","late-fall","O-5","AC","HS, JI","74",57.7,163,"CF3A",2026-01-08,"3:01",181,"1:11",71,"3:11",191,"","RT-16","2026-01-14 RT-16","O-7","HS","SB",""
"915","2026","Jan",2026-01-13,"Chinook Salmon","late-fall","O-5","AC","HS, JI","75",73.5,175,"CDDC",2026-01-08,"3:21",201,"1:14",74,"3:44",224,"","RT-16","2026-01-14 RT-16","O-7","HS","SB",""
"916","2026","Jan",2026-01-13,"Chinook Salmon","late-fall","O-5","AC","HS, JI","76",35.1,141,"C84C",2026-01-08,"3:55",235,"1:13",73,"2:02",122,"","RT-16","2026-01-14 RT-16","O-7","HS","SB",""
"917","2026","Jan",2026-01-13,"Chinook Salmon","late-fall","O-5","AC","HS, JI","77",51.9,160,"C6BE",2026-01-08,"2:45",165,"1:02",62,"2:32",152,"","RT-16","2026-01-14 RT-16","O-7","HS","SB",""
"918","2026","Jan",2026-01-13,"Chinook Salmon","late-fall","O-5","AC","HS, JI","78",83.1,183,"C9C2",2026-01-08,"3:00",180,"1:16",76,"3:01",181,"","RT-16","2026-01-14 RT-16","O-7","HS","SB",""
"919","2026","Jan",2026-01-13,"Chinook Salmon","late-fall","O-5","AC","HS, JI","79",45.7,146,"CED0",2026-01-08,"2:36",156,"1:27",87,"1:37",97,"","RT-16","2026-01-14 RT-16","O-7","HS","SB",""
"920","2026","Jan",2026-01-13,"Chinook Salmon","late-fall","O-5","AC","HS, JI","80",66.3,171,"C668",2026-01-08,"3:07",187,"1:11",71,"2:21",141,"","RT-16","2026-01-14 RT-16","O-7","HS","SB",""
"921","2026","Jan",2026-01-13,"Chinook Salmon","late-fall","O-5","HS","AC, JI","D1",27.6,130,"1DD2",2026-01-08,"3:14",194,"1:07",67,"4:46",286,"",NA,NA,"I-3","HS","SB",""
"922","2026","Jan",2026-01-13,"Chinook Salmon","late-fall","O-5","HS","AC, JI","D2",47.5,152,"2055",2026-01-08,"3:25",205,"1:12",72,"3:22",202,"",NA,NA,"I-3","HS","SB",""
"923","2026","Jan",2026-01-13,"Chinook Salmon","late-fall","O-5","AC","HS, JI","D3",34.3,137,"2866",2026-01-08,"3:05",185,"1:32",92,"4:43",283,"jumpy",NA,NA,"I-3","HS","SB",""
"924","2026","Jan",2026-01-13,"Chinook Salmon","late-fall","O-5","AC","HS, JI","D4",40.7,145,"9484",2026-01-08,"2:47",167,"1:12",72,"3:53",233,"",NA,NA,"I-3","HS","SB",""
"925","2026","Jan",2026-01-14,"Chinook Salmon","late-fall","O-6","HS","AC, AK","1",16,109,"CC32",2026-01-08,"3:07",187,"1:11",71,"2:29",149,"","RT-17","2026-01-15 RT-17","O-8","HS","SB",""
"926","2026","Jan",2026-01-14,"Chinook Salmon","late-fall","O-6","HS","AC, AK","2",28.6,126,"C664",2026-01-08,"2:45",165,"1:15",75,"2:34",154,"","RT-17","2026-01-15 RT-17","O-8","HS","SB",""
"927","2026","Jan",2026-01-14,"Chinook Salmon","late-fall","O-6","HS","AC, AK","3",21,120,"C874",2026-01-08,"3:11",191,"1:36",96,"2:26",146,"","RT-17","2026-01-15 RT-17","O-8","HS","SB",""
"928","2026","Jan",2026-01-14,"Chinook Salmon","late-fall","O-6","HS","AC, AK","4",60.3,169,"C88C",2026-01-08,"3:08",188,"1:12",72,"2:14",134,"","RT-17","2026-01-15 RT-17","O-8","HS","SB",""
"929","2026","Jan",2026-01-14,"Chinook Salmon","late-fall","O-6","HS","AC, AK","5",73.6,176,"C8F2",2026-01-08,"2:53",173,"1:45",105,"3:47",227,"","RT-17","2026-01-15 RT-17","O-8","HS","SB",""
"930","2026","Jan",2026-01-14,"Chinook Salmon","late-fall","O-6","HS","AC, AK","6",25.3,127,"C632",2026-01-08,"3:36",216,"1:03",63,"1:43",103,"","RT-17","2026-01-15 RT-17","O-8","HS","SB",""
"931","2026","Jan",2026-01-14,"Chinook Salmon","late-fall","O-6","HS","AC, AK","7",29.8,133,"CC66",2026-01-08,"2:15",135,"1:20",80,"2:04",124,"","RT-17","2026-01-15 RT-17","O-8","HS","SB",""
"932","2026","Jan",2026-01-14,"Chinook Salmon","late-fall","O-6","HS","AC, AK","8",16.2,120,"CC9C",2026-01-08,"2:37",157,"1:31",91,"2:13",133,"skinny","RT-17","2026-01-15 RT-17","O-8","HS","SB",""
"933","2026","Jan",2026-01-14,"Chinook Salmon","late-fall","O-6","HS","AC, AK","9",48.1,154,"C872",2026-01-08,"3:33",213,"1:38",98,"1:42",102,"","RT-17","2026-01-15 RT-17","O-8","HS","SB",""
"934","2026","Jan",2026-01-14,"Chinook Salmon","late-fall","O-6","HS","AC, AK","10",47.2,151,"C766",2026-01-08,"2:47",167,"1:07",67,"3:13",193,"","RT-17","2026-01-15 RT-17","O-8","HS","SB",""
"935","2026","Jan",2026-01-14,"Chinook Salmon","late-fall","O-6","HS","AC, AK","11",41.8,145,"CB7E",2026-01-08,"2:19",139,"1:22",82,"3:06",186,"","RT-18","2026-01-15 RT-18","O-8","HS","SB",""
"936","2026","Jan",2026-01-14,"Chinook Salmon","late-fall","O-6","HS","AC, AK","12",30.3,139,"CE22",2026-01-08,"2:41",161,"1:15",75,"2:29",149,"","RT-18","2026-01-15 RT-18","O-8","HS","SB",""
"937","2026","Jan",2026-01-14,"Chinook Salmon","late-fall","O-6","HS","AC, AK","13",74.1,180,"CB1C",2026-01-08,"2:57",177,"1:53",113,"2:42",162,"Jumpy","RT-18","2026-01-15 RT-18","O-8","HS","SB",""
"938","2026","Jan",2026-01-14,"Chinook Salmon","late-fall","O-6","HS","AC, AK","14",43,150,"CE4C",2026-01-08,"3:27",207,"1:45",105,"2:16",136,"","RT-18","2026-01-15 RT-18","O-8","HS","SB",""
"939","2026","Jan",2026-01-14,"Chinook Salmon","late-fall","O-6","HS","AC, AK","15",51.1,158,"CEBC",2026-01-08,"2:52",172,"1:28",88,"2:57",177,"","RT-18","2026-01-15 RT-18","O-8","HS","SB",""
"940","2026","Jan",2026-01-14,"Chinook Salmon","late-fall","O-6","HS","AC, AK","16",32.2,135,"C97C",2026-01-08,"2:53",173,"1:09",69,"1:29",89,"","RT-18","2026-01-15 RT-18","O-8","HS","SB",""
"941","2026","Jan",2026-01-14,"Chinook Salmon","late-fall","O-6","HS","AC, AK","17",40.8,150,"CDC6",2026-01-08,"2:49",169,"1:19",79,"3:42",222,"","RT-18","2026-01-15 RT-18","O-8","HS","SB",""
"942","2026","Jan",2026-01-14,"Chinook Salmon","late-fall","O-6","HS","AC, AK","18",86.8,186,"C832",2026-01-08,"3:38",218,"1:24",84,"1:53",113,"original tag (C7B2) was dead, replaced with C832","RT-18","2026-01-15 RT-18","O-8","HS","SB",""
"943","2026","Jan",2026-01-14,"Chinook Salmon","late-fall","O-6","HS","AC, AK","19",58.9,164,"CBD8",2026-01-08,"2:42",162,"1:14",74,"2:09",129,"","RT-18","2026-01-15 RT-18","O-8","HS","SB",""
"944","2026","Jan",2026-01-14,"Chinook Salmon","late-fall","O-6","HS","AC, AK","20",46.5,153,"C858",2026-01-08,"2:43",163,"1:14",74,"2:01",121,"","RT-18","2026-01-15 RT-18","O-8","HS","SB",""
"945","2026","Jan",2026-01-14,"Chinook Salmon","late-fall","O-6","HS","AC, AK","21",54,160,"CD38",2026-01-08,"3:24",204,"1:11",71,"3:34",214,"","RT-19","2026-01-15 RT-19","O-8","HS","SB",""
"946","2026","Jan",2026-01-14,"Chinook Salmon","late-fall","O-6","HS","AC, AK","22",32.1,143,"C666",2026-01-08,"2:27",147,"1:21",81,"2:12",132,"","RT-19","2026-01-15 RT-19","O-8","HS","SB",""
"947","2026","Jan",2026-01-14,"Chinook Salmon","late-fall","O-6","HS","AC, AK","23",25,129,"C82E",2026-01-08,"2:59",179,"1:40",100,"3:52",232,"","RT-19","2026-01-15 RT-19","O-8","HS","SB",""
"948","2026","Jan",2026-01-14,"Chinook Salmon","late-fall","O-6","HS","AC, AK","24",40.1,146,"C86E",2026-01-08,"3:21",201,"1:14",74,"3:36",216,"","RT-19","2026-01-15 RT-19","O-8","HS","SB",""
"949","2026","Jan",2026-01-14,"Chinook Salmon","late-fall","O-6","HS","AC, AK","25",27.3,135,"CB0C",2026-01-08,"2:55",175,"1:16",76,"1:36",96,"","RT-19","2026-01-15 RT-19","O-8","HS","SB",""
"950","2026","Jan",2026-01-14,"Chinook Salmon","late-fall","O-6","HS","AC, AK","26",48.9,154,"C628",2026-01-08,"2:47",167,"1:38",98,"2:33",153,"","RT-19","2026-01-15 RT-19","O-8","HS","SB",""
"951","2026","Jan",2026-01-14,"Chinook Salmon","late-fall","O-6","HS","AC, AK","27",69.6,177,"C8C4",2026-01-08,"3:05",185,"1:39",99,"2:32",152,"","RT-19","2026-01-15 RT-19","O-8","HS","SB",""
"952","2026","Jan",2026-01-14,"Chinook Salmon","late-fall","O-6","HS","AC, AK","28",88.3,186,"C9F4",2026-01-08,"3:25",205,"1:40",100,"3:10",190,"","RT-19","2026-01-15 RT-19","O-8","HS","SB",""
"953","2026","Jan",2026-01-14,"Chinook Salmon","late-fall","O-6","HS","AC, AK","29",25,135,"CC8C",2026-01-08,"3:04",184,"1:38",98,"1:59",119,"","RT-19","2026-01-15 RT-19","O-8","HS","SB",""
"954","2026","Jan",2026-01-14,"Chinook Salmon","late-fall","O-6","HS","AC, AK","30",60.6,165,"C9E4",2026-01-08,"2:55",175,"1:11",71,"2:45",165,"","RT-19","2026-01-15 RT-19","O-8","HS","SB",""
"955","2026","Jan",2026-01-14,"Chinook Salmon","late-fall","O-6","HS","AC, AK","31",101.2,195,"C984",2026-01-08,"3:14",194,"1:18",78,"1:15",75,"","RT-20","2026-01-15 RT-20","O-8","HS","SB",""
"956","2026","Jan",2026-01-14,"Chinook Salmon","late-fall","O-6","HS","AC, AK","32",94.4,189,"C9D8",2026-01-08,"3:12",192,"1:41",101,"3:12",192,"","RT-20","2026-01-15 RT-20","O-8","HS","SB",""
"957","2026","Jan",2026-01-14,"Chinook Salmon","late-fall","O-6","HS","AC, AK","33",88.3,190,"CBFA",2026-01-08,"3:12",192,"1:05",65,"2:42",162,"","RT-20","2026-01-15 RT-20","O-8","HS","SB",""
"958","2026","Jan",2026-01-14,"Chinook Salmon","late-fall","O-6","HS","AC, AK","34",65.5,170,"CC14",2026-01-08,"3:08",188,"1:23",83,"2:41",161,"","RT-20","2026-01-15 RT-20","O-8","HS","SB",""
"959","2026","Jan",2026-01-14,"Chinook Salmon","late-fall","O-6","HS","AC, AK","35",32.6,136,"CC3A",2026-01-08,"3:08",188,"1:21",81,"3:38",218,"","RT-20","2026-01-15 RT-20","O-8","HS","SB",""
"960","2026","Jan",2026-01-14,"Chinook Salmon","late-fall","O-6","HS","AC, AK","36",38,145,"CD9E",2026-01-08,"2:46",166,"1:35",95,"1:24",84,"","RT-20","2026-01-15 RT-20","O-8","HS","SB",""
"961","2026","Jan",2026-01-14,"Chinook Salmon","late-fall","O-6","HS","AC, AK","37",41.7,148,"C6B0",2026-01-08,"2:24",144,"1:07",67,"3:30",210,"","RT-20","2026-01-15 RT-20","O-8","HS","SB",""
"962","2026","Jan",2026-01-14,"Chinook Salmon","late-fall","O-6","HS","AC, AK","38",58.6,165,"CD40",2026-01-08,"2:37",157,"1:14",74,"4:24",264,"","RT-20","2026-01-15 RT-20","O-8","HS","SB",""
"963","2026","Jan",2026-01-14,"Chinook Salmon","late-fall","O-6","HS","AC, AK","39",52.1,157,"CCEC",2026-01-08,"2:43",163,"2:23",143,"2:41",161,"long incision, two sutures","RT-20","2026-01-15 RT-20","O-8","HS","SB",""
"964","2026","Jan",2026-01-14,"Chinook Salmon","late-fall","O-6","HS","AC, AK","40",39,142,"CE32",2026-01-08,"3:13",193,"1:08",68,"3:02",182,"","RT-20","2026-01-15 RT-20","O-8","HS","SB",""
"965","2026","Jan",2026-01-14,"Chinook Salmon","late-fall","O-6","AC","HS, AK","41",50.1,155,"C642",2026-01-08,"3:18",198,"1:14",74,"2:02",122,"","RT-21","2026-01-15 RT-21","O-7","HS","SB",""
"966","2026","Jan",2026-01-14,"Chinook Salmon","late-fall","O-6","AC","HS, AK","42",62.4,169,"CCE2",2026-01-08,"2:55",175,"1:18",78,"2:48",168,"","RT-21","2026-01-15 RT-21","O-7","HS","SB",""
"967","2026","Jan",2026-01-14,"Chinook Salmon","late-fall","O-6","AC","HS, AK","43",14.4,105,"C998",2026-01-08,"2:46",166,"1:12",72,"2:09",129,"","RT-21","2026-01-15 RT-21","O-7","HS","SB",""
"968","2026","Jan",2026-01-14,"Chinook Salmon","late-fall","O-6","AC","HS, AK","44",54.5,158,"CD70",2026-01-08,"2:51",171,"1:09",69,"3:38",218,"","RT-21","2026-01-15 RT-21","O-7","HS","SB",""
"969","2026","Jan",2026-01-14,"Chinook Salmon","late-fall","O-6","AC","HS, AK","45",53.4,162,"C75E",2026-01-08,"3:00",180,"1:24",84,"2:01",121,"","RT-21","2026-01-15 RT-21","O-7","HS","SB",""
"970","2026","Jan",2026-01-14,"Chinook Salmon","late-fall","O-6","AC","HS, AK","46",48.6,159,"C908",2026-01-08,"2:55",175,"1:09",69,"1:38",98,"","RT-21","2026-01-15 RT-21","O-7","HS","SB",""
"971","2026","Jan",2026-01-14,"Chinook Salmon","late-fall","O-6","AC","HS, AK","47",58.1,165,"C81A",2026-01-08,"2:43",163,"1:11",71,"3:19",199,"","RT-21","2026-01-15 RT-21","O-7","HS","SB",""
"972","2026","Jan",2026-01-14,"Chinook Salmon","late-fall","O-6","AC","HS, AK","48",31.6,138,"C7CA",2026-01-08,"3:18",198,"1:04",64,"3:50",230,"","RT-21","2026-01-15 RT-21","O-7","HS","SB",""
"973","2026","Jan",2026-01-14,"Chinook Salmon","late-fall","O-6","AC","HS, AK","49",69,176,"CC5C",2026-01-08,"4:07",247,"1:18",78,"2:10",130,"","RT-21","2026-01-15 RT-21","O-7","HS","SB",""
"974","2026","Jan",2026-01-14,"Chinook Salmon","late-fall","O-6","AC","HS, AK","50",57.5,163,"C836",2026-01-08,"2:38",158,"1:31",91,"3:18",198,"","RT-21","2026-01-15 RT-21","O-7","HS","SB",""
"975","2026","Jan",2026-01-14,"Chinook Salmon","late-fall","O-6","AC","HS, AK","51",50.5,160,"CCE4",2026-01-08,"3:15",195,"1:05",65,"1:51",111,"","RT-22","2026-01-15 RT-22","O-7","HS","SB",""
"976","2026","Jan",2026-01-14,"Chinook Salmon","late-fall","O-6","AC","HS, AK","52",43.9,151,"C6E4",2026-01-08,"2:13",133,"1:25",85,"3:00",180,"","RT-22","2026-01-15 RT-22","O-7","HS","SB",""
"977","2026","Jan",2026-01-14,"Chinook Salmon","late-fall","O-6","AC","HS, AK","53",48.8,157,"CF46",2026-01-08,"3:29",209,"1:07",67,"2:09",129,"","RT-22","2026-01-15 RT-22","O-7","HS","SB",""
"978","2026","Jan",2026-01-14,"Chinook Salmon","late-fall","O-6","AC","HS, AK","54",74.9,175,"C9DC",2026-01-08,"2:38",158,"1:13",73,"2:35",155,"jumpy","RT-22","2026-01-15 RT-22","O-7","HS","SB",""
"979","2026","Jan",2026-01-14,"Chinook Salmon","late-fall","O-6","AC","HS, AK","55",46.1,154,"CE46",2026-01-08,"2:55",175,"1:08",68,"4:23",263,"","RT-22","2026-01-15 RT-22","O-7","HS","SB",""
"980","2026","Jan",2026-01-14,"Chinook Salmon","late-fall","O-6","AC","HS, AK","56",139.4,216,"CBF4",2026-01-08,"4:13",253,"1:29",89,"2:48",168,"","RT-22","2026-01-15 RT-22","O-7","HS","SB",""
"981","2026","Jan",2026-01-14,"Chinook Salmon","late-fall","O-6","AC","HS, AK","57",71.2,173,"CDD8",2026-01-08,"2:35",155,"0:57",57,"2:08",128,"","RT-22","2026-01-15 RT-22","O-7","HS","SB",""
"982","2026","Jan",2026-01-14,"Chinook Salmon","late-fall","O-6","AC","HS, AK","58",51.4,161,"C98E",2026-01-08,"3:02",182,"1:12",72,"3:35",215,"","RT-22","2026-01-15 RT-22","O-7","HS","SB",""
"983","2026","Jan",2026-01-14,"Chinook Salmon","late-fall","O-6","AC","HS, AK","59",55.2,157,"CBEC",2026-01-08,"2:40",160,"1:20",80,"1:48",108,"jumpy, crooked incision","RT-22","2026-01-15 RT-22","O-7","HS","SB",""
"984","2026","Jan",2026-01-14,"Chinook Salmon","late-fall","O-6","AC","HS, AK","60",40.6,150,"C89E",2026-01-08,"3:17",197,"1:21",81,"2:23",143,"","RT-22","2026-01-15 RT-22","O-7","HS","SB",""
"985","2026","Jan",2026-01-14,"Chinook Salmon","late-fall","O-6","AC","HS, AK","61",70.4,177,"CB9E",2026-01-08,"3:01",181,"1:20",80,"4:01",241,"jumpy, crooked incision","RT-23","2026-01-15 RT-23","O-8","HS","SB",""
"986","2026","Jan",2026-01-14,"Chinook Salmon","late-fall","O-6","AC","HS, AK","62",70.2,176,"CD0C",2026-01-08,"3:01",181,"1:13",73,"2:52",172,"","RT-23","2026-01-15 RT-23","O-8","HS","SB",""
"987","2026","Jan",2026-01-14,"Chinook Salmon","late-fall","O-6","AC","HS, AK","63",78,181,"CEC8",2026-01-08,"3:20",200,"1:08",68,"3:33",213,"","RT-23","2026-01-15 RT-23","O-8","HS","SB",""
"988","2026","Jan",2026-01-14,"Chinook Salmon","late-fall","O-6","AC","HS, AK","64",46.5,154,"CB02",2026-01-08,"2:43",163,"1:08",68,"2:33",153,"","RT-23","2026-01-15 RT-23","O-8","HS","SB",""
"989","2026","Jan",2026-01-14,"Chinook Salmon","late-fall","O-6","AC","HS, AK","65",75.6,179,"CE24",2026-01-08,"3:06",186,"1:15",75,"3:01",181,"","RT-23","2026-01-15 RT-23","O-8","HS","SB",""
"990","2026","Jan",2026-01-14,"Chinook Salmon","late-fall","O-6","AC","HS, AK","66",38.7,144,"CE82",2026-01-08,"3:01",181,"1:21",81,"3:08",188,"jumpy, crooked incision","RT-23","2026-01-15 RT-23","O-8","HS","SB",""
"991","2026","Jan",2026-01-14,"Chinook Salmon","late-fall","O-6","AC","HS, AK","67",64.7,168,"C676",2026-01-08,"3:18",198,"1:37",97,"3:09",189,"","RT-23","2026-01-15 RT-23","O-8","HS","SB",""
"992","2026","Jan",2026-01-14,"Chinook Salmon","late-fall","O-6","AC","HS, AK","68",33.6,140,"C902",2026-01-08,"3:32",212,"1:10",70,"3:47",227,"","RT-23","2026-01-15 RT-23","O-8","HS","SB",""
"993","2026","Jan",2026-01-14,"Chinook Salmon","late-fall","O-6","AC","HS, AK","69",53.3,160,"CE16",2026-01-08,"3:06",186,"1:19",79,"1:34",94,"","RT-23","2026-01-15 RT-23","O-8","HS","SB",""
"994","2026","Jan",2026-01-14,"Chinook Salmon","late-fall","O-6","AC","HS, AK","70",52.4,160,"CE48",2026-01-08,"3:20",200,"1:28",88,"3:09",189,"","RT-23","2026-01-15 RT-23","O-8","HS","SB",""
"995","2026","Jan",2026-01-14,"Chinook Salmon","late-fall","O-6","AC","HS, AK","71",48.7,156,"CE68",2026-01-08,"2:45",165,"1:01",61,"3:23",203,"","RT-24","2026-01-15 RT-24","O-8","HS","SB",""
"996","2026","Jan",2026-01-14,"Chinook Salmon","late-fall","O-6","AC","HS, AK","72",42.7,149,"C674",2026-01-08,"2:27",147,"1:12",72,"2:59",179,"","RT-24","2026-01-15 RT-24","O-8","HS","SB",""
"997","2026","Jan",2026-01-14,"Chinook Salmon","late-fall","O-6","AC","HS, AK","73",36.2,143,"C91E",2026-01-08,"2:38",158,"1:40",100,"2:56",176,"","RT-24","2026-01-15 RT-24","O-8","HS","SB",""
"998","2026","Jan",2026-01-14,"Chinook Salmon","late-fall","O-6","AC","HS, AK","74",19.8,117,"C98C",2026-01-08,"2:47",167,"1:29",89,"3:21",201,"","RT-24","2026-01-15 RT-24","O-8","HS","SB",""
"999","2026","Jan",2026-01-14,"Chinook Salmon","late-fall","O-6","AC","HS, AK","75",41.3,150,"CE7A",2026-01-08,"3:31",211,"1:15",75,"3:11",191,"","RT-24","2026-01-15 RT-24","O-8","HS","SB",""
"1000","2026","Jan",2026-01-14,"Chinook Salmon","late-fall","O-6","AC","HS, AK","76",32.1,146,"CF28",2026-01-08,"2:20",140,"1:05",65,"3:00",180,"original tag (CBC6) was dead, replaced with CF28","RT-24","2026-01-15 RT-24","O-8","HS","SB",""
"1001","2026","Jan",2026-01-14,"Chinook Salmon","late-fall","O-6","AC","HS, AK","77",79.9,180,"CE14",2026-01-08,"3:11",191,"1:15",75,"1:44",104,"","RT-24","2026-01-15 RT-24","O-8","HS","SB",""
"1002","2026","Jan",2026-01-14,"Chinook Salmon","late-fall","O-6","AC","HS, AK","78",27.6,131,"CF24",2026-01-08,"2:33",153,"1:23",83,"2:22",142,"","RT-24","2026-01-15 RT-24","O-8","HS","SB",""
"1003","2026","Jan",2026-01-14,"Chinook Salmon","late-fall","O-6","AC","HS, AK","79",26.7,139,"C8E6",2026-01-08,"3:02",182,"1:17",77,"2:48",168,"","RT-24","2026-01-15 RT-24","O-8","HS","SB",""
"1004","2026","Jan",2026-01-14,"Chinook Salmon","late-fall","O-6","AC","HS, AK","80",56,160,"C8D8",2026-01-08,"2:51",171,"1:11",71,"3:55",235,"","RT-24","2026-01-15 RT-24","O-8","HS","SB",""
"1005","2026","Jan",2026-01-14,"Chinook Salmon","late-fall","O-6","HS","AC, AK","D1",51,158,"A23A",2026-01-08,"2:39",159,"2:06",126,"3:39",219,"",NA,NA,"I-3","HS","SB",""
"1006","2026","Jan",2026-01-14,"Chinook Salmon","late-fall","O-6","HS","AC, AK","D2",76.2,173,"2224",2026-01-08,"3:21",201,"1:16",76,"2:27",147,"",NA,NA,"I-3","HS","SB",""
"1007","2026","Jan",2026-01-14,"Chinook Salmon","late-fall","O-6","AC","HS, AK","D3",58.3,165,"9DBD",2026-01-08,"3:39",219,"1:20",80,"4:11",251,"jumpy",NA,NA,"I-3","HS","SB",""
"1008","2026","Jan",2026-01-14,"Chinook Salmon","late-fall","O-6","AC","HS, AK","D4",76.3,178,"957C",2026-01-08,"4:00",240,"1:32",92,"3:49",229,"",NA,NA,"I-3","HS","SB",""
"1009","2026","Feb",2026-02-02,"Chinook Salmon","late-fall","O-4","HS","AC, AK","1",86.3,185,"D706",2026-01-29,"4:31",271,"1:23",83,"1:52",112,"Fish not fasted for tagging on 2/2","RT-1","2026-02-03 RT-1","O-7","SB","CY",""
"1010","2026","Feb",2026-02-02,"Chinook Salmon","late-fall","O-4","HS","AC, AK","2",41.2,149,"D6FC",2026-01-29,"2:46",166,"1:30",90,"2:33",153,"","RT-1","2026-02-03 RT-1","O-7","SB","CY",""
"1011","2026","Feb",2026-02-02,"Chinook Salmon","late-fall","O-4","HS","AC, AK","3",68.4,170,"D5F0",2026-01-29,"2:40",160,"1:18",78,"3:26",206,"","RT-1","2026-02-03 RT-1","O-7","SB","CY",""
"1012","2026","Feb",2026-02-02,"Chinook Salmon","late-fall","O-4","HS","AC, AK","4",70.3,172,"D3BC",2026-01-29,"2:30",150,"1:36",96,"2:07",127,"","RT-1","2026-02-03 RT-1","O-7","SB","CY",""
"1013","2026","Feb",2026-02-02,"Chinook Salmon","late-fall","O-4","HS","AC, AK","5",35.8,141,"D20C",2026-01-29,"2:58",178,"1:25",85,"2:31",151,"","RT-1","2026-02-03 RT-1","O-7","SB","CY",""
"1014","2026","Feb",2026-02-02,"Chinook Salmon","late-fall","O-4","HS","AC, AK","6",56.9,159,"CF94",2026-01-29,"3:06",186,"1:36",96,"1:49",109,"Suture tight","RT-1","2026-02-03 RT-1","O-7","SB","CY",""
"1015","2026","Feb",2026-02-02,"Chinook Salmon","late-fall","O-4","HS","AC, AK","7",66.8,170,"D8E6",2026-01-29,"3:10",190,"1:12",72,"2:48",168,"","RT-1","2026-02-03 RT-1","O-7","SB","CY",""
"1016","2026","Feb",2026-02-02,"Chinook Salmon","late-fall","O-4","HS","AC, AK","8",32.5,139,"D4FE",2026-01-29,"3:16",196,"1:24",84,"1:47",107,"","RT-1","2026-02-03 RT-1","O-7","SB","CY",""
"1017","2026","Feb",2026-02-02,"Chinook Salmon","late-fall","O-4","HS","AC, AK","9",44.2,149,"DA04",2026-01-29,"3:21",201,"1:18",78,"3:02",182,"","RT-1","2026-02-03 RT-1","O-7","SB","CY",""
"1018","2026","Feb",2026-02-02,"Chinook Salmon","late-fall","O-4","HS","AC, AK","10",82.8,183,"D670",2026-01-29,"3:36",216,"1:14",74,"1:55",115,"","RT-1","2026-02-03 RT-1","O-7","SB","CY",""
"1019","2026","Feb",2026-02-02,"Chinook Salmon","late-fall","O-4","HS","AC, AK","11",54.1,160,"D3E4",2026-01-29,"2:40",160,"1:12",72,"2:51",171,"","RT-2","2026-02-03 RT-2","O-7","SB","CY",""
"1020","2026","Feb",2026-02-02,"Chinook Salmon","late-fall","O-4","HS","AC, AK","12",52.7,158,"E098",2026-01-29,"3:29",209,"1:17",77,"3:37",217,"","RT-2","2026-02-03 RT-2","O-7","SB","CY",""
"1021","2026","Feb",2026-02-02,"Chinook Salmon","late-fall","O-4","HS","AC, AK","13",54.6,152,"E9C6",2026-01-29,"2:58",178,"1:20",80,"3:13",193,"","RT-2","2026-02-03 RT-2","O-7","SB","CY",""
"1022","2026","Feb",2026-02-02,"Chinook Salmon","late-fall","O-4","HS","AC, AK","14",26.8,127,"D27E",2026-01-29,"3:10",190,"1:38",98,"2:00",120,"","RT-2","2026-02-03 RT-2","O-7","SB","CY",""
"1023","2026","Feb",2026-02-02,"Chinook Salmon","late-fall","O-4","HS","AC, AK","15",57.8,165,"D0BE",2026-01-29,"3:04",184,"1:13",73,"4:14",254,"","RT-2","2026-02-03 RT-2","O-7","SB","CY",""
"1024","2026","Feb",2026-02-02,"Chinook Salmon","late-fall","O-4","HS","AC, AK","16",62.6,166,"D90C",2026-01-29,"3:16",196,"1:15",75,"3:37",217,"","RT-2","2026-02-03 RT-2","O-7","SB","CY",""
"1025","2026","Feb",2026-02-02,"Chinook Salmon","late-fall","O-4","HS","AC, AK","17",66.4,169,"D480",2026-01-29,"3:35",215,"1:16",76,"1:08",68,"","RT-2","2026-02-03 RT-2","O-7","SB","CY",""
"1026","2026","Feb",2026-02-02,"Chinook Salmon","late-fall","O-4","HS","AC, AK","18",74.8,172,"D38C",2026-01-29,"3:27",207,"1:43",103,"1:00",60,"Incision crooked","RT-2","2026-02-03 RT-2","O-7","SB","CY",""
"1027","2026","Feb",2026-02-02,"Chinook Salmon","late-fall","O-4","HS","AC, AK","19",114.5,199,"D06E",2026-01-29,"3:03",183,"1:15",75,"1:27",87,"","RT-2","2026-02-03 RT-2","O-7","SB","CY",""
"1028","2026","Feb",2026-02-02,"Chinook Salmon","late-fall","O-4","HS","AC, AK","20",108,199,"DB02",2026-01-29,"3:27",207,"1:23",83,"2:41",161,"","RT-2","2026-02-03 RT-2","O-7","SB","CY",""
"1029","2026","Feb",2026-02-02,"Chinook Salmon","late-fall","O-4","HS","AC, AK","21",44.3,153,"D814",2026-01-29,"2:56",176,"1:38",98,"3:42",222,"","RT-3","2026-02-03 RT-3","O-7","SB","CY",""
"1030","2026","Feb",2026-02-02,"Chinook Salmon","late-fall","O-4","HS","AC, AK","22",58.3,165,"D78C",2026-01-29,"2:47",167,"2:05",125,"1:28",88,"Incision crooked","RT-3","2026-02-03 RT-3","O-7","SB","CY",""
"1031","2026","Feb",2026-02-02,"Chinook Salmon","late-fall","O-4","HS","AC, AK","23",42.8,155,"D88C",2026-01-29,"3:26",206,"1:24",84,"3:08",188,"","RT-3","2026-02-03 RT-3","O-7","SB","CY",""
"1032","2026","Feb",2026-02-02,"Chinook Salmon","late-fall","O-4","HS","AC, AK","24",46.9,151,"D0C8",2026-01-29,"2:51",171,"1:09",69,"1:37",97,"","RT-3","2026-02-03 RT-3","O-7","SB","CY",""
"1033","2026","Feb",2026-02-02,"Chinook Salmon","late-fall","O-4","HS","AC, AK","25",51.5,161,"D80A",2026-01-29,"2:46",166,"1:15",75,"3:53",233,"","RT-3","2026-02-03 RT-3","O-7","SB","CY",""
"1034","2026","Feb",2026-02-02,"Chinook Salmon","late-fall","O-4","HS","AC, AK","26",44.9,152,"D9D8",2026-01-29,"2:33",153,"1:15",75,"3:34",214,"","RT-3","2026-02-03 RT-3","O-7","SB","CY",""
"1035","2026","Feb",2026-02-02,"Chinook Salmon","late-fall","O-4","HS","AC, AK","27",46.8,150,"D1D8",2026-01-29,"2:46",166,"1:23",83,"2:53",173,"","RT-3","2026-02-03 RT-3","O-7","SB","CY",""
"1036","2026","Feb",2026-02-02,"Chinook Salmon","late-fall","O-4","HS","AC, AK","28",65.9,173,"DA30",2026-01-29,"2:43",163,"1:15",75,"2:58",178,"","RT-3","2026-02-03 RT-3","O-7","SB","CY",""
"1037","2026","Feb",2026-02-02,"Chinook Salmon","late-fall","O-4","HS","AC, AK","29",60.1,165,"D73C",2026-01-29,"2:46",166,"1:27",87,"2:19",139,"Incision crooked","RT-3","2026-02-03 RT-3","O-7","SB","CY",""
"1038","2026","Feb",2026-02-02,"Chinook Salmon","late-fall","O-4","HS","AC, AK","30",61.2,166,"D086",2026-01-29,"2:59",179,"1:17",77,"4:18",258,"","RT-3","2026-02-03 RT-3","O-7","SB","CY",""
"1039","2026","Feb",2026-02-02,"Chinook Salmon","late-fall","O-4","HS","AC, AK","31",32.5,137,"D0D8",2026-01-29,"2:55",175,"1:12",72,"2:27",147,"","RT-4","2026-02-03 RT-4","O-7","SB","CY",""
"1040","2026","Feb",2026-02-02,"Chinook Salmon","late-fall","O-4","HS","AC, AK","32",62.9,165,"D3CC",2026-01-29,"2:50",170,"1:26",86,"1:45",105,"","RT-4","2026-02-03 RT-4","O-7","SB","CY",""
"1041","2026","Feb",2026-02-02,"Chinook Salmon","late-fall","O-4","HS","AC, AK","33",37.9,154,"D138",2026-01-29,"2:39",159,"1:19",79,"3:08",188,"","RT-4","2026-02-03 RT-4","O-7","SB","CY",""
"1042","2026","Feb",2026-02-02,"Chinook Salmon","late-fall","O-4","HS","AC, AK","34",64.2,171,"D2F8",2026-01-29,"2:41",161,"1:22",82,"3:50",230,"","RT-4","2026-02-03 RT-4","O-7","SB","CY",""
"1043","2026","Feb",2026-02-02,"Chinook Salmon","late-fall","O-4","HS","AC, AK","35",81.3,176,"D79C",2026-01-29,"3:25",205,"1:16",76,"3:05",185,"","RT-4","2026-02-03 RT-4","O-7","SB","CY",""
"1044","2026","Feb",2026-02-02,"Chinook Salmon","late-fall","O-4","HS","AC, AK","36",20.8,119,"D834",2026-01-29,"2:48",168,"1:42",102,"3:27",207,"","RT-4","2026-02-03 RT-4","O-7","SB","CY",""
"1045","2026","Feb",2026-02-02,"Chinook Salmon","late-fall","O-4","HS","AC, AK","37",76.8,172,"D988",2026-01-29,"3:00",180,"2:01",121,"1:36",96,"","RT-4","2026-02-03 RT-4","O-7","SB","CY",""
"1046","2026","Feb",2026-02-02,"Chinook Salmon","late-fall","O-4","HS","AC, AK","38",42.2,143,"DC2C",2026-01-29,"4:09",249,"1:14",74,"2:16",136,"","RT-4","2026-02-03 RT-4","O-7","SB","CY",""
"1047","2026","Feb",2026-02-02,"Chinook Salmon","late-fall","O-4","HS","AC, AK","39",47.2,149,"D11E",2026-01-29,"2:38",158,"1:09",69,"2:45",165,"Deep split in caudal fin","RT-4","2026-02-03 RT-4","O-7","SB","CY",""
"1048","2026","Feb",2026-02-02,"Chinook Salmon","late-fall","O-4","HS","AC, AK","40",42.5,146,"E050",2026-01-29,"2:15",135,"1:16",76,"2:00",120,"","RT-4","2026-02-03 RT-4","O-7","SB","CY",""
"1049","2026","Feb",2026-02-02,"Chinook Salmon","late-fall","O-4","AC","HS, AK","41",48.4,154,"D8DC",2026-01-29,"2:59",179,"1:15",75,"3:39",219,"","RT-5","2026-02-03 RT-5","O-8","SB","CY",""
"1050","2026","Feb",2026-02-02,"Chinook Salmon","late-fall","O-4","AC","HS, AK","42",35,140,"D84C",2026-01-29,"2:54",174,"1:25",85,"3:30",210,"","RT-5","2026-02-03 RT-5","O-8","SB","CY",""
"1051","2026","Feb",2026-02-02,"Chinook Salmon","late-fall","O-4","AC","HS, AK","43",27.4,128,"D23C",2026-01-29,"3:17",197,"1:24",84,"3:19",199,"","RT-5","2026-02-03 RT-5","O-8","SB","CY",""
"1052","2026","Feb",2026-02-02,"Chinook Salmon","late-fall","O-4","AC","HS, AK","44",65.7,172,"D9CE",2026-01-29,"3:30",210,"1:28",88,"2:02",122,"","RT-5","2026-02-03 RT-5","O-8","SB","CY",""
"1053","2026","Feb",2026-02-02,"Chinook Salmon","late-fall","O-4","AC","HS, AK","45",48.5,150,"D70E",2026-01-29,"3:30",210,"1:47",107,"3:10",190,"jumped, long incision, two sutures","RT-5","2026-02-03 RT-5","O-8","SB","CY",""
"1054","2026","Feb",2026-02-02,"Chinook Salmon","late-fall","O-4","AC","HS, AK","46",77.7,180,"D3D8",2026-01-29,"3:04",184,"1:11",71,"2:12",132,"Fish died in tote, necropsy was done, no issues","RT-5","2026-02-03 RT-5","O-8","SB","CY",""
"1055","2026","Feb",2026-02-02,"Chinook Salmon","late-fall","O-4","AC","HS, AK","47",45.6,152,"D1E8",2026-01-29,"2:56",176,"1:12",72,"3:25",205,"","RT-5","2026-02-03 RT-5","O-8","SB","CY",""
"1056","2026","Feb",2026-02-02,"Chinook Salmon","late-fall","O-4","AC","HS, AK","48",77.7,175,"D908",2026-01-29,"3:03",183,"1:31",91,"1:40",100,"","RT-5","2026-02-03 RT-5","O-8","SB","CY",""
"1057","2026","Feb",2026-02-02,"Chinook Salmon","late-fall","O-4","AC","HS, AK","49",48,157,"D91C",2026-01-29,"2:41",161,"1:15",75,"3:42",222,"","RT-5","2026-02-03 RT-5","O-8","SB","CY",""
"1058","2026","Feb",2026-02-02,"Chinook Salmon","late-fall","O-4","AC","HS, AK","50",65.5,170,"D206",2026-01-29,"2:27",147,"1:11",71,"1:20",80,"","RT-5","2026-02-03 RT-5","O-8","SB","CY",""
"1059","2026","Feb",2026-02-02,"Chinook Salmon","late-fall","O-4","AC","HS, AK","51",53.6,159,"D898",2026-01-29,"3:52",232,"1:11",71,"1:54",114,"","RT-6","2026-02-03 RT-6","O-8","SB","CY",""
"1060","2026","Feb",2026-02-02,"Chinook Salmon","late-fall","O-4","AC","HS, AK","52",33.4,138,"DAF8",2026-01-29,"2:41",161,"1:14",74,"1:46",106,"","RT-6","2026-02-03 RT-6","O-8","SB","CY",""
"1061","2026","Feb",2026-02-02,"Chinook Salmon","late-fall","O-4","AC","HS, AK","53",69.4,175,"D110",2026-01-29,"2:37",157,"1:21",81,"2:42",162,"","RT-6","2026-02-03 RT-6","O-8","SB","CY",""
"1062","2026","Feb",2026-02-02,"Chinook Salmon","late-fall","O-4","AC","HS, AK","54",79.4,183,"D20E",2026-01-29,"2:35",155,"1:15",75,"3:57",237,"","RT-6","2026-02-03 RT-6","O-8","SB","CY",""
"1063","2026","Feb",2026-02-02,"Chinook Salmon","late-fall","O-4","AC","HS, AK","55",40.8,143,"D9F2",2026-01-29,"3:15",195,"1:21",81,"3:32",212,"","RT-6","2026-02-03 RT-6","O-8","SB","CY",""
"1064","2026","Feb",2026-02-02,"Chinook Salmon","late-fall","O-4","AC","HS, AK","56",72.4,176,"D7BC",2026-01-29,"2:44",164,"1:15",75,"4:02",242,"","RT-6","2026-02-03 RT-6","O-8","SB","CY",""
"1065","2026","Feb",2026-02-02,"Chinook Salmon","late-fall","O-4","AC","HS, AK","57",106.1,200,"D8FA",2026-01-29,"3:41",221,"1:19",79,"2:46",166,"","RT-6","2026-02-03 RT-6","O-8","SB","CY",""
"1066","2026","Feb",2026-02-02,"Chinook Salmon","late-fall","O-4","AC","HS, AK","58",57,163,"D986",2026-01-29,"2:33",153,"1:14",74,"3:14",194,"","RT-6","2026-02-03 RT-6","O-8","SB","CY",""
"1067","2026","Feb",2026-02-02,"Chinook Salmon","late-fall","O-4","AC","HS, AK","59",35.2,140,"DA0C",2026-01-29,"2:35",155,"1:20",80,"1:57",117,"","RT-6","2026-02-03 RT-6","O-8","SB","CY",""
"1068","2026","Feb",2026-02-02,"Chinook Salmon","late-fall","O-4","AC","HS, AK","60",22,123,"D9E6",2026-01-29,"2:57",177,"1:11",71,"3:14",194,"","RT-6","2026-02-03 RT-6","O-8","SB","CY",""
"1069","2026","Feb",2026-02-02,"Chinook Salmon","late-fall","O-4","AC","HS, AK","61",30.5,133,"D8D8",2026-01-29,"2:44",164,"1:16",76,"3:09",189,"","RT-7","2026-02-03 RT-7","O-8","SB","CY",""
"1070","2026","Feb",2026-02-02,"Chinook Salmon","late-fall","O-4","AC","HS, AK","62",54.6,161,"D702",2026-01-29,"2:51",171,"1:21",81,"2:40",160,"","RT-7","2026-02-03 RT-7","O-8","SB","CY",""
"1071","2026","Feb",2026-02-02,"Chinook Salmon","late-fall","O-4","AC","HS, AK","63",54.2,162,"DB20",2026-01-29,"2:36",156,"1:18",78,"2:37",157,"","RT-7","2026-02-03 RT-7","O-8","SB","CY",""
"1072","2026","Feb",2026-02-02,"Chinook Salmon","late-fall","O-4","AC","HS, AK","64",34.6,140,"D33C",2026-01-29,"2:21",141,"1:17",77,"2:27",147,"","RT-7","2026-02-03 RT-7","O-8","SB","CY",""
"1073","2026","Feb",2026-02-02,"Chinook Salmon","late-fall","O-4","AC","HS, AK","65",79.2,183,"C744",2026-01-29,"2:37",157,"1:10",70,"3:35",215,"Dead tag - original code was CF66, new tag code C744","RT-7","2026-02-03 RT-7","O-8","SB","CY",""
"1074","2026","Feb",2026-02-02,"Chinook Salmon","late-fall","O-4","AC","HS, AK","66",39.1,145,"D60C",2026-01-29,"2:52",172,"1:16",76,"1:49",109,"","RT-7","2026-02-03 RT-7","O-8","SB","CY",""
"1075","2026","Feb",2026-02-02,"Chinook Salmon","late-fall","O-4","AC","HS, AK","67",68.5,168,"CFA4",2026-01-29,"2:38",158,"1:13",73,"1:59",119,"","RT-7","2026-02-03 RT-7","O-8","SB","CY",""
"1076","2026","Feb",2026-02-02,"Chinook Salmon","late-fall","O-4","AC","HS, AK","68",67.7,174,"DBC2",2026-01-29,"2:28",148,"1:10",70,"1:30",90,"","RT-7","2026-02-03 RT-7","O-8","SB","CY",""
"1077","2026","Feb",2026-02-02,"Chinook Salmon","late-fall","O-4","AC","HS, AK","69",80.6,181,"D1B8",2026-01-29,"2:35",155,"1:08",68,"2:44",164,"","RT-7","2026-02-03 RT-7","O-8","SB","CY",""
"1078","2026","Feb",2026-02-02,"Chinook Salmon","late-fall","O-4","AC","HS, AK","70",65.1,167,"D4FC",2026-01-29,"2:07",127,"1:14",74,"-",NA,"No recovery time on datasheet","RT-7","2026-02-03 RT-7","O-8","SB","CY",""
"1079","2026","Feb",2026-02-02,"Chinook Salmon","late-fall","O-4","AC","HS, AK","71",58.6,162,"D190",2026-01-29,"3:55",235,"1:20",80,"1:51",111,"","RT-8","2026-02-03 RT-8","O-8","SB","CY",""
"1080","2026","Feb",2026-02-02,"Chinook Salmon","late-fall","O-4","AC","HS, AK","72",50,157,"D044",2026-01-29,"2:37",157,"1:17",77,"3:40",220,"","RT-8","2026-02-03 RT-8","O-8","SB","CY",""
"1081","2026","Feb",2026-02-02,"Chinook Salmon","late-fall","O-4","AC","HS, AK","73",78,179,"D0CE",2026-01-29,"2:42",162,"1:21",81,"2:09",129,"","RT-8","2026-02-03 RT-8","O-8","SB","CY",""
"1082","2026","Feb",2026-02-02,"Chinook Salmon","late-fall","O-4","AC","HS, AK","74",38.1,144,"C8A0",2026-01-29,"2:25",145,"1:09",69,"3:01",181,"Dead tag - original code was CF5E, new tag code C8A0","RT-8","2026-02-03 RT-8","O-8","SB","CY",""
"1083","2026","Feb",2026-02-02,"Chinook Salmon","late-fall","O-4","AC","HS, AK","75",44.6,152,"D0C6",2026-01-29,"2:09",129,"1:34",94,"1:24",84,"","RT-8","2026-02-03 RT-8","O-8","SB","CY",""
"1084","2026","Feb",2026-02-02,"Chinook Salmon","late-fall","O-4","AC","HS, AK","76",63.8,175,"D064",2026-01-29,"2:29",149,"1:08",68,"1:31",91,"","RT-8","2026-02-03 RT-8","O-8","SB","CY",""
"1085","2026","Feb",2026-02-02,"Chinook Salmon","late-fall","O-4","AC","HS, AK","77",57.3,165,"DB38",2026-01-29,"2:22",142,"1:19",79,"2:55",175,"","RT-8","2026-02-03 RT-8","O-8","SB","CY",""
"1086","2026","Feb",2026-02-02,"Chinook Salmon","late-fall","O-4","AC","HS, AK","78",25.2,124,"D8C2",2026-01-29,"2:44",164,"1:21",81,"2:52",172,"","RT-8","2026-02-03 RT-8","O-8","SB","CY",""
"1087","2026","Feb",2026-02-02,"Chinook Salmon","late-fall","O-4","AC","HS, AK","79",43.4,151,"D9C2",2026-01-29,"2:34",154,"1:14",74,"3:37",217,"","RT-8","2026-02-03 RT-8","O-8","SB","CY",""
"1088","2026","Feb",2026-02-02,"Chinook Salmon","late-fall","O-4","AC","HS, AK","80",64.4,170,"D9D0",2026-01-29,"2:57",177,"1:19",79,"3:50",230,"","RT-8","2026-02-03 RT-8","O-8","SB","CY",""
"1089","2026","Feb",2026-02-02,"Chinook Salmon","late-fall","O-5","HS","AC, AK","D1",34.2,142,"954F",2026-01-29,"3:19",199,"1:22",82,"3:42",222,"",NA,NA,"I-2","SB","CY",""
"1090","2026","Feb",2026-02-02,"Chinook Salmon","late-fall","O-4","HS","AC, AK","D2",34.1,137,"9D25",2026-01-29,"2:44",164,"2:01",121,"2:25",145,"Jumpy - incision jagged",NA,NA,"I-2","SB","CY",""
"1091","2026","Feb",2026-02-02,"Chinook Salmon","late-fall","O-4","AC","HS, AK","D3",28.5,132,"9354",2026-01-29,"3:15",195,"1:24",84,"2:07",127,"",NA,NA,"I-2","SB","CY",""
"1092","2026","Feb",2026-02-02,"Chinook Salmon","late-fall","O-4","AC","HS, AK","D4",53.3,154,"9639",2026-01-29,"3:15",195,"1:36",96,"2:50",170,"",NA,NA,"I-2","SB","CY",""
"1093","2026","Feb",2026-02-03,"Chinook Salmon","late-fall","O-5","HS","AC, AK","1",24.5,121,"CFD6",2026-01-29,"3:09",189,"1:38",98,"2:10",130,"","RT-9","2026-02-04 RT-9","O-8","SB","CY",""
"1094","2026","Feb",2026-02-03,"Chinook Salmon","late-fall","O-5","HS","AC, AK","2",92.2,182,"D014",2026-01-29,"3:14",194,"1:26",86,"4:36",276,"","RT-9","2026-02-04 RT-9","O-8","SB","CY",""
"1095","2026","Feb",2026-02-03,"Chinook Salmon","late-fall","O-5","HS","AC, AK","3",54.3,159,"DBC4",2026-01-29,"3:16",196,"1:09",69,"3:34",214,"","RT-9","2026-02-04 RT-9","O-8","SB","CY",""
"1096","2026","Feb",2026-02-03,"Chinook Salmon","late-fall","O-5","HS","AC, AK","4",32,135,"DB70",2026-01-29,"3:01",181,"1:31",91,"2:13",133,"","RT-9","2026-02-04 RT-9","O-8","SB","CY",""
"1097","2026","Feb",2026-02-03,"Chinook Salmon","late-fall","O-5","HS","AC, AK","5",29.9,133,"D130",2026-01-29,"2:59",179,"1:18",78,"1:42",102,"","RT-9","2026-02-04 RT-9","O-8","SB","CY",""
"1098","2026","Feb",2026-02-03,"Chinook Salmon","late-fall","O-5","HS","AC, AK","6",27.8,127,"D5C0",2026-01-29,"2:32",152,"1:30",90,"3:24",204,"","RT-9","2026-02-04 RT-9","O-8","SB","CY",""
"1099","2026","Feb",2026-02-03,"Chinook Salmon","late-fall","O-5","HS","AC, AK","7",32.8,141,"DB7C",2026-01-29,"3:15",195,"1:30",90,"3:05",185,"","RT-9","2026-02-04 RT-9","O-8","SB","CY",""
"1100","2026","Feb",2026-02-03,"Chinook Salmon","late-fall","O-5","HS","AC, AK","8",25.9,121,"D074",2026-01-29,"2:22",142,"1:32",92,"3:27",207,"","RT-9","2026-02-04 RT-9","O-8","SB","CY",""
"1101","2026","Feb",2026-02-03,"Chinook Salmon","late-fall","O-5","HS","AC, AK","9",15.1,106,"D7B8",2026-01-29,"2:45",165,"1:39",99,"3:37",217,"","RT-9","2026-02-04 RT-9","O-8","SB","CY",""
"1102","2026","Feb",2026-02-03,"Chinook Salmon","late-fall","O-5","HS","AC, AK","10",83.9,184,"D10E",2026-01-29,"3:12",192,"1:18",78,"2:57",177,"","RT-9","2026-02-04 RT-9","O-8","SB","CY",""
"1103","2026","Feb",2026-02-03,"Chinook Salmon","late-fall","O-5","HS","AC, AK","11",42.5,147,"D01A",2026-01-29,"2:35",155,"2:22",142,"2:39",159,"Jumpy - long incision - 2 sutures","RT-10","2026-02-04 RT-10","O-8","SB","CY",""
"1104","2026","Feb",2026-02-03,"Chinook Salmon","late-fall","O-5","HS","AC, AK","12",62.7,165,"D1F6",2026-01-29,"3:14",194,"2:05",125,"3:28",208,"","RT-10","2026-02-04 RT-10","O-8","SB","CY",""
"1105","2026","Feb",2026-02-03,"Chinook Salmon","late-fall","O-5","HS","AC, AK","13",125.9,204,"D062",2026-01-29,"4:35",275,"1:42",102,"3:29",209,"","RT-10","2026-02-04 RT-10","O-8","SB","CY",""
"1106","2026","Feb",2026-02-03,"Chinook Salmon","late-fall","O-5","HS","AC, AK","14",87,173,"D0F4",2026-01-29,"3:38",218,"1:18",78,"3:20",200,"Deep split in caudal fin","RT-10","2026-02-04 RT-10","O-8","SB","CY",""
"1107","2026","Feb",2026-02-03,"Chinook Salmon","late-fall","O-5","HS","AC, AK","15",63,169,"D0B0",2026-01-29,"2:47",167,"1:06",66,"3:04",184,"","RT-10","2026-02-04 RT-10","O-8","SB","CY",""
"1108","2026","Feb",2026-02-03,"Chinook Salmon","late-fall","O-5","HS","AC, AK","16",71.5,177,"D118",2026-01-29,"3:29",209,"1:12",72,"4:50",290,"","RT-10","2026-02-04 RT-10","O-8","SB","CY",""
"1109","2026","Feb",2026-02-03,"Chinook Salmon","late-fall","O-5","HS","AC, AK","17",74.6,172,"D9C4",2026-01-29,"3:11",191,"1:08",68,"3:05",185,"","RT-10","2026-02-04 RT-10","O-8","SB","CY",""
"1110","2026","Feb",2026-02-03,"Chinook Salmon","late-fall","O-5","HS","AC, AK","18",48,156,"D2C0",2026-01-29,"3:38",218,"1:11",71,"4:22",262,"","RT-10","2026-02-04 RT-10","O-8","SB","CY",""
"1111","2026","Feb",2026-02-03,"Chinook Salmon","late-fall","O-5","HS","AC, AK","19",45.3,148,"D17E",2026-01-29,"2:53",173,"1:24",84,"4:17",257,"","RT-10","2026-02-04 RT-10","O-8","SB","CY",""
"1112","2026","Feb",2026-02-03,"Chinook Salmon","late-fall","O-5","HS","AC, AK","20",40.2,142,"DB98",2026-01-29,"2:47",167,"1:38",98,"4:47",287,"","RT-10","2026-02-04 RT-10","O-8","SB","CY",""
"1113","2026","Feb",2026-02-03,"Chinook Salmon","late-fall","O-5","HS","AC, AK","21",52.2,160,"DBC8",2026-01-29,"4:07",247,"1:45",105,"2:01",121,"","RT-11","2026-02-04 RT-11","O-8","SB","CY",""
"1114","2026","Feb",2026-02-03,"Chinook Salmon","late-fall","O-5","HS","AC, AK","22",70.3,169,"D1B0",2026-01-29,"3:10",190,"1:09",69,"3:21",201,"","RT-11","2026-02-04 RT-11","O-8","SB","CY",""
"1115","2026","Feb",2026-02-03,"Chinook Salmon","late-fall","O-5","HS","AC, AK","23",51.4,154,"CF5C",2026-01-29,"2:36",156,"1:11",71,"2:30",150,"","RT-11","2026-02-04 RT-11","O-8","SB","CY",""
"1116","2026","Feb",2026-02-03,"Chinook Salmon","late-fall","O-5","HS","AC, AK","24",98.4,193,"D39C",2026-01-29,"3:43",223,"1:09",69,"2:31",151,"","RT-11","2026-02-04 RT-11","O-8","SB","CY",""
"1117","2026","Feb",2026-02-03,"Chinook Salmon","late-fall","O-5","HS","AC, AK","25",70.5,165,"DA60",2026-01-29,"2:57",177,"1:08",68,"3:52",232,"Died in tote","RT-11","2026-02-04 RT-11","O-8","SB","CY",""
"1118","2026","Feb",2026-02-03,"Chinook Salmon","late-fall","O-5","HS","AC, AK","26",55.8,159,"D826",2026-01-29,"3:49",229,"1:07",67,"4:57",297,"","RT-11","2026-02-04 RT-11","O-8","SB","CY",""
"1119","2026","Feb",2026-02-03,"Chinook Salmon","late-fall","O-5","HS","AC, AK","27",104.4,195,"D08C",2026-01-29,"3:55",235,"1:18",78,"3:02",182,"","RT-11","2026-02-04 RT-11","O-8","SB","CY",""
"1120","2026","Feb",2026-02-03,"Chinook Salmon","late-fall","O-5","HS","AC, AK","28",91.2,180,"D04C",2026-01-29,"3:04",184,"1:14",74,"4:28",268,"","RT-11","2026-02-04 RT-11","O-8","SB","CY",""
"1121","2026","Feb",2026-02-03,"Chinook Salmon","late-fall","O-5","HS","AC, AK","29",71.5,171,"D9E8",2026-01-29,"2:51",171,"1:34",94,"2:10",130,"Deep split in caudal fin - died in tote","RT-11","2026-02-04 RT-11","O-8","SB","CY",""
"1122","2026","Feb",2026-02-03,"Chinook Salmon","late-fall","O-5","HS","AC, AK","30",66.1,172,"D3E6",2026-01-29,"2:56",176,"1:31",91,"3:02",182,"","RT-11","2026-02-04 RT-11","O-8","SB","CY",""
"1123","2026","Feb",2026-02-03,"Chinook Salmon","late-fall","O-5","HS","AC, AK","31",54.3,157,"D7C6",2026-01-29,"4:04",244,"1:03",63,"2:22",142,"","RT-12","2026-02-04 RT-12","O-8","SB","CY",""
"1124","2026","Feb",2026-02-03,"Chinook Salmon","late-fall","O-5","HS","AC, AK","32",26.5,125,"D9B0",2026-01-29,"2:31",151,"1:22",82,"2:48",168,"","RT-12","2026-02-04 RT-12","O-8","SB","CY",""
"1125","2026","Feb",2026-02-03,"Chinook Salmon","late-fall","O-5","HS","AC, AK","33",72.5,177,"DFEA",2026-01-29,"2:42",162,"1:17",77,"2:36",156,"Incision crooked","RT-12","2026-02-04 RT-12","O-8","SB","CY",""
"1126","2026","Feb",2026-02-03,"Chinook Salmon","late-fall","O-5","HS","AC, AK","34",45.4,150,"D0BC",2026-01-29,"3:05",185,"1:08",68,"3:31",211,"","RT-12","2026-02-04 RT-12","O-8","SB","CY",""
"1127","2026","Feb",2026-02-03,"Chinook Salmon","late-fall","O-5","HS","AC, AK","35",60.9,161,"D7BE",2026-01-29,"2:30",150,"1:23",83,"4:12",252,"Deep split in caudal fin, Died in tote","RT-12","2026-02-04 RT-12","O-8","SB","CY",""
"1128","2026","Feb",2026-02-03,"Chinook Salmon","late-fall","O-5","HS","AC, AK","36",38,139,"D708",2026-01-29,"2:49",169,"1:16",76,"2:56",176,"","RT-12","2026-02-04 RT-12","O-8","SB","CY",""
"1129","2026","Feb",2026-02-03,"Chinook Salmon","late-fall","O-5","HS","AC, AK","37",91.3,189,"D824",2026-01-29,"3:20",200,"1:29",89,"3:59",239,"","RT-12","2026-02-04 RT-12","O-8","SB","CY",""
"1130","2026","Feb",2026-02-03,"Chinook Salmon","late-fall","O-5","HS","AC, AK","38",73.6,176,"DAFE",2026-01-29,"3:12",192,"1:42",102,"4:09",249,"","RT-12","2026-02-04 RT-12","O-8","SB","CY",""
"1131","2026","Feb",2026-02-03,"Chinook Salmon","late-fall","O-5","HS","AC, AK","39",60.6,165,"D7E6",2026-01-29,"3:58",238,"1:10",70,"4:07",247,"","RT-12","2026-02-04 RT-12","O-8","SB","CY",""
"1132","2026","Feb",2026-02-03,"Chinook Salmon","late-fall","O-5","HS","AC, AK","40",49.9,156,"DBC6",2026-01-29,"3:05",185,"1:12",72,"2:38",158,"","RT-12","2026-02-04 RT-12","O-8","SB","CY",""
"1133","2026","Feb",2026-02-03,"Chinook Salmon","late-fall","O-5","AC","HS, AK","41",69.6,170,"D6F0",2026-01-29,"2:55",175,"1:25",85,"2:50",170,"","RT-13","2026-02-04 RT-13","O-7","SB","CY",""
"1134","2026","Feb",2026-02-03,"Chinook Salmon","late-fall","O-5","AC","HS, AK","42",73.4,175,"DC16",2026-01-29,"2:57",177,"1:29",89,"4:19",259,"","RT-13","2026-02-04 RT-13","O-7","SB","CY",""
"1135","2026","Feb",2026-02-03,"Chinook Salmon","late-fall","O-5","AC","HS, AK","43",39.3,147,"D378",2026-01-29,"2:46",166,"1:34",94,"4:26",266,"jumpy, crooked incision","RT-13","2026-02-04 RT-13","O-7","SB","CY",""
"1136","2026","Feb",2026-02-03,"Chinook Salmon","late-fall","O-5","AC","HS, AK","44",68.5,169,"D13E",2026-01-29,"3:18",198,"1:21",81,"4:23",263,"","RT-13","2026-02-04 RT-13","O-7","SB","CY",""
"1137","2026","Feb",2026-02-03,"Chinook Salmon","late-fall","O-5","AC","HS, AK","45",55.2,161,"DA02",2026-01-29,"2:13",133,"1:15",75,"4:15",255,"","RT-13","2026-02-04 RT-13","O-7","SB","CY",""
"1138","2026","Feb",2026-02-03,"Chinook Salmon","late-fall","O-5","AC","HS, AK","46",54.6,161,"DA70",2026-01-29,"3:16",196,"1:06",66,"2:20",140,"","RT-13","2026-02-04 RT-13","O-7","SB","CY",""
"1139","2026","Feb",2026-02-03,"Chinook Salmon","late-fall","O-5","AC","HS, AK","47",45.9,151,"DBF6",2026-01-29,"2:23",143,"1:16",76,"1:35",95,"","RT-13","2026-02-04 RT-13","O-7","SB","CY",""
"1140","2026","Feb",2026-02-03,"Chinook Salmon","late-fall","O-5","AC","HS, AK","48",22.5,118,"D9F6",2026-01-29,"3:42",222,"1:14",74,"3:11",191,"","RT-13","2026-02-04 RT-13","O-7","SB","CY",""
"1141","2026","Feb",2026-02-03,"Chinook Salmon","late-fall","O-5","AC","HS, AK","49",78.4,170,"D6C0",2026-01-29,"3:24",204,"1:16",76,"4:34",274,"","RT-13","2026-02-04 RT-13","O-7","SB","CY",""
"1142","2026","Feb",2026-02-03,"Chinook Salmon","late-fall","O-5","AC","HS, AK","50",42.6,149,"D606",2026-01-29,"2:27",147,"1:16",76,"3:06",186,"","RT-13","2026-02-04 RT-13","O-7","SB","CY",""
"1143","2026","Feb",2026-02-03,"Chinook Salmon","late-fall","O-5","AC","HS, AK","51",69.5,168,"D89E",2026-01-29,"2:31",151,"1:00",60,"3:32",212,"","RT-14","2026-02-04 RT-14","O-7","SB","CY",""
"1144","2026","Feb",2026-02-03,"Chinook Salmon","late-fall","O-5","AC","HS, AK","52",40.8,144,"D090",2026-01-29,"3:01",181,"1:10",70,"2:14",134,"","RT-14","2026-02-04 RT-14","O-7","SB","CY",""
"1145","2026","Feb",2026-02-03,"Chinook Salmon","late-fall","O-5","AC","HS, AK","53",32.7,135,"D2F0",2026-01-29,"2:19",139,"1:04",64,"2:40",160,"","RT-14","2026-02-04 RT-14","O-7","SB","CY",""
"1146","2026","Feb",2026-02-03,"Chinook Salmon","late-fall","O-5","AC","HS, AK","54",18.1,115,"D058",2026-01-29,"2:32",152,"1:10",70,"4:04",244,"","RT-14","2026-02-04 RT-14","O-7","SB","CY",""
"1147","2026","Feb",2026-02-03,"Chinook Salmon","late-fall","O-5","AC","HS, AK","55",41.2,143,"D4E0",2026-01-29,"2:16",136,"1:12",72,"3:52",232,"Died in tote","RT-14","2026-02-04 RT-14","O-7","SB","CY",""
"1148","2026","Feb",2026-02-03,"Chinook Salmon","late-fall","O-5","AC","HS, AK","56",50.1,156,"D280",2026-01-29,"3:15",195,"1:17",77,"1:31",91,"","RT-14","2026-02-04 RT-14","O-7","SB","CY",""
"1149","2026","Feb",2026-02-03,"Chinook Salmon","late-fall","O-5","AC","HS, AK","57",98.9,189,"D13C",2026-01-29,"2:57",177,"1:12",72,"3:16",196,"","RT-14","2026-02-04 RT-14","O-7","SB","CY",""
"1150","2026","Feb",2026-02-03,"Chinook Salmon","late-fall","O-5","AC","HS, AK","58",71.5,173,"D2E0",2026-01-29,"2:51",171,"1:14",74,"4:48",288,"","RT-14","2026-02-04 RT-14","O-7","SB","CY",""
"1151","2026","Feb",2026-02-03,"Chinook Salmon","late-fall","O-5","AC","HS, AK","59",71.9,175,"D7E2",2026-01-29,"2:29",149,"0:57",57,"2:22",142,"","RT-14","2026-02-04 RT-14","O-7","SB","CY",""
"1152","2026","Feb",2026-02-03,"Chinook Salmon","late-fall","O-5","AC","HS, AK","60",54.3,157,"D70C",2026-01-29,"2:26",146,"1:13",73,"3:18",198,"","RT-14","2026-02-04 RT-14","O-7","SB","CY",""
"1153","2026","Feb",2026-02-03,"Chinook Salmon","late-fall","O-5","AC","HS, AK","61",40.5,151,"D1C4",2026-01-29,"2:11",131,"1:31",91,"2:46",166,"","RT-15","2026-02-04 RT-15","O-7","SB","CY",""
"1154","2026","Feb",2026-02-03,"Chinook Salmon","late-fall","O-5","AC","HS, AK","62",98,190,"D1C2",2026-01-29,"3:13",193,"0:58",58,"4:16",256,"Died in tote","RT-15","2026-02-04 RT-15","O-7","SB","CY",""
"1155","2026","Feb",2026-02-03,"Chinook Salmon","late-fall","O-5","AC","HS, AK","63",50.2,154,"D8BC",2026-01-29,"3:45",225,"1:20",80,"2:25",145,"","RT-15","2026-02-04 RT-15","O-7","SB","CY",""
"1156","2026","Feb",2026-02-03,"Chinook Salmon","late-fall","O-5","AC","HS, AK","64",101.4,195,"CFA2",2026-01-29,"2:39",159,"1:18",78,"4:31",271,"","RT-15","2026-02-04 RT-15","O-7","SB","CY",""
"1157","2026","Feb",2026-02-03,"Chinook Salmon","late-fall","O-5","AC","HS, AK","65",72.1,174,"D0A0",2026-01-29,"3:22",202,"1:13",73,"4:07",247,"","RT-15","2026-02-04 RT-15","O-7","SB","CY",""
"1158","2026","Feb",2026-02-03,"Chinook Salmon","late-fall","O-5","AC","HS, AK","66",30.2,132,"D23E",2026-01-29,"3:40",220,"1:11",71,"2:19",139,"","RT-15","2026-02-04 RT-15","O-7","SB","CY",""
"1159","2026","Feb",2026-02-03,"Chinook Salmon","late-fall","O-5","AC","HS, AK","67",71.4,169,"D260",2026-01-29,"3:05",185,"1:07",67,"3:03",183,"","RT-15","2026-02-04 RT-15","O-7","SB","CY",""
"1160","2026","Feb",2026-02-03,"Chinook Salmon","late-fall","O-5","AC","HS, AK","68",54.5,158,"D8B0",2026-01-29,"3:21",201,"1:15",75,"3:52",232,"Died in tote","RT-15","2026-02-04 RT-15","O-7","SB","CY",""
"1161","2026","Feb",2026-02-03,"Chinook Salmon","late-fall","O-5","AC","HS, AK","69",60.2,164,"CF96",2026-01-29,"2:28",148,"1:04",64,"2:27",147,"","RT-15","2026-02-04 RT-15","O-7","SB","CY",""
"1162","2026","Feb",2026-02-03,"Chinook Salmon","late-fall","O-5","AC","HS, AK","70",39.4,145,"D320",2026-01-29,"2:49",169,"1:13",73,"3:01",181,"","RT-15","2026-02-04 RT-15","O-7","SB","CY",""
"1163","2026","Feb",2026-02-03,"Chinook Salmon","late-fall","O-5","AC","HS, AK","71",34.3,137,"D478",2026-01-29,"2:52",172,"1:16",76,"1:49",109,"","RT-16","2026-02-04 RT-16","O-7","SB","CY",""
"1164","2026","Feb",2026-02-03,"Chinook Salmon","late-fall","O-5","AC","HS, AK","72",73.5,172,"D03A",2026-01-29,"2:46",166,"1:17",77,"1:46",106,"","RT-16","2026-02-04 RT-16","O-7","SB","CY",""
"1165","2026","Feb",2026-02-03,"Chinook Salmon","late-fall","O-5","AC","HS, AK","73",67.9,170,"D83A",2026-01-29,"2:34",154,"1:09",69,"2:46",166,"","RT-16","2026-02-04 RT-16","O-7","SB","CY",""
"1166","2026","Feb",2026-02-03,"Chinook Salmon","late-fall","O-5","AC","HS, AK","74",53,155,"DB0E",2026-01-29,"3:08",188,"1:09",69,"2:42",162,"","RT-16","2026-02-04 RT-16","O-7","SB","CY",""
"1167","2026","Feb",2026-02-03,"Chinook Salmon","late-fall","O-5","AC","HS, AK","75",53.9,159,"D816",2026-01-29,"2:26",146,"1:16",76,"1:29",89,"","RT-16","2026-02-04 RT-16","O-7","SB","CY",""
"1168","2026","Feb",2026-02-03,"Chinook Salmon","late-fall","O-5","AC","HS, AK","76",71.4,176,"D998",2026-01-29,"2:43",163,"1:28",88,"4:05",245,"","RT-16","2026-02-04 RT-16","O-7","SB","CY",""
"1169","2026","Feb",2026-02-03,"Chinook Salmon","late-fall","O-5","AC","HS, AK","77",83.1,180,"D982",2026-01-29,"2:53",173,"1:16",76,"3:47",227,"","RT-16","2026-02-04 RT-16","O-7","SB","CY",""
"1170","2026","Feb",2026-02-03,"Chinook Salmon","late-fall","O-5","AC","HS, AK","78",68.3,171,"D8F6",2026-01-29,"2:43",163,"1:21",81,"1:04",64,"","RT-16","2026-02-04 RT-16","O-7","SB","CY",""
"1171","2026","Feb",2026-02-03,"Chinook Salmon","late-fall","O-5","AC","HS, AK","79",34.4,138,"D108",2026-01-29,"3:07",187,"1:14",74,"3:48",228,"","RT-16","2026-02-04 RT-16","O-7","SB","CY",""
"1172","2026","Feb",2026-02-03,"Chinook Salmon","late-fall","O-5","AC","HS, AK","80",64.9,168,"D198",2026-01-29,"2:18",138,"1:29",89,"3:59",239,"","RT-16","2026-02-04 RT-16","O-7","SB","CY",""
"1173","2026","Feb",2026-02-03,"Chinook Salmon","late-fall","O-5","HS","AC, AK","D1",30.1,134,"1D58",2026-01-29,"3:23",203,"1:20",80,"3:02",182,"",NA,NA,"I-2","SB","CY",""
"1174","2026","Feb",2026-02-03,"Chinook Salmon","late-fall","O-5","HS","AC, AK","D2",83,183,"A359",2026-01-29,"2:49",169,"1:15",75,"3:26",206,"",NA,NA,"I-2","SB","CY",""
"1175","2026","Feb",2026-02-03,"Chinook Salmon","late-fall","O-5","AC","HS, AK","D3",85.6,181,"2335",2026-01-29,"3:21",201,"1:06",66,"4:00",240,"",NA,NA,"I-2","SB","CY",""
"1176","2026","Feb",2026-02-03,"Chinook Salmon","late-fall","O-5","AC","HS, AK","D4",26.3,130,"A0C9",2026-01-29,"2:52",172,"1:31",91,"4:36",276,"",NA,NA,"I-2","SB","CY",""
"1177","2026","Feb",2026-02-04,"Chinook Salmon","late-fall","O-6","HS","AC, JI","1",49.3,158,"D788",2026-01-29,"3:25",205,"1:28",88,"3:09",189,"Reduced fish per tote to 8 due to mortalities in totes on 2/3","RT-17","2026-02-05 RT-17","O-7","SB","CY",""
"1178","2026","Feb",2026-02-04,"Chinook Salmon","late-fall","O-6","HS","AC, JI","2",44.1,150,"DBEE",2026-01-29,"2:38",158,"1:10",70,"2:35",155,"","RT-17","2026-02-05 RT-17","O-7","SB","CY",""
"1179","2026","Feb",2026-02-04,"Chinook Salmon","late-fall","O-6","HS","AC, JI","3",37.9,144,"D888",2026-01-29,"2:55",175,"1:11",71,"2:30",150,"","RT-17","2026-02-05 RT-17","O-7","SB","CY",""
"1180","2026","Feb",2026-02-04,"Chinook Salmon","late-fall","O-6","HS","AC, JI","4",31.1,135,"D8EC",2026-01-29,"3:28",208,"1:15",75,"4:14",254,"","RT-17","2026-02-05 RT-17","O-7","SB","CY",""
"1181","2026","Feb",2026-02-04,"Chinook Salmon","late-fall","O-6","HS","AC, JI","5",41.3,152,"D3C4",2026-01-29,"2:53",173,"1:18",78,"2:30",150,"","RT-17","2026-02-05 RT-17","O-7","SB","CY",""
"1182","2026","Feb",2026-02-04,"Chinook Salmon","late-fall","O-6","HS","AC, JI","6",52.3,160,"D7DE",2026-01-29,"3:03",183,"2:29",149,"4:18",258,"Dead tag - old tag code D7D0, new tag code D7DE","RT-17","2026-02-05 RT-17","O-7","SB","CY",""
"1183","2026","Feb",2026-02-04,"Chinook Salmon","late-fall","O-6","HS","AC, JI","7",75.5,178,"D02C",2026-01-29,"2:59",179,"1:20",80,"3:56",236,"","RT-17","2026-02-05 RT-17","O-7","SB","CY",""
"1184","2026","Feb",2026-02-04,"Chinook Salmon","late-fall","O-6","HS","AC, JI","8",66.8,171,"DB8E",2026-01-29,"3:02",182,"1:15",75,"2:40",160,"","RT-17","2026-02-05 RT-17","O-7","SB","CY",""
"1185","2026","Feb",2026-02-04,"Chinook Salmon","late-fall",NA,"HS","AC, JI","9",NA,NA,"DC14",2026-01-29,NA,NA,NA,NA,NA,NA,"Deactivated tag on 2/4",NA,NA,NA,"SB","CY",""
"1186","2026","Feb",2026-02-04,"Chinook Salmon","late-fall",NA,"HS","AC, JI","10",NA,NA,"D38E",2026-01-29,NA,NA,NA,NA,NA,NA,"Deactivated tag on 2/4",NA,NA,NA,"SB","CY",""
"1187","2026","Feb",2026-02-04,"Chinook Salmon","late-fall","O-6","HS","AC, JI","11",53.2,165,"D182",2026-01-29,"2:52",172,"2:25",145,"2:31",151,"Dead tag - Old tag code CF62, new tag code D182","RT-18","2026-02-05 RT-18","O-7","SB","CY",""
"1188","2026","Feb",2026-02-04,"Chinook Salmon","late-fall","O-6","HS","AC, JI","12",56.6,165,"D9B8",2026-01-29,"4:00",240,"1:12",72,"1:04",64,"","RT-18","2026-02-05 RT-18","O-7","SB","CY",""
"1189","2026","Feb",2026-02-04,"Chinook Salmon","late-fall","O-6","HS","AC, JI","13",54.5,163,"D1CE",2026-01-29,"3:16",196,"1:09",69,"2:09",129,"","RT-18","2026-02-05 RT-18","O-7","SB","CY",""
"1190","2026","Feb",2026-02-04,"Chinook Salmon","late-fall","O-6","HS","AC, JI","14",42.5,147,"D608",2026-01-29,"2:46",166,"1:30",90,"3:19",199,"","RT-18","2026-02-05 RT-18","O-7","SB","CY",""
"1191","2026","Feb",2026-02-04,"Chinook Salmon","late-fall","O-6","HS","AC, JI","15",24.9,125,"D388",2026-01-29,"2:41",161,"1:18",78,"3:35",215,"","RT-18","2026-02-05 RT-18","O-7","SB","CY",""
"1192","2026","Feb",2026-02-04,"Chinook Salmon","late-fall","O-6","HS","AC, JI","16",44.8,155,"D640",2026-01-29,"2:39",159,"1:15",75,"2:48",168,"","RT-18","2026-02-05 RT-18","O-7","SB","CY",""
"1193","2026","Feb",2026-02-04,"Chinook Salmon","late-fall","O-6","HS","AC, JI","17",19.6,118,"D680",2026-01-29,"3:13",193,"1:16",76,"2:19",139,"","RT-18","2026-02-05 RT-18","O-7","SB","CY",""
"1194","2026","Feb",2026-02-04,"Chinook Salmon","late-fall","O-6","HS","AC, JI","18",39.4,145,"DB06",2026-01-29,"3:03",183,"1:33",93,"1:40",100,"","RT-18","2026-02-05 RT-18","O-7","SB","CY",""
"1195","2026","Feb",2026-02-04,"Chinook Salmon","late-fall",NA,"HS","AC, JI","19",NA,NA,"D1F2",2026-01-29,NA,NA,NA,NA,NA,NA,"Deactivated tag on 2/4",NA,NA,NA,"SB","CY",""
"1196","2026","Feb",2026-02-04,"Chinook Salmon","late-fall",NA,"HS","AC, JI","20",NA,NA,"D63E",2026-01-29,NA,NA,NA,NA,NA,NA,"Deactivated tag on 2/4",NA,NA,NA,"SB","CY",""
"1197","2026","Feb",2026-02-04,"Chinook Salmon","late-fall","O-6","HS","AC, JI","21",45.2,152,"D93E",2026-01-29,"3:12",192,"1:31",91,"2:13",133,"","RT-19","2026-02-05 RT-19","O-8","SB","CY",""
"1198","2026","Feb",2026-02-04,"Chinook Salmon","late-fall","O-6","HS","AC, JI","22",60.3,167,"D89C",2026-01-29,"2:46",166,"1:22",82,"1:52",112,"","RT-19","2026-02-05 RT-19","O-8","SB","CY",""
"1199","2026","Feb",2026-02-04,"Chinook Salmon","late-fall","O-6","HS","AC, JI","23",21.5,119,"D37C",2026-01-29,"3:23",203,"1:13",73,"3:13",193,"","RT-19","2026-02-05 RT-19","O-8","SB","CY",""
"1200","2026","Feb",2026-02-04,"Chinook Salmon","late-fall","O-6","HS","AC, JI","24",34.2,138,"D024",2026-01-29,"3:19",199,"1:17",77,"3:30",210,"","RT-19","2026-02-05 RT-19","O-8","SB","CY",""
"1201","2026","Feb",2026-02-04,"Chinook Salmon","late-fall","O-6","HS","AC, JI","25",58,163,"CFAC",2026-01-29,"3:38",218,"1:03",63,"3:18",198,"","RT-19","2026-02-05 RT-19","O-8","SB","CY",""
"1202","2026","Feb",2026-02-04,"Chinook Salmon","late-fall","O-6","HS","AC, JI","26",29,132,"D3DC",2026-01-29,"3:18",198,"1:27",87,"2:18",138,"","RT-19","2026-02-05 RT-19","O-8","SB","CY",""
"1203","2026","Feb",2026-02-04,"Chinook Salmon","late-fall","O-6","HS","AC, JI","27",47.7,151,"D61E",2026-01-29,"3:00",180,"1:36",96,"4:37",277,"","RT-19","2026-02-05 RT-19","O-8","SB","CY",""
"1204","2026","Feb",2026-02-04,"Chinook Salmon","late-fall","O-6","HS","AC, JI","28",26.4,128,"D890",2026-01-29,"3:21",201,"1:17",77,"4:00",240,"","RT-19","2026-02-05 RT-19","O-8","SB","CY",""
"1205","2026","Feb",2026-02-04,"Chinook Salmon","late-fall","O-6","HS","AC, JI","29",NA,NA,"DB9E",2026-01-29,NA,NA,NA,NA,NA,NA,"Deactivated tag on 2/4",NA,NA,NA,"SB","CY",""
"1206","2026","Feb",2026-02-04,"Chinook Salmon","late-fall","O-6","HS","AC, JI","30",NA,NA,"D1FA",2026-01-29,NA,NA,NA,NA,NA,NA,"Deactivated tag on 2/4",NA,NA,NA,"SB","CY",""
"1207","2026","Feb",2026-02-04,"Chinook Salmon","late-fall","O-6","HS","AC, JI","31",35.6,136,"D67E",2026-01-29,"3:12",192,"1:47",107,"3:40",220,"","RT-20","2026-02-05 RT-20","O-8","SB","CY",""
"1208","2026","Feb",2026-02-04,"Chinook Salmon","late-fall","O-6","HS","AC, JI","32",12.5,110,"D220",2026-01-29,"3:20",200,"1:15",75,"4:59",299,"","RT-20","2026-02-05 RT-20","O-8","SB","CY",""
"1209","2026","Feb",2026-02-04,"Chinook Salmon","late-fall","O-6","HS","AC, JI","33",59.8,178,"CF92",2026-01-29,"4:07",247,"1:35",95,"1:41",101,"","RT-20","2026-02-05 RT-20","O-8","SB","CY",""
"1210","2026","Feb",2026-02-04,"Chinook Salmon","late-fall","O-6","HS","AC, JI","34",23.9,125,"DA20",2026-01-29,"2:44",164,"1:33",93,"1:43",103,"","RT-20","2026-02-05 RT-20","O-8","SB","CY",""
"1211","2026","Feb",2026-02-04,"Chinook Salmon","late-fall","O-6","HS","AC, JI","35",37.9,148,"D37E",2026-01-29,"2:49",169,"1:27",87,"4:30",270,"","RT-20","2026-02-05 RT-20","O-8","SB","CY",""
"1212","2026","Feb",2026-02-04,"Chinook Salmon","late-fall","O-6","HS","AC, JI","36",21.5,125,"D304",2026-01-29,"2:59",179,"1:39",99,"1:56",116,"","RT-20","2026-02-05 RT-20","O-8","SB","CY",""
"1213","2026","Feb",2026-02-04,"Chinook Salmon","late-fall","O-6","HS","AC, JI","37",54.1,165,"D120",2026-01-29,"3:05",185,"1:08",68,"4:11",251,"","RT-20","2026-02-05 RT-20","O-8","SB","CY",""
"1214","2026","Feb",2026-02-04,"Chinook Salmon","late-fall","O-6","HS","AC, JI","38",23.3,126,"D338",2026-01-29,"3:30",210,"1:22",82,"5:27",327,"","RT-20","2026-02-05 RT-20","O-8","SB","CY",""
"1215","2026","Feb",2026-02-04,"Chinook Salmon","late-fall","O-6","HS","AC, JI","39",NA,NA,"DAC0",2026-01-29,NA,NA,NA,NA,NA,NA,"Deactivated tag on 2/4",NA,NA,NA,"SB","CY",""
"1216","2026","Feb",2026-02-04,"Chinook Salmon","late-fall","O-6","HS","AC, JI","40",NA,NA,"DBA0",2026-01-29,NA,NA,NA,NA,NA,NA,"Deactivated tag on 2/4",NA,NA,NA,"SB","CY",""
"1217","2026","Feb",2026-02-04,"Chinook Salmon","late-fall","O-6","AC","HS, JI","41",36.7,143,"DC12",2026-01-29,"3:05",185,"1:32",92,"2:08",128,"jumped, crooked incision","RT-21","2026-02-05 RT-21","O-8","SB","CY",""
"1218","2026","Feb",2026-02-04,"Chinook Salmon","late-fall","O-6","AC","HS, JI","42",15.3,109,"DB18",2026-01-29,"3:06",186,"1:20",80,"3:12",192,"","RT-21","2026-02-05 RT-21","O-8","SB","CY",""
"1219","2026","Feb",2026-02-04,"Chinook Salmon","late-fall","O-6","AC","HS, JI","43",29.8,135,"CFB4",2026-01-29,"3:04",184,"1:12",72,"2:53",173,"","RT-21","2026-02-05 RT-21","O-8","SB","CY",""
"1220","2026","Feb",2026-02-04,"Chinook Salmon","late-fall","O-6","AC","HS, JI","44",44,150,"D382",2026-01-29,"2:59",179,"1:23",83,"4:30",270,"","RT-21","2026-02-05 RT-21","O-8","SB","CY",""
"1221","2026","Feb",2026-02-04,"Chinook Salmon","late-fall","O-6","AC","HS, JI","45",28.4,136,"D63C",2026-01-29,"3:44",224,"1:59",119,"2:51",171,"","RT-21","2026-02-05 RT-21","O-8","SB","CY",""
"1222","2026","Feb",2026-02-04,"Chinook Salmon","late-fall","O-6","AC","HS, JI","46",54.5,159,"D034",2026-01-29,"3:09",189,"1:10",70,"3:25",205,"","RT-21","2026-02-05 RT-21","O-8","SB","CY",""
"1223","2026","Feb",2026-02-04,"Chinook Salmon","late-fall","O-6","AC","HS, JI","47",56.8,164,"D86C",2026-01-29,"3:06",186,"1:13",73,"3:20",200,"","RT-21","2026-02-05 RT-21","O-8","SB","CY",""
"1224","2026","Feb",2026-02-04,"Chinook Salmon","late-fall","O-6","AC","HS, JI","48",45.7,150,"DB84",2026-01-29,"2:30",150,"1:07",67,"2:01",121,"","RT-21","2026-02-05 RT-21","O-8","SB","CY",""
"1225","2026","Feb",2026-02-04,"Chinook Salmon","late-fall","O-6","AC","HS, JI","49",NA,NA,"DA7C",2026-01-29,NA,NA,NA,NA,NA,NA,"Deactivated tag on 2/4",NA,NA,NA,"SB","CY",""
"1226","2026","Feb",2026-02-04,"Chinook Salmon","late-fall","O-6","AC","HS, JI","50",NA,NA,"D970",2026-01-29,NA,NA,NA,NA,NA,NA,"Deactivated tag on 2/4",NA,NA,NA,"SB","CY",""
"1227","2026","Feb",2026-02-04,"Chinook Salmon","late-fall","O-6","AC","HS, JI","51",46.7,154,"CF6E",2026-01-29,"2:26",146,"1:05",65,"1:30",90,"","RT-22","2026-02-05 RT-22","O-8","SB","CY",""
"1228","2026","Feb",2026-02-04,"Chinook Salmon","late-fall","O-6","AC","HS, JI","52",42.1,147,"DFB2",2026-01-29,"3:20",200,"1:21",81,"3:46",226,"","RT-22","2026-02-05 RT-22","O-8","SB","CY",""
"1229","2026","Feb",2026-02-04,"Chinook Salmon","late-fall","O-6","AC","HS, JI","53",33.3,138,"D2FC",2026-01-29,"2:58",178,"1:25",85,"4:04",244,"","RT-22","2026-02-05 RT-22","O-8","SB","CY",""
"1230","2026","Feb",2026-02-04,"Chinook Salmon","late-fall","O-6","AC","HS, JI","54",14.7,110,"DBB0",2026-01-29,"3:29",209,"1:27",87,"3:05",185,"","RT-22","2026-02-05 RT-22","O-8","SB","CY",""
"1231","2026","Feb",2026-02-04,"Chinook Salmon","late-fall","O-6","AC","HS, JI","55",24.6,125,"D360",2026-01-29,"2:57",177,"1:25",85,"3:56",236,"","RT-22","2026-02-05 RT-22","O-8","SB","CY",""
"1232","2026","Feb",2026-02-04,"Chinook Salmon","late-fall","O-6","AC","HS, JI","56",22.3,123,"D910",2026-01-29,"2:20",140,"1:28",88,"4:54",294,"","RT-22","2026-02-05 RT-22","O-8","SB","CY",""
"1233","2026","Feb",2026-02-04,"Chinook Salmon","late-fall","O-6","AC","HS, JI","57",20.2,119,"DA08",2026-01-29,"2:51",171,"1:04",64,"3:11",191,"","RT-22","2026-02-05 RT-22","O-8","SB","CY",""
"1234","2026","Feb",2026-02-04,"Chinook Salmon","late-fall","O-6","AC","HS, JI","58",23.2,122,"D8C8",2026-01-29,"3:15",195,"1:09",69,"3:02",182,"","RT-22","2026-02-05 RT-22","O-8","SB","CY",""
"1235","2026","Feb",2026-02-04,"Chinook Salmon","late-fall","O-6","AC","HS, JI","59",NA,NA,"DC0A",2026-01-29,NA,NA,NA,NA,NA,NA,"Deactivated tag on 2/4",NA,NA,NA,"SB","CY",""
"1236","2026","Feb",2026-02-04,"Chinook Salmon","late-fall","O-6","AC","HS, JI","60",NA,NA,"D05E",2026-01-29,NA,NA,NA,NA,NA,NA,"Deactivated tag on 2/4",NA,NA,NA,"SB","CY",""
"1237","2026","Feb",2026-02-04,"Chinook Salmon","late-fall","O-6","AC","HS, JI","61",33.6,144,"D072",2026-01-29,"2:49",169,"1:17",77,"2:57",177,"","RT-23","2026-02-05 RT-23","O-8","SB","CY",""
"1238","2026","Feb",2026-02-04,"Chinook Salmon","late-fall","O-6","AC","HS, JI","62",42,146,"D630",2026-01-29,"2:43",163,"1:17",77,"2:36",156,"","RT-23","2026-02-05 RT-23","O-8","SB","CY",""
"1239","2026","Feb",2026-02-04,"Chinook Salmon","late-fall","O-6","AC","HS, JI","63",19.2,113,"D0F6",2026-01-29,"3:12",192,"1:19",79,"4:45",285,"","RT-23","2026-02-05 RT-23","O-8","SB","CY",""
"1240","2026","Feb",2026-02-04,"Chinook Salmon","late-fall","O-6","AC","HS, JI","64",31.6,139,"DB08",2026-01-29,"3:17",197,"1:17",77,"1:42",102,"","RT-23","2026-02-05 RT-23","O-8","SB","CY",""
"1241","2026","Feb",2026-02-04,"Chinook Salmon","late-fall","O-6","AC","HS, JI","65",15.9,110,"CFD2",2026-01-29,"2:14",134,"1:15",75,"4:28",268,"","RT-23","2026-02-05 RT-23","O-8","SB","CY",""
"1242","2026","Feb",2026-02-04,"Chinook Salmon","late-fall","O-6","AC","HS, JI","66",25.7,125,"DBDC",2026-01-29,"2:43",163,"1:21",81,"2:37",157,"","RT-23","2026-02-05 RT-23","O-8","SB","CY",""
"1243","2026","Feb",2026-02-04,"Chinook Salmon","late-fall","O-6","AC","HS, JI","67",28.8,133,"D8E8",2026-01-29,"3:37",217,"1:20",80,"3:14",194,"","RT-23","2026-02-05 RT-23","O-8","SB","CY",""
"1244","2026","Feb",2026-02-04,"Chinook Salmon","late-fall","O-6","AC","HS, JI","68",13.5,107,"DB86",2026-01-29,"3:36",216,"1:08",68,"3:11",191,"","RT-23","2026-02-05 RT-23","O-8","SB","CY",""
"1245","2026","Feb",2026-02-04,"Chinook Salmon","late-fall","O-6","AC","HS, JI","69",NA,NA,"D202",2026-01-29,NA,NA,NA,NA,NA,NA,"Deactivated tag on 2/4",NA,NA,NA,"SB","CY",""
"1246","2026","Feb",2026-02-04,"Chinook Salmon","late-fall","O-6","AC","HS, JI","70",NA,NA,"D7CE",2026-01-29,NA,NA,NA,NA,NA,NA,"Deactivated tag on 2/4",NA,NA,NA,"SB","CY",""
"1247","2026","Feb",2026-02-04,"Chinook Salmon","late-fall","O-6","AC","HS, JI","71",28.6,135,"D1C8",2026-01-29,"2:36",156,"1:14",74,"4:02",242,"","RT-24","2026-02-05 RT-24","O-8","SB","CY",""
"1248","2026","Feb",2026-02-04,"Chinook Salmon","late-fall","O-6","AC","HS, JI","72",35.1,144,"D1BE",2026-01-29,"3:16",196,"1:23",83,"2:12",132,"","RT-24","2026-02-05 RT-24","O-8","SB","CY",""
"1249","2026","Feb",2026-02-04,"Chinook Salmon","late-fall","O-6","AC","HS, JI","73",20,120,"D0E2",2026-01-29,"2:05",125,"1:17",77,"4:32",272,"","RT-24","2026-02-05 RT-24","O-8","SB","CY",""
"1250","2026","Feb",2026-02-04,"Chinook Salmon","late-fall","O-6","AC","HS, JI","74",15.5,108,"D67C",2026-01-29,"2:29",149,"1:16",76,"4:28",268,"","RT-24","2026-02-05 RT-24","O-8","SB","CY",""
"1251","2026","Feb",2026-02-04,"Chinook Salmon","late-fall","O-6","AC","HS, JI","75",27.1,130,"D846",2026-01-29,"2:35",155,"1:18",78,"4:02",242,"","RT-24","2026-02-05 RT-24","O-8","SB","CY",""
"1252","2026","Feb",2026-02-04,"Chinook Salmon","late-fall","O-6","AC","HS, JI","76",17.2,110,"D022",2026-01-29,"3:38",218,"1:07",67,"3:05",185,"","RT-24","2026-02-05 RT-24","O-8","SB","CY",""
"1253","2026","Feb",2026-02-04,"Chinook Salmon","late-fall","O-6","AC","HS, JI","77",47.5,147,"DB8C",2026-01-29,"3:14",194,"1:11",71,"2:55",175,"Deep split in caudal fin","RT-24","2026-02-05 RT-24","O-8","SB","CY",""
"1254","2026","Feb",2026-02-04,"Chinook Salmon","late-fall","O-6","AC","HS, JI","78",31.7,138,"D7E8",2026-01-29,"3:17",197,"1:19",79,"3:22",202,"","RT-24","2026-02-05 RT-24","O-8","SB","CY",""
"1255","2026","Feb",2026-02-04,"Chinook Salmon","late-fall","O-6","AC","HS, JI","79",NA,NA,"D340",2026-01-29,NA,NA,NA,NA,NA,NA,"Deactivated tag on 2/4",NA,NA,NA,"SB","CY",""
"1256","2026","Feb",2026-02-04,"Chinook Salmon","late-fall","O-6","AC","HS, JI","80",NA,NA,"D3D0",2026-01-29,NA,NA,NA,NA,NA,NA,"Deactivated tag on 2/4",NA,NA,NA,"SB","CY",""
"1257","2026","Feb",2026-02-04,"Chinook Salmon","late-fall","O-6","HS","AC, JI","D1",49.5,161,"250C",2026-01-29,"3:11",191,"1:50",110,"3:33",213,"",NA,NA,"I-2","SB","CY",""
"1258","2026","Feb",2026-02-04,"Chinook Salmon","late-fall","O-6","HS","AC, JI","D2",30.6,136,"95B2",2026-01-29,"2:42",162,"1:24",84,"2:37",157,"",NA,NA,"I-2","SB","CY",""
"1259","2026","Feb",2026-02-04,"Chinook Salmon","late-fall","O-6","AC","HS, JI","D3",47.5,156,"2864",2026-01-29,"3:47",227,"1:16",76,"2:35",155,"",NA,NA,NA,"SB","CY",""
"1260","2026","Feb",2026-02-04,"Chinook Salmon","late-fall","O-6","AC","HS, JI","D4",20.1,119,"A17D",2026-01-29,"3:46",226,"1:05",65,"4:28",268,"",NA,NA,NA,"SB","CY",""
"1261","2026","Feb",2026-02-09,"Chinook Salmon","late-fall","O-4","HS","AC, AK","1",75,172,"DB90",2026-02-05,"2:58",178,"1:18",78,"2:55",175,"for all of 2/9/2026, reduced number of fish tagged to 9 per tote due to fish size/density","RT-1","2026-02-10 RT-1","O-7","HS","SB",""
"1262","2026","Feb",2026-02-09,"Chinook Salmon","late-fall","O-4","HS","AC, AK","2",38.7,137,"D876",2026-02-05,"2:46",166,"1:20",80,"4:01",241,"","RT-1","2026-02-10 RT-1","O-7","HS","SB",""
"1263","2026","Feb",2026-02-09,"Chinook Salmon","late-fall","O-4","HS","AC, AK","3",18.8,115,"D8D0",2026-02-05,"3:05",185,"1:39",99,"3:49",229,"","RT-1","2026-02-10 RT-1","O-7","HS","SB",""
"1264","2026","Feb",2026-02-09,"Chinook Salmon","late-fall","O-4","HS","AC, AK","4",12.7,106,"D08E",2026-02-05,"3:18",198,"1:53",113,"1:35",95,"","RT-1","2026-02-10 RT-1","O-7","HS","SB",""
"1265","2026","Feb",2026-02-09,"Chinook Salmon","late-fall","O-4","HS","AC, AK","5",33.9,146,"CFB6",2026-02-05,"3:27",207,"1:21",81,"3:19",199,"","RT-1","2026-02-10 RT-1","O-7","HS","SB",""
"1266","2026","Feb",2026-02-09,"Chinook Salmon","late-fall","O-4","HS","AC, AK","6",32.8,155,"DBEC",2026-02-05,"3:09",189,"1:25",85,"3:19",199,"","RT-1","2026-02-10 RT-1","O-7","HS","SB",""
"1267","2026","Feb",2026-02-09,"Chinook Salmon","late-fall","O-4","HS","AC, AK","7",83.3,184,"D104",2026-02-05,"3:08",188,"2:12",132,"3:42",222,"","RT-1","2026-02-10 RT-1","O-7","HS","SB",""
"1268","2026","Feb",2026-02-09,"Chinook Salmon","late-fall","O-4","HS","AC, AK","8",66,171,"D660",2026-02-05,"3:39",219,"1:27",87,"3:50",230,"","RT-1","2026-02-10 RT-1","O-7","HS","SB",""
"1269","2026","Feb",2026-02-09,"Chinook Salmon","late-fall","O-4","HS","AC, AK","9",36.5,144,"D21C",2026-02-05,"2:53",173,"1:29",89,"2:10",130,"","RT-1","2026-02-10 RT-1","O-7","HS","SB",""
"1270","2026","Feb",2026-02-09,"Chinook Salmon","late-fall",NA,"HS","AC, AK","10",NA,NA,"D8EE",2026-02-05,NA,NA,NA,NA,NA,NA,"Deactivated tag on 2/9",NA,NA,NA,"HS","SB",""
"1271","2026","Feb",2026-02-09,"Chinook Salmon","late-fall","O-4","HS","AC, AK","11",35.1,147,"D9F4",2026-02-05,"3:02",182,"1:27",87,"2:23",143,"","RT-2","2026-02-10 RT-2","O-7","HS","SB",""
"1272","2026","Feb",2026-02-09,"Chinook Salmon","late-fall","O-4","HS","AC, AK","12",81.8,184,"D7F2",2026-02-05,"3:03",183,"1:24",84,"3:14",194,"","RT-2","2026-02-10 RT-2","O-7","HS","SB",""
"1273","2026","Feb",2026-02-09,"Chinook Salmon","late-fall","O-4","HS","AC, AK","13",76.2,181,"DA18",2026-02-05,"2:47",167,"1:15",75,"2:36",156,"","RT-2","2026-02-10 RT-2","O-7","HS","SB",""
"1274","2026","Feb",2026-02-09,"Chinook Salmon","late-fall","O-4","HS","AC, AK","14",18,114,"D610",2026-02-05,"2:24",144,"1:35",95,"1:17",77,"","RT-2","2026-02-10 RT-2","O-7","HS","SB",""
"1275","2026","Feb",2026-02-09,"Chinook Salmon","late-fall","O-4","HS","AC, AK","15",56.4,166,"DA10",2026-02-05,"2:49",169,"1:17",77,"2:33",153,"","RT-2","2026-02-10 RT-2","O-7","HS","SB",""
"1276","2026","Feb",2026-02-09,"Chinook Salmon","late-fall","O-4","HS","AC, AK","16",45.5,153,"DA78",2026-02-05,"2:32",152,"1:28",88,"2:14",134,"","RT-2","2026-02-10 RT-2","O-7","HS","SB",""
"1277","2026","Feb",2026-02-09,"Chinook Salmon","late-fall","O-4","HS","AC, AK","17",102.3,197,"D18E",2026-02-05,"3:53",233,"1:26",86,"4:19",259,"","RT-2","2026-02-10 RT-2","O-7","HS","SB",""
"1278","2026","Feb",2026-02-09,"Chinook Salmon","late-fall","O-4","HS","AC, AK","18",42.1,151,"D906",2026-02-05,"3:04",184,"1:25",85,"2:02",122,"","RT-2","2026-02-10 RT-2","O-7","HS","SB",""
"1279","2026","Feb",2026-02-09,"Chinook Salmon","late-fall","O-4","HS","AC, AK","19",59.1,166,"D842",2026-02-05,"2:15",135,"2:53",173,"2:35",155,"2 sutures","RT-2","2026-02-10 RT-2","O-7","HS","SB",""
"1280","2026","Feb",2026-02-09,"Chinook Salmon","late-fall",NA,"HS","AC, AK","20",NA,NA,"D8C4",2026-02-05,NA,NA,NA,NA,NA,NA,"Deactivated tag on 2/9",NA,NA,NA,"HS","SB",""
"1281","2026","Feb",2026-02-09,"Chinook Salmon","late-fall","O-4","HS","AC, AK","21",70.7,175,"D828",2026-02-05,"3:22",202,"1:07",67,"1:45",105,"","RT-3","2026-02-10 RT-3","O-7","HS","SB",""
"1282","2026","Feb",2026-02-09,"Chinook Salmon","late-fall","O-4","HS","AC, AK","22",69.3,174,"D042",2026-02-05,"2:58",178,"1:06",66,"2:52",172,"","RT-3","2026-02-10 RT-3","O-7","HS","SB",""
"1283","2026","Feb",2026-02-09,"Chinook Salmon","late-fall","O-4","HS","AC, AK","23",59.7,164,"D918",2026-02-05,"3:17",197,"1:17",77,"3:19",199,"deep split in caudal fin","RT-3","2026-02-10 RT-3","O-7","HS","SB",""
"1284","2026","Feb",2026-02-09,"Chinook Salmon","late-fall","O-4","HS","AC, AK","24",69.2,177,"D1F4",2026-02-05,"2:38",158,"1:14",74,"3:57",237,"","RT-3","2026-02-10 RT-3","O-7","HS","SB",""
"1285","2026","Feb",2026-02-09,"Chinook Salmon","late-fall","O-4","HS","AC, AK","25",52,162,"D858",2026-02-05,"3:02",182,"1:44",104,"2:40",160,"","RT-3","2026-02-10 RT-3","O-7","HS","SB",""
"1286","2026","Feb",2026-02-09,"Chinook Salmon","late-fall","O-4","HS","AC, AK","26",29,135,"D886",2026-02-05,"3:58",238,"1:45",105,"2:43",163,"","RT-3","2026-02-10 RT-3","O-7","HS","SB",""
"1287","2026","Feb",2026-02-09,"Chinook Salmon","late-fall","O-4","HS","AC, AK","27",72.1,175,"DA7E",2026-02-05,"3:07",187,"1:16",76,"3:11",191,"","RT-3","2026-02-10 RT-3","O-7","HS","SB",""
"1288","2026","Feb",2026-02-09,"Chinook Salmon","late-fall","O-4","HS","AC, AK","28",59.2,172,"D940",2026-02-05,"3:09",189,"1:34",94,"3:27",207,"split dorsal fin","RT-3","2026-02-10 RT-3","O-7","HS","SB",""
"1289","2026","Feb",2026-02-09,"Chinook Salmon","late-fall","O-4","HS","AC, AK","29",80.1,182,"D938",2026-02-05,"2:35",155,"2:02",122,"1:26",86,"jumped, 2 sutures","RT-3","2026-02-10 RT-3","O-7","HS","SB",""
"1290","2026","Feb",2026-02-09,"Chinook Salmon","late-fall",NA,"HS","AC, AK","30",NA,NA,"D1A0",2026-02-05,NA,NA,NA,NA,NA,NA,"Deactivated tag on 2/9",NA,NA,NA,"HS","SB",""
"1291","2026","Feb",2026-02-09,"Chinook Salmon","late-fall","O-4","HS","AC, AK","31",33.1,140,"D3BE",2026-02-05,"4:02",242,"1:15",75,"1:59",119,"","RT-4","2026-02-10 RT-4","O-7","HS","SB",""
"1292","2026","Feb",2026-02-09,"Chinook Salmon","late-fall","O-4","HS","AC, AK","32",74,179,"CF76",2026-02-05,"2:49",169,"1:11",71,"2:07",127,"","RT-4","2026-02-10 RT-4","O-7","HS","SB",""
"1293","2026","Feb",2026-02-09,"Chinook Salmon","late-fall","O-4","HS","AC, AK","33",70.8,177,"D862",2026-02-05,"2:46",166,"1:39",99,"3:30",210,"jumpy","RT-4","2026-02-10 RT-4","O-7","HS","SB",""
"1294","2026","Feb",2026-02-09,"Chinook Salmon","late-fall","O-4","HS","AC, AK","34",55.7,166,"D6FE",2026-02-05,"3:14",194,"1:27",87,"1:32",92,"","RT-4","2026-02-10 RT-4","O-7","HS","SB",""
"1295","2026","Feb",2026-02-09,"Chinook Salmon","late-fall","O-4","HS","AC, AK","35",28.6,134,"D390",2026-02-05,"2:58",178,"1:15",75,"3:50",230,"","RT-4","2026-02-10 RT-4","O-7","HS","SB",""
"1296","2026","Feb",2026-02-09,"Chinook Salmon","late-fall","O-4","HS","AC, AK","36",74.5,180,"D160",2026-02-05,"2:36",156,"2:48",168,"1:02",62,"2 sutures","RT-4","2026-02-10 RT-4","O-7","HS","SB",""
"1297","2026","Feb",2026-02-09,"Chinook Salmon","late-fall","O-4","HS","AC, AK","37",48.5,157,"D048",2026-02-05,"3:50",230,"1:25",85,"1:56",116,"","RT-4","2026-02-10 RT-4","O-7","HS","SB",""
"1298","2026","Feb",2026-02-09,"Chinook Salmon","late-fall","O-4","HS","AC, AK","38",48.7,154,"DB40",2026-02-05,"2:41",161,"1:23",83,"2:54",174,"","RT-4","2026-02-10 RT-4","O-7","HS","SB",""
"1299","2026","Feb",2026-02-09,"Chinook Salmon","late-fall","O-4","HS","AC, AK","39",75.8,172,"D384",2026-02-05,"3:30",210,"1:35",95,"1:43",103,"","RT-4","2026-02-10 RT-4","O-7","HS","SB",""
"1300","2026","Feb",2026-02-09,"Chinook Salmon","late-fall",NA,"HS","AC, AK","40",NA,NA,"D882",2026-02-05,NA,NA,NA,NA,NA,NA,"Deactivated tag on 2/9",NA,NA,NA,"HS","SB",""
"1301","2026","Feb",2026-02-09,"Chinook Salmon","late-fall","O-4","AC","HS, JI","41",42.7,150,"D09C",2026-02-05,"3:33",213,"1:40",100,"2:11",131,"","RT-5","2026-02-10 RT-5","O-8","HS","SB",""
"1302","2026","Feb",2026-02-09,"Chinook Salmon","late-fall","O-4","AC","HS, JI","42",58.4,165,"D39E",2026-02-05,"2:57",177,"1:18",78,"3:39",219,"","RT-5","2026-02-10 RT-5","O-8","HS","SB",""
"1303","2026","Feb",2026-02-09,"Chinook Salmon","late-fall","O-4","AC","HS, JI","43",47.4,154,"D8B8",2026-02-05,"3:11",191,"1:18",78,"1:27",87,"","RT-5","2026-02-10 RT-5","O-8","HS","SB",""
"1304","2026","Feb",2026-02-09,"Chinook Salmon","late-fall","O-4","AC","HS, JI","44",57.4,166,"D0FA",2026-02-05,"3:42",222,"1:20",80,"1:03",63,"","RT-5","2026-02-10 RT-5","O-8","HS","SB",""
"1305","2026","Feb",2026-02-09,"Chinook Salmon","late-fall","O-4","AC","HS, JI","45",65.2,175,"D330",2026-02-05,"2:45",165,"1:21",81,"2:48",168,"","RT-5","2026-02-10 RT-5","O-8","HS","SB",""
"1306","2026","Feb",2026-02-09,"Chinook Salmon","late-fall","O-4","AC","HS, JI","46",54.2,159,"D218",2026-02-05,"3:18",198,"1:19",79,"2:28",148,"","RT-5","2026-02-10 RT-5","O-8","HS","SB",""
"1307","2026","Feb",2026-02-09,"Chinook Salmon","late-fall","O-4","AC","HS, JI","47",78.2,180,"DC28",2026-02-05,"3:18",198,"1:20",80,"2:27",147,"","RT-5","2026-02-10 RT-5","O-8","HS","SB",""
"1308","2026","Feb",2026-02-09,"Chinook Salmon","late-fall","O-4","AC","HS, JI","48",26.1,130,"D184",2026-02-05,"3:02",182,"1:21",81,"3:16",196,"","RT-5","2026-02-10 RT-5","O-8","HS","SB",""
"1309","2026","Feb",2026-02-09,"Chinook Salmon","late-fall","O-4","AC","HS, JI","49",28,130,"D8C6",2026-02-05,"3:20",200,"2:03",123,"3:17",197,"","RT-5","2026-02-10 RT-5","O-8","HS","SB",""
"1310","2026","Feb",2026-02-09,"Chinook Salmon","late-fall",NA,"AC","HS, JI","50",NA,NA,"DAFC",2026-02-05,NA,NA,NA,NA,NA,NA,"Deactivated tag on 2/9",NA,NA,NA,"HS","SB",""
"1311","2026","Feb",2026-02-09,"Chinook Salmon","late-fall","O-4","AC","HS, JI","51",45.5,156,"D3DE",2026-02-05,"3:40",220,"1:19",79,"3:20",200,"","RT-6","2026-02-10 RT-6","O-8","HS","SB",""
"1312","2026","Feb",2026-02-09,"Chinook Salmon","late-fall","O-4","AC","HS, JI","52",45.1,153,"D0E4",2026-02-05,"4:22",262,"1:34",94,"1:10",70,"","RT-6","2026-02-10 RT-6","O-8","HS","SB",""
"1313","2026","Feb",2026-02-09,"Chinook Salmon","late-fall","O-4","AC","HS, JI","53",43.9,151,"D8CE",2026-02-05,"3:05",185,"2:14",134,"2:45",165,"jumped, 2 sutures","RT-6","2026-02-10 RT-6","O-8","HS","SB",""
"1314","2026","Feb",2026-02-09,"Chinook Salmon","late-fall","O-4","AC","HS, JI","54",75.8,178,"D88E",2026-02-05,"3:23",203,"1:32",92,"2:29",149,"","RT-6","2026-02-10 RT-6","O-8","HS","SB",""
"1315","2026","Feb",2026-02-09,"Chinook Salmon","late-fall","O-4","AC","HS, JI","55",27.7,134,"D848",2026-02-05,"3:13",193,"1:25",85,"2:56",176,"","RT-6","2026-02-10 RT-6","O-8","HS","SB",""
"1316","2026","Feb",2026-02-09,"Chinook Salmon","late-fall","O-4","AC","HS, JI","56",23,122,"DBF2",2026-02-05,"3:16",196,"1:30",90,"2:34",154,"","RT-6","2026-02-10 RT-6","O-8","HS","SB",""
"1317","2026","Feb",2026-02-09,"Chinook Salmon","late-fall","O-4","AC","HS, JI","57",86.5,184,"D6E0",2026-02-05,"3:15",195,"1:29",89,"1:06",66,"","RT-6","2026-02-10 RT-6","O-8","HS","SB",""
"1318","2026","Feb",2026-02-09,"Chinook Salmon","late-fall","O-4","AC","HS, JI","58",62.1,167,"D19E",2026-02-05,"3:26",206,"1:24",84,"3:30",210,"","RT-6","2026-02-10 RT-6","O-8","HS","SB",""
"1319","2026","Feb",2026-02-09,"Chinook Salmon","late-fall","O-4","AC","HS, JI","59",58.3,164,"D904",2026-02-05,"3:04",184,"1:19",79,"2:33",153,"","RT-6","2026-02-10 RT-6","O-8","HS","SB",""
"1320","2026","Feb",2026-02-09,"Chinook Salmon","late-fall",NA,"AC","HS, JI","60",NA,NA,"D8F2",2026-02-05,NA,NA,NA,NA,NA,NA,"Deactivated tag on 2/9",NA,NA,NA,"HS","SB",""
"1321","2026","Feb",2026-02-09,"Chinook Salmon","late-fall","O-4","AC","HS, JI","61",71.4,177,"D9FA",2026-02-05,"4:09",249,"1:32",92,"3:01",181,"jumpy, crooked incision","RT-7","2026-02-10 RT-7","O-8","HS","SB",""
"1322","2026","Feb",2026-02-09,"Chinook Salmon","late-fall","O-4","AC","HS, JI","62",55.7,165,"DBBC",2026-02-05,"2:59",179,"1:19",79,"2:30",150,"","RT-7","2026-02-10 RT-7","O-8","HS","SB",""
"1323","2026","Feb",2026-02-09,"Chinook Salmon","late-fall","O-4","AC","HS, JI","63",82.4,184,"D046",2026-02-05,"2:51",171,"1:11",71,"2:53",173,"","RT-7","2026-02-10 RT-7","O-8","HS","SB",""
"1324","2026","Feb",2026-02-09,"Chinook Salmon","late-fall","O-4","AC","HS, JI","64",72.4,176,"D71E",2026-02-05,"2:44",164,"1:31",91,"2:54",174,"","RT-7","2026-02-10 RT-7","O-8","HS","SB",""
"1325","2026","Feb",2026-02-09,"Chinook Salmon","late-fall","O-4","AC","HS, JI","65",52.6,159,"D04E",2026-02-05,"2:47",167,"1:18",78,"4:32",272,"","RT-7","2026-02-10 RT-7","O-8","HS","SB",""
"1326","2026","Feb",2026-02-09,"Chinook Salmon","late-fall","O-4","AC","HS, JI","66",8.8,91,"D704",2026-02-05,"3:25",205,"1:38",98,"3:04",184,"","RT-7","2026-02-10 RT-7","O-8","HS","SB",""
"1327","2026","Feb",2026-02-09,"Chinook Salmon","late-fall","O-4","AC","HS, JI","67",52.6,163,"D204",2026-02-05,"3:12",192,"1:30",90,"3:27",207,"","RT-7","2026-02-10 RT-7","O-8","HS","SB",""
"1328","2026","Feb",2026-02-09,"Chinook Salmon","late-fall","O-4","AC","HS, JI","68",93.1,192,"D1E2",2026-02-05,"2:59",179,"1:31",91,"4:14",254,"","RT-7","2026-02-10 RT-7","O-8","HS","SB",""
"1329","2026","Feb",2026-02-09,"Chinook Salmon","late-fall","O-4","AC","HS, JI","69",72.6,182,"D33E",2026-02-05,"3:43",223,"1:37",97,"2:30",150,"","RT-7","2026-02-10 RT-7","O-8","HS","SB",""
"1330","2026","Feb",2026-02-09,"Chinook Salmon","late-fall",NA,"AC","HS, JI","70",NA,NA,"D10C",2026-02-05,NA,NA,NA,NA,NA,NA,"Deactivated tag on 2/9",NA,NA,NA,"HS","SB",""
"1331","2026","Feb",2026-02-09,"Chinook Salmon","late-fall","O-4","AC","HS, JI","71",67.2,173,"D8E2",2026-02-05,"3:13",193,"1:22",82,"2:32",152,"","RT-8","2026-02-10 RT-8","O-8","HS","SB",""
"1332","2026","Feb",2026-02-09,"Chinook Salmon","late-fall","O-4","AC","HS, JI","72",33.5,140,"D2FE",2026-02-05,"2:58",178,"1:23",83,"2:58",178,"jumpy","RT-8","2026-02-10 RT-8","O-8","HS","SB",""
"1333","2026","Feb",2026-02-09,"Chinook Salmon","late-fall","O-4","AC","HS, JI","73",49.5,160,"DBE8",2026-02-05,"3:05",185,"1:24",84,"2:34",154,"","RT-8","2026-02-10 RT-8","O-8","HS","SB",""
"1334","2026","Feb",2026-02-09,"Chinook Salmon","late-fall","O-4","AC","HS, JI","74",41.1,154,"D782",2026-02-05,"3:18",198,"1:28",88,"2:59",179,"","RT-8","2026-02-10 RT-8","O-8","HS","SB",""
"1335","2026","Feb",2026-02-09,"Chinook Salmon","late-fall","O-4","AC","HS, JI","75",27.5,130,"DB3C",2026-02-05,"3:54",234,"1:14",74,"3:08",188,"","RT-8","2026-02-10 RT-8","O-8","HS","SB",""
"1336","2026","Feb",2026-02-09,"Chinook Salmon","late-fall","O-4","AC","HS, JI","76",75,178,"D240",2026-02-05,"3:34",214,"1:22",82,"3:21",201,"","RT-8","2026-02-10 RT-8","O-8","HS","SB",""
"1337","2026","Feb",2026-02-09,"Chinook Salmon","late-fall","O-4","AC","HS, JI","77",98.9,198,"D3C2",2026-02-05,"3:24",204,"1:10",70,"3:18",198,"","RT-8","2026-02-10 RT-8","O-8","HS","SB",""
"1338","2026","Feb",2026-02-09,"Chinook Salmon","late-fall","O-4","AC","HS, JI","78",79.9,181,"D310",2026-02-05,"2:59",179,"1:20",80,"3:52",232,"","RT-8","2026-02-10 RT-8","O-8","HS","SB",""
"1339","2026","Feb",2026-02-09,"Chinook Salmon","late-fall","O-4","AC","HS, JI","79",32.2,139,"DBCE",2026-02-05,"2:59",179,"1:27",87,"2:37",157,"","RT-8","2026-02-10 RT-8","O-8","HS","SB",""
"1340","2026","Feb",2026-02-09,"Chinook Salmon","late-fall",NA,"AC","HS, JI","80",NA,NA,"CFD4",2026-02-05,NA,NA,NA,NA,NA,NA,"Deactivated tag on 2/9",NA,NA,NA,"HS","SB",""
"1341","2026","Feb",2026-02-09,"Chinook Salmon","late-fall","O-4","HS","AC, AK","D1",64.8,172,"6AF9",2026-02-05,"3:26",206,"1:22",82,"3:39",219,"tight suture",NA,NA,"I-2","HS","SB",""
"1342","2026","Feb",2026-02-09,"Chinook Salmon","late-fall","O-4","HS","AC, AK","D2",67.7,171,"26A1",2026-02-05,"2:51",171,"1:24",84,"2:40",160,"jumped, jagged incision",NA,NA,"I-2","HS","SB",""
"1343","2026","Feb",2026-02-09,"Chinook Salmon","late-fall","O-4","AC","HS, JI","D3",67,175,"1EDA",2026-02-05,"3:13",193,"1:18",78,"4:14",254,"",NA,NA,"I-2","HS","SB",""
"1344","2026","Feb",2026-02-09,"Chinook Salmon","late-fall","O-4","AC","HS, JI","D4",46.6,157,"9B31",2026-02-05,"3:32",212,"1:34",94,"3:05",185,"",NA,NA,"I-2","HS","SB",""
"1345","2026","Feb",2026-02-10,"Chinook Salmon","late-fall","O-5","HS","AC, AK","1",113.2,202,"D30C",2026-02-05,"3:32",212,"1:35",95,"2:37",157,"","RT-9","2026-02-11 RT-9","O-7","HS","SB",""
"1346","2026","Feb",2026-02-10,"Chinook Salmon","late-fall","O-5","HS","AC, AK","2",48.6,162,"DC26",2026-02-05,"3:06",186,"1:05",65,"3:02",182,"","RT-9","2026-02-11 RT-9","O-7","HS","SB",""
"1347","2026","Feb",2026-02-10,"Chinook Salmon","late-fall","O-5","HS","AC, AK","3",91,187,"DA0E",2026-02-05,"3:15",195,"1:41",101,"2:22",142,"","RT-9","2026-02-11 RT-9","O-7","HS","SB",""
"1348","2026","Feb",2026-02-10,"Chinook Salmon","late-fall","O-5","HS","AC, AK","4",42.6,149,"D036",2026-02-05,"3:07",187,"1:22",82,"3:46",226,"","RT-9","2026-02-11 RT-9","O-7","HS","SB",""
"1349","2026","Feb",2026-02-10,"Chinook Salmon","late-fall","O-5","HS","AC, AK","5",60.3,167,"D02E",2026-02-05,"3:08",188,"1:34",94,"1:20",80,"","RT-9","2026-02-11 RT-9","O-7","HS","SB",""
"1350","2026","Feb",2026-02-10,"Chinook Salmon","late-fall","O-5","HS","AC, AK","6",40.9,148,"DB88 ",2026-02-05,"2:53",173,"1:21",81,"1:32",92,"dead tag, new tag code is DB88 (original was D7D8)","RT-9","2026-02-11 RT-9","O-7","HS","SB",""
"1351","2026","Feb",2026-02-10,"Chinook Salmon","late-fall","O-5","HS","AC, AK","7",39.3,143,"DA80",2026-02-05,"2:47",167,"1:24",84,"2:44",164,"","RT-9","2026-02-11 RT-9","O-7","HS","SB",""
"1352","2026","Feb",2026-02-10,"Chinook Salmon","late-fall","O-5","HS","AC, AK","8",46.8,156,"D270",2026-02-05,"2:46",166,"1:06",66,"2:27",147,"","RT-9","2026-02-11 RT-9","O-7","HS","SB",""
"1353","2026","Feb",2026-02-10,"Chinook Salmon","late-fall","O-5","HS","AC, AK","9",29,132,"DBF4",2026-02-05,"2:13",133,"1:26",86,"2:34",154,"","RT-9","2026-02-11 RT-9","O-7","HS","SB",""
"1354","2026","Feb",2026-02-10,"Chinook Salmon","late-fall","O-5","HS","AC, AK","10",38.7,146,"CF9A",2026-02-05,"2:26",146,"1:17",77,"3:13",193,"","RT-9","2026-02-11 RT-9","O-7","HS","SB",""
"1355","2026","Feb",2026-02-10,"Chinook Salmon","late-fall","O-5","HS","AC, AK","11",63.6,163,"CFDA",2026-02-05,"2:47",167,"1:17",77,"2:04",124,"","RT-10","2026-02-11 RT-10","O-7","HS","SB",""
"1356","2026","Feb",2026-02-10,"Chinook Salmon","late-fall","O-5","HS","AC, AK","12",77.8,177,"D984",2026-02-05,"3:27",207,"1:19",79,"2:01",121,"","RT-10","2026-02-11 RT-10","O-7","HS","SB",""
"1357","2026","Feb",2026-02-10,"Chinook Salmon","late-fall","O-5","HS","AC, AK","13",78.1,179,"CF58",2026-02-05,"2:50",170,"1:11",71,"2:34",154,"","RT-10","2026-02-11 RT-10","O-7","HS","SB",""
"1358","2026","Feb",2026-02-10,"Chinook Salmon","late-fall","O-5","HS","AC, AK","14",24.5,127,"DBE4",2026-02-05,"3:04",184,"1:50",110,"2:05",125,"","RT-10","2026-02-11 RT-10","O-7","HS","SB",""
"1359","2026","Feb",2026-02-10,"Chinook Salmon","late-fall","O-5","HS","AC, AK","15",47.8,158,"D1DE",2026-02-05,"3:16",196,"1:15",75,"1:52",112,"","RT-10","2026-02-11 RT-10","O-7","HS","SB",""
"1360","2026","Feb",2026-02-10,"Chinook Salmon","late-fall","O-5","HS","AC, AK","16",48.1,153,"D77E",2026-02-05,"2:21",141,"1:23",83,"2:31",151,"","RT-10","2026-02-11 RT-10","O-7","HS","SB",""
"1361","2026","Feb",2026-02-10,"Chinook Salmon","late-fall","O-5","HS","AC, AK","17",30.5,134,"D9E2",2026-02-05,"2:57",177,"1:23",83,"2:59",179,"","RT-10","2026-02-11 RT-10","O-7","HS","SB",""
"1362","2026","Feb",2026-02-10,"Chinook Salmon","late-fall","O-5","HS","AC, AK","18",90.6,190,"D9DC",2026-02-05,"3:17",197,"1:23",83,"2:33",153,"","RT-10","2026-02-11 RT-10","O-7","HS","SB",""
"1363","2026","Feb",2026-02-10,"Chinook Salmon","late-fall","O-5","HS","AC, AK","19",51.1,157,"D71C",2026-02-05,"3:05",185,"1:01",61,"2:34",154,"","RT-10","2026-02-11 RT-10","O-7","HS","SB",""
"1364","2026","Feb",2026-02-10,"Chinook Salmon","late-fall","O-5","HS","AC, AK","20",57.8,160,"D7EE",2026-02-05,"2:50",170,"1:05",65,"1:38",98,"","RT-10","2026-02-11 RT-10","O-7","HS","SB",""
"1365","2026","Feb",2026-02-10,"Chinook Salmon","late-fall","O-5","HS","AC, AK","21",66.5,169,"D088",2026-02-05,"4:03",243,"1:08",68,"2:35",155,"","RT-11","2026-02-11 RT-11","O-8","HS","SB",""
"1366","2026","Feb",2026-02-10,"Chinook Salmon","late-fall","O-5","HS","AC, AK","22",19.2,116,"DBE6",2026-02-05,"2:36",156,"1:13",73,"2:34",154,"","RT-11","2026-02-11 RT-11","O-8","HS","SB",""
"1367","2026","Feb",2026-02-10,"Chinook Salmon","late-fall","O-5","HS","AC, AK","23",38.3,145,"D170",2026-02-05,"2:47",167,"1:28",88,"2:13",133,"","RT-11","2026-02-11 RT-11","O-8","HS","SB",""
"1368","2026","Feb",2026-02-10,"Chinook Salmon","late-fall","O-5","HS","AC, AK","24",55,160,"D73E",2026-02-05,"3:47",227,"1:04",64,"2:11",131,"","RT-11","2026-02-11 RT-11","O-8","HS","SB",""
"1369","2026","Feb",2026-02-10,"Chinook Salmon","late-fall","O-5","HS","AC, AK","25",72.6,178,"D9EE",2026-02-05,"2:43",163,"1:11",71,"1:26",86,"","RT-11","2026-02-11 RT-11","O-8","HS","SB",""
"1370","2026","Feb",2026-02-10,"Chinook Salmon","late-fall","O-5","HS","AC, AK","26",37.3,143,"D720",2026-02-05,"2:31",151,"1:11",71,"3:28",208,"","RT-11","2026-02-11 RT-11","O-8","HS","SB",""
"1371","2026","Feb",2026-02-10,"Chinook Salmon","late-fall","O-5","HS","AC, AK","27",24.2,126,"D7FA",2026-02-05,"2:35",155,"1:22",82,"2:08",128,"","RT-11","2026-02-11 RT-11","O-8","HS","SB",""
"1372","2026","Feb",2026-02-10,"Chinook Salmon","late-fall","O-5","HS","AC, AK","28",46.2,154,"D97C",2026-02-05,"3:08",188,"2:27",147,"2:59",179,"2 sutures","RT-11","2026-02-11 RT-11","O-8","HS","SB",""
"1373","2026","Feb",2026-02-10,"Chinook Salmon","late-fall","O-5","HS","AC, AK","29",35.8,139,"D028",2026-02-05,"3:35",215,"1:10",70,"2:46",166,"","RT-11","2026-02-11 RT-11","O-8","HS","SB",""
"1374","2026","Feb",2026-02-10,"Chinook Salmon","late-fall","O-5","HS","AC, AK","30",29.2,128,"D9C8",2026-02-05,"3:08",188,"1:33",93,"1:05",65,"","RT-11","2026-02-11 RT-11","O-8","HS","SB",""
"1375","2026","Feb",2026-02-10,"Chinook Salmon","late-fall","O-5","HS","AC, AK","31",36.1,142,"D91E",2026-02-05,"3:09",189,"1:16",76,"1:12",72,"","RT-12","2026-02-11 RT-12","O-8","HS","SB",""
"1376","2026","Feb",2026-02-10,"Chinook Salmon","late-fall","O-5","HS","AC, AK","32",109.5,198,"D990",2026-02-05,"3:45",225,"1:13",73,"2:36",156,"","RT-12","2026-02-11 RT-12","O-8","HS","SB",""
"1377","2026","Feb",2026-02-10,"Chinook Salmon","late-fall","O-5","HS","AC, AK","33",48.5,152,"CF68",2026-02-05,"2:32",152,"1:15",75,"3:10",190,"crooked incision","RT-12","2026-02-11 RT-12","O-8","HS","SB",""
"1378","2026","Feb",2026-02-10,"Chinook Salmon","late-fall","O-5","HS","AC, AK","34",56.9,168,"D076",2026-02-05,"2:25",145,"1:14",74,"2:03",123,"","RT-12","2026-02-11 RT-12","O-8","HS","SB",""
"1379","2026","Feb",2026-02-10,"Chinook Salmon","late-fall","O-5","HS","AC, AK","35",67.2,173,"D9BC",2026-02-05,"2:50",170,"1:29",89,"1:47",107,"","RT-12","2026-02-11 RT-12","O-8","HS","SB",""
"1380","2026","Feb",2026-02-10,"Chinook Salmon","late-fall","O-5","HS","AC, AK","36",65.5,163,"DAE0",2026-02-05,"2:41",161,"1:23",83,"2:07",127,"","RT-12","2026-02-11 RT-12","O-8","HS","SB",""
"1381","2026","Feb",2026-02-10,"Chinook Salmon","late-fall","O-5","HS","AC, AK","37",85.7,187,"D106",2026-02-05,"2:28",148,"1:19",79,"2:25",145,"","RT-12","2026-02-11 RT-12","O-8","HS","SB",""
"1382","2026","Feb",2026-02-10,"Chinook Salmon","late-fall","O-5","HS","AC, AK","38",59.4,170,"D798",2026-02-05,"3:01",181,"1:15",75,"2:03",123,"","RT-12","2026-02-11 RT-12","O-8","HS","SB",""
"1383","2026","Feb",2026-02-10,"Chinook Salmon","late-fall","O-5","HS","AC, AK","39",60.6,163,"D3A0",2026-02-05,"2:20",140,"2:17",137,"1:54",114,"2 sutures","RT-12","2026-02-11 RT-12","O-8","HS","SB",""
"1384","2026","Feb",2026-02-10,"Chinook Salmon","late-fall","O-5","HS","AC, AK","40",83.7,190,"D822",2026-02-05,"3:43",223,"1:07",67,"1:46",106,"","RT-12","2026-02-11 RT-12","O-8","HS","SB",""
"1385","2026","Feb",2026-02-10,"Chinook Salmon","late-fall","O-5","AC","HS, AK","41",39.9,149,"D210",2026-02-05,"3:31",211,"1:22",82,"3:49",229,"","RT-13","2026-02-11 RT-13","O-7","HS","SB",""
"1386","2026","Feb",2026-02-10,"Chinook Salmon","late-fall","O-5","AC","HS, AK","42",55.7,164,"D8CC",2026-02-05,"2:36",156,"1:16",76,"3:17",197,"","RT-13","2026-02-11 RT-13","O-7","HS","SB",""
"1387","2026","Feb",2026-02-10,"Chinook Salmon","late-fall","O-5","AC","HS, AK","43",19.8,118,"D874",2026-02-05,"3:03",183,"1:18",78,"3:02",182,"","RT-13","2026-02-11 RT-13","O-7","HS","SB",""
"1388","2026","Feb",2026-02-10,"Chinook Salmon","late-fall","O-5","AC","HS, AK","44",42.4,147,"D770",2026-02-05,"2:26",146,"1:17",77,"2:46",166,"","RT-13","2026-02-11 RT-13","O-7","HS","SB",""
"1389","2026","Feb",2026-02-10,"Chinook Salmon","late-fall","O-5","AC","HS, AK","45",107,196,"CF8A",2026-02-05,"3:06",186,"1:49",109,"1:54",114,"","RT-13","2026-02-11 RT-13","O-7","HS","SB",""
"1390","2026","Feb",2026-02-10,"Chinook Salmon","late-fall","O-5","AC","HS, AK","46",24.7,126,"D77C",2026-02-05,"3:37",217,"0:58",58,"2:58",178,"","RT-13","2026-02-11 RT-13","O-7","HS","SB",""
"1391","2026","Feb",2026-02-10,"Chinook Salmon","late-fall","O-5","AC","HS, AK","47",64.3,170,"DA40",2026-02-05,"3:36",216,"1:19",79,"1:38",98,"","RT-13","2026-02-11 RT-13","O-7","HS","SB",""
"1392","2026","Feb",2026-02-10,"Chinook Salmon","late-fall","O-5","AC","HS, AK","48",42.6,151,"D85C",2026-02-05,"2:51",171,"1:10",70,"2:55",175,"","RT-13","2026-02-11 RT-13","O-7","HS","SB",""
"1393","2026","Feb",2026-02-10,"Chinook Salmon","late-fall","O-5","AC","HS, AK","49",50.6,167,"D238",2026-02-05,"2:45",165,"1:13",73,"4:01",241,"","RT-13","2026-02-11 RT-13","O-7","HS","SB",""
"1394","2026","Feb",2026-02-10,"Chinook Salmon","late-fall","O-5","AC","HS, AK","50",83.7,182,"D0C4",2026-02-05,"2:32",152,"1:10",70,"2:38",158,"","RT-13","2026-02-11 RT-13","O-7","HS","SB",""
"1395","2026","Feb",2026-02-10,"Chinook Salmon","late-fall","O-5","AC","HS, AK","51",38.1,145,"D1BC",2026-02-05,"2:48",168,"1:25",85,"3:30",210,"","RT-14","2026-02-11 RT-14","O-7","HS","SB",""
"1396","2026","Feb",2026-02-10,"Chinook Salmon","late-fall","O-5","AC","HS, AK","52",78.5,178,"DB78",2026-02-05,"2:41",161,"1:23",83,"4:38",278,"","RT-14","2026-02-11 RT-14","O-7","HS","SB",""
"1397","2026","Feb",2026-02-10,"Chinook Salmon","late-fall","O-5","AC","HS, AK","53",63,165,"D718",2026-02-05,"2:38",158,"1:07",67,"3:39",219,"","RT-14","2026-02-11 RT-14","O-7","HS","SB",""
"1398","2026","Feb",2026-02-10,"Chinook Salmon","late-fall","O-5","AC","HS, AK","54",65.1,166,"D7DC",2026-02-05,"3:16",196,"0:59",59,"2:58",178,"","RT-14","2026-02-11 RT-14","O-7","HS","SB",""
"1399","2026","Feb",2026-02-10,"Chinook Salmon","late-fall","O-5","AC","HS, AK","55",68.7,175,"D738",2026-02-05,"2:16",136,"1:11",71,"3:37",217,"","RT-14","2026-02-11 RT-14","O-7","HS","SB",""
"1400","2026","Feb",2026-02-10,"Chinook Salmon","late-fall","O-5","AC","HS, AK","56",102.5,193,"D87A",2026-02-05,"2:31",151,"1:10",70,"3:05",185,"dead tag, new tag code is D87A (original was D5E0)","RT-14","2026-02-11 RT-14","O-7","HS","SB",""
"1401","2026","Feb",2026-02-10,"Chinook Salmon","late-fall","O-5","AC","HS, AK","57",39.1,144,"D278",2026-02-05,"2:52",172,"1:16",76,"4:01",241,"","RT-14","2026-02-11 RT-14","O-7","HS","SB",""
"1402","2026","Feb",2026-02-10,"Chinook Salmon","late-fall","O-5","AC","HS, AK","58",61.4,169,"D386",2026-02-05,"2:51",171,"1:09",69,"1:15",75,"","RT-14","2026-02-11 RT-14","O-7","HS","SB",""
"1403","2026","Feb",2026-02-10,"Chinook Salmon","late-fall","O-5","AC","HS, AK","59",40.8,147,"D0C2",2026-02-05,"2:30",150,"1:01",61,"3:07",187,"","RT-14","2026-02-11 RT-14","O-7","HS","SB",""
"1404","2026","Feb",2026-02-10,"Chinook Salmon","late-fall","O-5","AC","HS, AK","60",72.7,178,"DB04",2026-02-05,"2:45",165,"1:55",115,"2:32",152,"jumpy","RT-14","2026-02-11 RT-14","O-7","HS","SB",""
"1405","2026","Feb",2026-02-10,"Chinook Salmon","late-fall","O-5","AC","HS, AK","61",45.7,151,"D620",2026-02-05,"3:04",184,"1:39",99,"4:20",260,"","RT-15","2026-02-11 RT-15","O-7","HS","SB",""
"1406","2026","Feb",2026-02-10,"Chinook Salmon","late-fall","O-5","AC","HS, AK","62",44.5,150,"D1EE",2026-02-05,"3:15",195,"1:17",77,"3:04",184,"","RT-15","2026-02-11 RT-15","O-7","HS","SB",""
"1407","2026","Feb",2026-02-10,"Chinook Salmon","late-fall","O-5","AC","HS, AK","63",73.7,177,"D9A0",2026-02-05,"3:28",208,"1:07",67,"1:43",103,"","RT-15","2026-02-11 RT-15","O-7","HS","SB",""
"1408","2026","Feb",2026-02-10,"Chinook Salmon","late-fall","O-5","AC","HS, AK","64",61.5,168,"D90E",2026-02-05,"2:56",176,"1:16",76,"3:12",192,"","RT-15","2026-02-11 RT-15","O-7","HS","SB",""
"1409","2026","Feb",2026-02-10,"Chinook Salmon","late-fall","O-5","AC","HS, AK","65",28.8,135,"D302",2026-02-05,"2:50",170,"1:06",66,"3:10",190,"","RT-15","2026-02-11 RT-15","O-7","HS","SB",""
"1410","2026","Feb",2026-02-10,"Chinook Salmon","late-fall","O-5","AC","HS, AK","66",73.3,175,"D866",2026-02-05,"2:35",155,"1:14",74,"2:59",179,"","RT-15","2026-02-11 RT-15","O-7","HS","SB",""
"1411","2026","Feb",2026-02-10,"Chinook Salmon","late-fall","O-5","AC","HS, AK","67",98.7,191,"CF64",2026-02-05,"2:51",171,"1:10",70,"2:35",155,"","RT-15","2026-02-11 RT-15","O-7","HS","SB",""
"1412","2026","Feb",2026-02-10,"Chinook Salmon","late-fall","O-5","AC","HS, AK","68",112.3,204,"D0DC",2026-02-05,"2:57",177,"1:31",91,"2:39",159,"","RT-15","2026-02-11 RT-15","O-7","HS","SB",""
"1413","2026","Feb",2026-02-10,"Chinook Salmon","late-fall","O-5","AC","HS, AK","69",63.6,173,"DBFA",2026-02-05,"2:59",179,"1:06",66,"3:12",192,"","RT-15","2026-02-11 RT-15","O-7","HS","SB",""
"1414","2026","Feb",2026-02-10,"Chinook Salmon","late-fall","O-5","AC","HS, AK","70",76.4,177,"D1EC",2026-02-05,"3:11",191,"1:08",68,"4:27",267,"","RT-15","2026-02-11 RT-15","O-7","HS","SB",""
"1415","2026","Feb",2026-02-10,"Chinook Salmon","late-fall","O-5","AC","HS, AK","71",27.6,131,"D872",2026-02-05,"2:12",132,"1:23",83,"3:11",191,"","RT-16","2026-02-11 RT-16","O-7","HS","SB",""
"1416","2026","Feb",2026-02-10,"Chinook Salmon","late-fall","O-5","AC","HS, AK","72",36.3,143,"D98E",2026-02-05,"2:50",170,"1:33",93,"2:43",163,"","RT-16","2026-02-11 RT-16","O-7","HS","SB",""
"1417","2026","Feb",2026-02-10,"Chinook Salmon","late-fall","O-5","AC","HS, AK","73",44.7,155,"DB1E",2026-02-05,"3:41",221,"1:18",78,"3:07",187,"","RT-16","2026-02-11 RT-16","O-7","HS","SB",""
"1418","2026","Feb",2026-02-10,"Chinook Salmon","late-fall","O-5","AC","HS, AK","74",71.7,176,"D79E",2026-02-05,"3:06",186,"1:16",76,"1:48",108,"","RT-16","2026-02-11 RT-16","O-7","HS","SB",""
"1419","2026","Feb",2026-02-10,"Chinook Salmon","late-fall","O-5","AC","HS, AK","75",86.5,185,"D9E4",2026-02-05,"2:39",159,"2:37",157,"1:30",90,"jumped, 2 sutures","RT-16","2026-02-11 RT-16","O-7","HS","SB",""
"1420","2026","Feb",2026-02-10,"Chinook Salmon","late-fall","O-5","AC","HS, AK","76",106.4,197,"D0E6",2026-02-05,"3:58",238,"1:18",78,"2:00",120,"","RT-16","2026-02-11 RT-16","O-7","HS","SB",""
"1421","2026","Feb",2026-02-10,"Chinook Salmon","late-fall","O-5","AC","HS, AK","77",84.1,182,"D82E",2026-02-05,"2:45",165,"1:23",83,"2:47",167,"","RT-16","2026-02-11 RT-16","O-7","HS","SB",""
"1422","2026","Feb",2026-02-10,"Chinook Salmon","late-fall","O-5","AC","HS, AK","78",86.3,185,"CFAE",2026-02-05,"2:50",170,"1:16",76,"3:42",222,"","RT-16","2026-02-11 RT-16","O-7","HS","SB",""
"1423","2026","Feb",2026-02-10,"Chinook Salmon","late-fall","O-5","AC","HS, AK","79",75.3,175,"D9EC",2026-02-05,"3:17",197,"1:32",92,"3:28",208,"","RT-16","2026-02-11 RT-16","O-7","HS","SB",""
"1424","2026","Feb",2026-02-10,"Chinook Salmon","late-fall","O-5","AC","HS, AK","80",92,193,"D016",2026-02-05,"3:08",188,"1:29",89,"4:52",292,"","RT-16","2026-02-11 RT-16","O-7","HS","SB",""
"1425","2026","Feb",2026-02-10,"Chinook Salmon","late-fall","O-5","HS","AC, AK","D1",42.9,147,"9B9B",2026-02-05,"2:35",155,"1:59",119,"3:42",222,"2 sutures, jumpy",NA,NA,"I-2","HS","SB",""
"1426","2026","Feb",2026-02-10,"Chinook Salmon","late-fall","O-5","HS","AC, AK","D2",69.3,168,"93B4",2026-02-05,"2:22",142,"1:10",70,"3:48",228,"jumped, crooked incision",NA,NA,"I-2","HS","SB",""
"1427","2026","Feb",2026-02-10,"Chinook Salmon","late-fall","O-5","AC","HS, AK","D3",100,195,"9B67",2026-02-05,"3:47",227,"1:19",79,"3:20",200,"",NA,NA,"I-2","HS","SB",""
"1428","2026","Feb",2026-02-10,"Chinook Salmon","late-fall","O-5","AC","HS, AK","D4",57.8,165,"2496",2026-02-05,"3:22",202,"1:37",97,"3:57",237,"",NA,NA,"I-2","HS","SB",""
"1429","2026","Feb",2026-02-11,"Chinook Salmon","late-fall","O-6","HS","AC, AK","1",29.6,145,"D3C8",2026-02-05,"3:34",214,"1:34",94,"1:51",111,"","RT-17","2026-02-12 RT-17","O-8","HS","SB",""
"1430","2026","Feb",2026-02-11,"Chinook Salmon","late-fall","O-6","HS","AC, AK","2",61.3,170,"D084",2026-02-05,"2:57",177,"1:12",72,"2:49",169,"","RT-17","2026-02-12 RT-17","O-8","HS","SB",""
"1431","2026","Feb",2026-02-11,"Chinook Salmon","late-fall","O-6","HS","AC, AK","3",71,176,"D05C",2026-02-05,"3:20",200,"1:11",71,"4:45",285,"","RT-17","2026-02-12 RT-17","O-8","HS","SB",""
"1432","2026","Feb",2026-02-11,"Chinook Salmon","late-fall","O-6","HS","AC, AK","4",48,159,"D3B8",2026-02-05,"2:58",178,"1:22",82,"3:05",185,"","RT-17","2026-02-12 RT-17","O-8","HS","SB",""
"1433","2026","Feb",2026-02-11,"Chinook Salmon","late-fall","O-6","HS","AC, AK","5",79,183,"D4C0",2026-02-05,"2:58",178,"1:07",67,"1:54",114,"","RT-17","2026-02-12 RT-17","O-8","HS","SB",""
"1434","2026","Feb",2026-02-11,"Chinook Salmon","late-fall","O-6","HS","AC, AK","6",70.3,176,"CF7A",2026-02-05,"2:33",153,"1:06",66,"3:27",207,"","RT-17","2026-02-12 RT-17","O-8","HS","SB",""
"1435","2026","Feb",2026-02-11,"Chinook Salmon","late-fall","O-6","HS","AC, AK","7",29.5,134,"D3B0",2026-02-05,"2:21",141,"1:18",78,"1:50",110,"","RT-17","2026-02-12 RT-17","O-8","HS","SB",""
"1436","2026","Feb",2026-02-11,"Chinook Salmon","late-fall","O-6","HS","AC, AK","8",15.9,120,"D8BE",2026-02-05,"2:40",160,"1:24",84,"1:58",118,"","RT-17","2026-02-12 RT-17","O-8","HS","SB",""
"1437","2026","Feb",2026-02-11,"Chinook Salmon","late-fall","O-6","HS","AC, AK","9",44.6,154,"D868",2026-02-05,"2:55",175,"1:16",76,"2:57",177,"","RT-17","2026-02-12 RT-17","O-8","HS","SB",""
"1438","2026","Feb",2026-02-11,"Chinook Salmon","late-fall","O-6","HS","AC, AK","10",55.2,167,"D93C",2026-02-05,"3:07",187,"1:19",79,"4:16",256,"","RT-17","2026-02-12 RT-17","O-8","HS","SB",""
"1439","2026","Feb",2026-02-11,"Chinook Salmon","late-fall","O-6","HS","AC, AK","11",70.5,174,"DB82",2026-02-05,"2:36",156,"1:06",66,"1:09",69,"","RT-18","2026-02-12 RT-18","O-8","HS","SB",""
"1440","2026","Feb",2026-02-11,"Chinook Salmon","late-fall","O-6","HS","AC, AK","12",69.4,176,"D864",2026-02-05,"3:54",234,"1:34",94,"3:01",181,"","RT-18","2026-02-12 RT-18","O-8","HS","SB",""
"1441","2026","Feb",2026-02-11,"Chinook Salmon","late-fall","O-6","HS","AC, AK","13",44.6,152,"DBDE",2026-02-05,"3:13",193,"1:29",89,"3:54",234,"","RT-18","2026-02-12 RT-18","O-8","HS","SB",""
"1442","2026","Feb",2026-02-11,"Chinook Salmon","late-fall","O-6","HS","AC, AK","14",26.2,132,"D0F2",2026-02-05,"2:58",178,"1:18",78,"3:05",185,"","RT-18","2026-02-12 RT-18","O-8","HS","SB",""
"1443","2026","Feb",2026-02-11,"Chinook Salmon","late-fall","O-6","HS","AC, AK","15",73.4,180,"DB3E",2026-02-05,"3:00",180,"1:35",95,"1:13",73,"","RT-18","2026-02-12 RT-18","O-8","HS","SB",""
"1444","2026","Feb",2026-02-11,"Chinook Salmon","late-fall","O-6","HS","AC, AK","16",58.3,168,"D978",2026-02-05,"3:12",192,"1:17",77,"2:37",157,"","RT-18","2026-02-12 RT-18","O-8","HS","SB",""
"1445","2026","Feb",2026-02-11,"Chinook Salmon","late-fall","O-6","HS","AC, AK","17",48.5,155,"D17C",2026-02-05,"3:08",188,"1:37",97,"2:20",140,"","RT-18","2026-02-12 RT-18","O-8","HS","SB",""
"1446","2026","Feb",2026-02-11,"Chinook Salmon","late-fall","O-6","HS","AC, AK","18",17.4,113,"D370",2026-02-05,"3:05",185,"1:18",78,"2:44",164,"","RT-18","2026-02-12 RT-18","O-8","HS","SB",""
"1447","2026","Feb",2026-02-11,"Chinook Salmon","late-fall","O-6","HS","AC, AK","19",32.8,139,"D1E4",2026-02-05,"3:08",188,"1:13",73,"3:06",186,"","RT-18","2026-02-12 RT-18","O-8","HS","SB",""
"1448","2026","Feb",2026-02-11,"Chinook Salmon","late-fall","O-6","HS","AC, AK","20",77.3,180,"D318",2026-02-05,"2:58",178,"1:16",76,"3:35",215,"","RT-18","2026-02-12 RT-18","O-8","HS","SB",""
"1449","2026","Feb",2026-02-11,"Chinook Salmon","late-fall","O-6","HS","AC, AK","21",64.3,170,"D604",2026-02-05,"3:12",192,"1:16",76,"2:39",159,"","RT-19","2026-02-12 RT-19","O-8","HS","SB",""
"1450","2026","Feb",2026-02-11,"Chinook Salmon","late-fall","O-6","HS","AC, AK","22",86.6,187,"D07A",2026-02-05,"3:19",199,"1:21",81,"2:53",173,"","RT-19","2026-02-12 RT-19","O-8","HS","SB",""
"1451","2026","Feb",2026-02-11,"Chinook Salmon","late-fall","O-6","HS","AC, AK","23",47,159,"D5FC",2026-02-05,"3:24",204,"1:26",86,"3:02",182,"","RT-19","2026-02-12 RT-19","O-8","HS","SB",""
"1452","2026","Feb",2026-02-11,"Chinook Salmon","late-fall","O-6","HS","AC, AK","24",56.4,165,"D21E",2026-02-05,"2:53",173,"1:11",71,"2:39",159,"","RT-19","2026-02-12 RT-19","O-8","HS","SB",""
"1453","2026","Feb",2026-02-11,"Chinook Salmon","late-fall","O-6","HS","AC, AK","25",73.2,178,"DB10",2026-02-05,"2:56",176,"1:22",82,"2:46",166,"","RT-19","2026-02-12 RT-19","O-8","HS","SB",""
"1454","2026","Feb",2026-02-11,"Chinook Salmon","late-fall","O-6","HS","AC, AK","26",37.9,145,"D99E",2026-02-05,"3:19",199,"1:42",102,"2:26",146,"","RT-19","2026-02-12 RT-19","O-8","HS","SB",""
"1455","2026","Feb",2026-02-11,"Chinook Salmon","late-fall","O-6","HS","AC, AK","27",55.2,167,"D012",2026-02-05,"3:10",190,"1:24",84,"3:00",180,"","RT-19","2026-02-12 RT-19","O-8","HS","SB",""
"1456","2026","Feb",2026-02-11,"Chinook Salmon","late-fall","O-6","HS","AC, AK","28",30.6,137,"D82C",2026-02-05,"3:25",205,"1:24",84,"3:03",183,"","RT-19","2026-02-12 RT-19","O-8","HS","SB",""
"1457","2026","Feb",2026-02-11,"Chinook Salmon","late-fall","O-6","HS","AC, AK","29",90.3,183,"CF74",2026-02-05,"3:32",212,"1:30",90,"2:44",164,"","RT-19","2026-02-12 RT-19","O-8","HS","SB",""
"1458","2026","Feb",2026-02-11,"Chinook Salmon","late-fall","O-6","HS","AC, AK","30",57.7,168,"D31E",2026-02-05,"3:18",198,"1:31",91,"1:44",104,"","RT-19","2026-02-12 RT-19","O-8","HS","SB",""
"1459","2026","Feb",2026-02-11,"Chinook Salmon","late-fall","O-6","HS","AC, AK","31",83,185,"D19C",2026-02-05,"3:14",194,"2:10",130,"2:58",178,"crooked incision","RT-20","2026-02-12 RT-20","O-8","HS","SB",""
"1460","2026","Feb",2026-02-11,"Chinook Salmon","late-fall","O-6","HS","AC, AK","32",80,182,"CFA6",2026-02-05,"3:53",233,"1:13",73,"2:44",164,"","RT-20","2026-02-12 RT-20","O-8","HS","SB",""
"1461","2026","Feb",2026-02-11,"Chinook Salmon","late-fall","O-6","HS","AC, AK","33",80.7,178,"D60E",2026-02-05,"3:08",188,"1:39",99,"3:29",209,"","RT-20","2026-02-12 RT-20","O-8","HS","SB",""
"1462","2026","Feb",2026-02-11,"Chinook Salmon","late-fall","O-6","HS","AC, AK","34",62.9,171,"CF6C",2026-02-05,"3:15",195,"1:12",72,"1:46",106,"","RT-20","2026-02-12 RT-20","O-8","HS","SB",""
"1463","2026","Feb",2026-02-11,"Chinook Salmon","late-fall","O-6","HS","MRD, AK","35",64.9,173,"D4F8",2026-02-05,"3:53",233,"1:15",75,NA,NA,"jumped during incision, Mikayla subbed in for Amy","RT-20","2026-02-12 RT-20","O-8","HS","SB","Mikayla switched in for Amy"
"1464","2026","Feb",2026-02-11,"Chinook Salmon","late-fall","O-6","HS","MRD, AK","36",40.7,150,"D580",2026-02-05,"2:33",153,NA,NA,"4:02",242,"","RT-20","2026-02-12 RT-20","O-8","HS","SB",""
"1465","2026","Feb",2026-02-11,"Chinook Salmon","late-fall","O-6","HS","MRD, AK","37",41.6,152,"D31C",2026-02-05,"3:20",200,"1:19",79,"4:57",297,"","RT-20","2026-02-12 RT-20","O-8","HS","SB",""
"1466","2026","Feb",2026-02-11,"Chinook Salmon","late-fall","O-6","HS","MRD, AK","38",111.5,205,"DBB8",2026-02-05,"3:29",209,"1:33",93,"1:36",96,"","RT-20","2026-02-12 RT-20","O-8","HS","SB",""
"1467","2026","Feb",2026-02-11,"Chinook Salmon","late-fall","O-6","HS","MRD, AK","39",43.7,155,"D0DE",2026-02-05,"3:10",190,"1:12",72,"3:17",197,"","RT-20","2026-02-12 RT-20","O-8","HS","SB",""
"1468","2026","Feb",2026-02-11,"Chinook Salmon","late-fall","O-6","HS","MRD, AK","40",118.9,196,"D8A0",2026-02-05,"3:11",191,"1:36",96,"2:08",128,"","RT-20","2026-02-12 RT-20","O-8","HS","SB",""
"1469","2026","Feb",2026-02-11,"Chinook Salmon","late-fall","O-6","HS","MRD, AK","41",44.8,149,"D84E",2026-02-05,"3:16",196,"1:36",96,"2:29",149,"","RT-21","2026-02-12 RT-21","O-7","HS","SB",""
"1470","2026","Feb",2026-02-11,"Chinook Salmon","late-fall","O-6","HS","MRD, AK","42",66.3,175,"D760",2026-02-05,"3:09",189,"1:10",70,"3:09",189,"","RT-21","2026-02-12 RT-21","O-7","HS","SB",""
"1471","2026","Feb",2026-02-11,"Chinook Salmon","late-fall","O-6","HS","MRD, AK","43",52.8,161,"D85E",2026-02-05,"2:58",178,"1:02",62,"3:02",182,"","RT-21","2026-02-12 RT-21","O-7","HS","SB",""
"1472","2026","Feb",2026-02-11,"Chinook Salmon","late-fall","O-6","HS","MRD, AK","44",47.6,157,"D026",2026-02-05,"2:45",165,"1:37",97,"1:58",118,"","RT-21","2026-02-12 RT-21","O-7","HS","SB",""
"1473","2026","Feb",2026-02-11,"Chinook Salmon","late-fall","O-6","HS","MRD, AK","45",19.1,121,"D678",2026-02-05,"2:55",175,"1:14",74,"2:58",178,"","RT-21","2026-02-12 RT-21","O-7","HS","SB",""
"1474","2026","Feb",2026-02-11,"Chinook Salmon","late-fall","O-6","HS","MRD, AK","46",49.1,159,"D3CE",2026-02-05,"3:27",207,"1:20",80,"2:01",121,"jumpy, incision crooked","RT-21","2026-02-12 RT-21","O-7","HS","SB",""
"1475","2026","Feb",2026-02-11,"Chinook Salmon","late-fall","O-6","HS","MRD, AK","47",68.5,174,"DC1A",2026-02-05,"3:19",199,"1:21",81,"1:18",78,"","RT-21","2026-02-12 RT-21","O-7","HS","SB",""
"1476","2026","Feb",2026-02-11,"Chinook Salmon","late-fall","O-6","HS","MRD, AK","48",43.2,152,"DB9C",2026-02-05,"2:36",156,"1:28",88,"2:35",155,"","RT-21","2026-02-12 RT-21","O-7","HS","SB",""
"1477","2026","Feb",2026-02-11,"Chinook Salmon","late-fall","O-6","HS","MRD, AK","49",65.3,173,"D066",2026-02-05,"3:05",185,"1:19",79,"3:21",201,"","RT-21","2026-02-12 RT-21","O-7","HS","SB",""
"1478","2026","Feb",2026-02-11,"Chinook Salmon","late-fall","O-6","HS","MRD, AK","50",95.2,192,"D5FE",2026-02-05,"3:01",181,"1:40",100,"2:16",136,"","RT-21","2026-02-12 RT-21","O-7","HS","SB",""
"1479","2026","Feb",2026-02-11,"Chinook Salmon","late-fall","O-6","HS","MRD, AK","51",104.4,196,"D208",2026-02-05,"3:03",183,"1:16",76,"1:44",104,"","RT-22","2026-02-12 RT-22","O-7","HS","SB",""
"1480","2026","Feb",2026-02-11,"Chinook Salmon","late-fall","O-6","HS","MRD, AK","52",90.5,185,"D09E",2026-02-05,"3:28",208,"2:04",124,"2:16",136,"fish jumped, 2 sutures","RT-22","2026-02-12 RT-22","O-7","HS","SB",""
"1481","2026","Feb",2026-02-11,"Chinook Salmon","late-fall","O-6","HS","MRD, AK","53",78,181,"D1D0",2026-02-05,"3:22",202,"1:16",76,"2:59",179,"","RT-22","2026-02-12 RT-22","O-7","HS","SB",""
"1482","2026","Feb",2026-02-11,"Chinook Salmon","late-fall","O-6","HS","MRD, AK","54",49.9,165,"D6F8",2026-02-05,"3:25",205,"1:26",86,"1:21",81,"","RT-22","2026-02-12 RT-22","O-7","HS","SB",""
"1483","2026","Feb",2026-02-11,"Chinook Salmon","late-fall","O-6","HS","MRD, AK","55",67.1,173,"D398",2026-02-05,"3:44",224,"1:14",74,"4:12",252,"jumpy, bleeding slightly","RT-22","2026-02-12 RT-22","O-7","HS","SB",""
"1484","2026","Feb",2026-02-11,"Chinook Salmon","late-fall","O-6","HS","MRD, AK","56",28.1,135,"DBBE",2026-02-05,"3:14",194,"1:36",96,"2:07",127,"","RT-22","2026-02-12 RT-22","O-7","HS","SB",""
"1485","2026","Feb",2026-02-11,"Chinook Salmon","late-fall","O-6","HS","MRD, AK","57",18,122,"DA3C",2026-02-05,"3:53",233,"1:16",76,"2:47",167,"","RT-22","2026-02-12 RT-22","O-7","HS","SB",""
"1486","2026","Feb",2026-02-11,"Chinook Salmon","late-fall","O-6","HS","MRD, AK","58",71.4,181,"D7A0",2026-02-05,"3:16",196,"1:25",85,"1:32",92,"","RT-22","2026-02-12 RT-22","O-7","HS","SB",""
"1487","2026","Feb",2026-02-11,"Chinook Salmon","late-fall","O-6","HS","MRD, AK","59",52.9,160,"D178",2026-02-05,"2:22",142,"1:28",88,"2:33",153,"","RT-22","2026-02-12 RT-22","O-7","HS","SB",""
"1488","2026","Feb",2026-02-11,"Chinook Salmon","late-fall","O-6","HS","MRD, AK","60",54.8,162,"D850",2026-02-05,"3:16",196,"1:09",69,"1:50",110,"","RT-22","2026-02-12 RT-22","O-7","HS","SB",""
"1489","2026","Feb",2026-02-11,"Chinook Salmon","late-fall","O-6","HS","MRD, AK","61",45,157,"D81A",2026-02-05,"3:41",221,"1:24",84,"1:02",62,"","RT-23","2026-02-12 RT-23","O-8","HS","SB",""
"1490","2026","Feb",2026-02-11,"Chinook Salmon","late-fall","O-6","HS","MRD, AK","62",112.5,203,"D778",2026-02-05,"3:42",222,"1:11",71,"2:57",177,"","RT-23","2026-02-12 RT-23","O-8","HS","SB",""
"1491","2026","Feb",2026-02-11,"Chinook Salmon","late-fall","O-6","HS","MRD, AK","63",53.5,165,"DBCC",2026-02-05,"2:49",169,"1:21",81,"2:10",130,"","RT-23","2026-02-12 RT-23","O-8","HS","SB",""
"1492","2026","Feb",2026-02-11,"Chinook Salmon","late-fall","O-6","HS","MRD, AK","64",60.3,171,"D99C",2026-02-05,"2:24",144,"1:11",71,"1:23",83,"","RT-23","2026-02-12 RT-23","O-8","HS","SB",""
"1493","2026","Feb",2026-02-11,"Chinook Salmon","late-fall","O-6","HS","MRD, AK","65",75.6,182,"D27C",2026-02-05,"2:39",159,"1:01",61,"2:51",171,"","RT-23","2026-02-12 RT-23","O-8","HS","SB",""
"1494","2026","Feb",2026-02-11,"Chinook Salmon","late-fall","O-6","HS","MRD, AK","66",76.1,183,"D61C",2026-02-05,"3:10",190,"1:06",66,"1:42",102,"fish jumped, incision crooked","RT-23","2026-02-12 RT-23","O-8","HS","SB",""
"1495","2026","Feb",2026-02-11,"Chinook Salmon","late-fall","O-6","HS","MRD, AK","67",44.1,152,"D812",2026-02-05,"2:27",147,"1:40",100,"2:23",143,"","RT-23","2026-02-12 RT-23","O-8","HS","SB",""
"1496","2026","Feb",2026-02-11,"Chinook Salmon","late-fall","O-6","HS","MRD, AK","68",29.8,135,"D844",2026-02-05,"2:57",177,"1:23",83,"3:51",231,"","RT-23","2026-02-12 RT-23","O-8","HS","SB",""
"1497","2026","Feb",2026-02-11,"Chinook Salmon","late-fall","O-6","HS","MRD, AK","69",64.5,172,"D960",2026-02-05,"2:46",166,"1:26",86,"2:24",144,"","RT-23","2026-02-12 RT-23","O-8","HS","SB",""
"1498","2026","Feb",2026-02-11,"Chinook Salmon","late-fall","O-6","HS","MRD, AK","70",46.7,154,"D784",2026-02-05,"2:32",152,"1:09",69,"1:44",104,"","RT-23","2026-02-12 RT-23","O-8","HS","SB",""
"1499","2026","Feb",2026-02-11,"Chinook Salmon","late-fall","O-6","HS","MRD, AK","71",88.7,190,"CFBA",2026-02-05,"2:54",174,"1:15",75,"2:18",138,"","RT-24","2026-02-12 RT-24","O-8","HS","SB",""
"1500","2026","Feb",2026-02-11,"Chinook Salmon","late-fall","O-6","HS","MRD, AK","72",79.9,180,"DB60",2026-02-05,"3:00",180,"1:24",84,"3:37",217,"crooked incision","RT-24","2026-02-12 RT-24","O-8","HS","SB",""
"1501","2026","Feb",2026-02-11,"Chinook Salmon","late-fall","O-6","HS","MRD, AK","73",96.1,190,"D0D0",2026-02-05,"4:03",243,"1:13",73,"4:04",244,"","RT-24","2026-02-12 RT-24","O-8","HS","SB",""
"1502","2026","Feb",2026-02-11,"Chinook Salmon","late-fall","O-6","HS","MRD, AK","74",37.8,146,"DB30",2026-02-05,"2:40",160,"1:19",79,"3:12",192,"jumped","RT-24","2026-02-12 RT-24","O-8","HS","SB",""
"1503","2026","Feb",2026-02-11,"Chinook Salmon","late-fall","O-6","HS","MRD, AK","75",85.4,184,"DA1C",2026-02-05,"3:21",201,"1:37",97,"3:15",195,"","RT-24","2026-02-12 RT-24","O-8","HS","SB",""
"1504","2026","Feb",2026-02-11,"Chinook Salmon","late-fall","O-6","HS","MRD, AK","76",60.3,170,"D97E",2026-02-05,"3:51",231,"1:32",92,"2:43",163,"","RT-24","2026-02-12 RT-24","O-8","HS","SB",""
"1505","2026","Feb",2026-02-11,"Chinook Salmon","late-fall","O-6","HS","MRD, AK","77",60.7,170,"D9DE",2026-02-05,"3:39",219,"1:18",78,"4:24",264,"","RT-24","2026-02-12 RT-24","O-8","HS","SB",""
"1506","2026","Feb",2026-02-11,"Chinook Salmon","late-fall","O-6","HS","MRD, AK","78",75.4,179,"D740",2026-02-05,"2:58",178,"0:56",56,"3:15",195,"","RT-24","2026-02-12 RT-24","O-8","HS","SB",""
"1507","2026","Feb",2026-02-11,"Chinook Salmon","late-fall","O-6","HS","MRD, AK","79",66.3,170,"D98C",2026-02-05,"2:32",152,"0:55",55,"4:18",258,"","RT-24","2026-02-12 RT-24","O-8","HS","SB",""
"1508","2026","Feb",2026-02-11,"Chinook Salmon","late-fall","O-6","HS","MRD, AK","80",61.6,168,"D068",2026-02-05,"2:55",175,"1:09",69,"2:15",135,"dead tag, new tag code is D068 (original was D7CC)","RT-24","2026-02-12 RT-24","O-8","HS","SB",""
"1509","2026","Feb",2026-02-11,"Chinook Salmon","late-fall","O-6","HS","AC, AK","D1",66.1,174,"23A9",2026-02-05,"4:02",242,"1:12",72,"4:01",241,"",NA,NA,"I-2","HS","SB",""
"1510","2026","Feb",2026-02-11,"Chinook Salmon","late-fall","O-6","HS","MRD, AK","D2",116,207,"9715",2026-02-05,"3:38",218,"1:17",77,"2:15",135,"",NA,NA,"I-2","HS","SB",""
"1511","2026","Feb",2026-02-11,"Chinook Salmon","late-fall","O-6","HS","MRD, AK","D3",53.4,162,"1D28",2026-02-05,"3:11",191,"1:02",62,"3:13",193,"",NA,NA,"I-2","HS","SB",""
"1512","2026","Feb",2026-02-11,"Chinook Salmon","late-fall","O-6","HS","MRD, AK","D4",62.9,173,"153E",2026-02-05,"2:56",176,"1:00",60,"3:11",191,"",NA,NA,"I-2","HS","SB",""
